--------- beginning of main
08-07 19:43:28.706 22415 22506 D ReactNativeJS: [RevenueCat] ℹ️ App backgrounded
08-07 19:43:28.733 22415 22506 D ReactNativeJS: [RevenueCat] ℹ️ No subscriber attributes to synchronize.
08-07 19:43:30.234 22415 22506 D ReactNativeJS: [RevenueCat] ℹ️ App foregrounded
08-07 19:43:30.236 22415 22506 D ReactNativeJS: [RevenueCat] ℹ️ Checking if cache is stale AppInBackground false
08-07 19:43:30.238 22415 22506 D ReactNativeJS: [RevenueCat] ℹ️ Checking if cache is stale AppInBackground false
08-07 19:43:30.241 22415 22506 D ReactNativeJS: [RevenueCat] ℹ️ Updating pending purchase queue
08-07 19:43:30.245 22415 22506 D ReactNativeJS: [RevenueCat] ℹ️ No subscriber attributes to synchronize.
08-07 19:43:30.250 22415 22506 D ReactNativeJS: [RevenueCat] ℹ️ Querying purchases
08-07 19:43:30.298 22415 22506 D ReactNativeJS: [RevenueCat] Retrieving customer info with policy: CACHED_OR_FETCHED
08-07 19:43:30.301 22415 22506 D ReactNativeJS: [RevenueCat] ℹ️ Vending CustomerInfo from cache.
08-07 19:43:30.304 22415 22506 D ReactNativeJS: [RevenueCat] ℹ️ Checking if cache is stale AppInBackground false
08-07 19:43:30.354 22415 22506 D ReactNativeJS: [RevenueCat] ℹ️ Purchase of type INAPP with hash +kORLy46FojrPu9U/FL3iTpN9E4=
08-07 19:43:30.358 22415 22506 D ReactNativeJS: [RevenueCat] ℹ️ Cleaning previously sent tokens
08-07 19:43:30.362 22415 22506 D ReactNativeJS: [RevenueCat] ℹ️ Tokens already posted: [+kORLy46FojrPu9U/FL3iTpN9E4=]
08-07 19:43:30.365 22415 22506 D ReactNativeJS: [RevenueCat] ℹ️ Saving tokens [+kORLy46FojrPu9U/FL3iTpN9E4=]
08-07 19:43:30.367 22415 22506 D ReactNativeJS: [RevenueCat] ℹ️ Tokens already posted: [+kORLy46FojrPu9U/FL3iTpN9E4=]
08-07 19:43:30.369 22415 22506 D ReactNativeJS: [RevenueCat] ℹ️ No pending purchases to sync
08-07 19:43:30.373 22415 22506 D ReactNativeJS: [RevenueCat] ℹ️ Vending Offerings from cache
08-07 19:43:30.375 22415 22506 D ReactNativeJS: [RevenueCat] ℹ️ Checking if cache is stale AppInBackground false
08-07 19:43:31.839 22415 22506 W ReactNativeJS: InteractionManager has been deprecated and will be removed in a future release. Please refactor long tasks into smaller ones, and  use 'requestIdleCallback' instead.
08-07 19:43:32.531 22415 22506 I ReactNativeJS: [rowprobe] inner recentlyAdded h=220.00003051757812
08-07 19:43:32.535 22415 22506 I ReactNativeJS: [rowprobe] inner Agatha Christie h=220
08-07 19:43:32.538 22415 22506 I ReactNativeJS: [rowprobe] item yB7k2ZM5to9KdBLG h=212.00003051757812
08-07 19:43:32.540 22415 22506 I ReactNativeJS: [rowprobe] item yB7k2ZM5to9KdBLG h=212
08-07 19:43:32.995 22415 22506 I ReactNativeJS: [rowprobe] inner recentlyAdded h=220.00001525878906
08-07 19:43:32.997 22415 22506 I ReactNativeJS: [rowprobe] item yB7k2ZM5to9KdBLG h=212.00001525878906
08-07 19:43:32.999 22415 22506 I ReactNativeJS: [rowprobe] item haRMRlGoyyDlmOEh h=212.00001525878906
08-07 19:43:33.001 22415 22506 I ReactNativeJS: [rowprobe] inner Andy Weir h=220
08-07 19:43:33.004 22415 22506 I ReactNativeJS: [rowprobe] item haRMRlGoyyDlmOEh h=212
08-07 19:43:33.431 22415 22506 I ReactNativeJS: [rowprobe] item W1uKnSeYWqMVelBd h=212.00001525878906
08-07 19:43:33.434 22415 22506 I ReactNativeJS: [rowprobe] item W1uKnSeYWqMVelBd h=212
08-07 19:43:33.814 22415 22506 I ReactNativeJS: [rowprobe] item lNHLkNg5FhLOiIp1 h=212.00001525878906
08-07 19:43:33.817 22415 22506 I ReactNativeJS: [rowprobe] item lNHLkNg5FhLOiIp1 h=212
08-07 19:43:36.490 22415 22506 I ReactNativeJS: [rowprobe] inner Ben Aaronovitch h=220
08-07 19:43:36.493 22415 22506 I ReactNativeJS: [rowprobe] item HYG4BifMtbFqQQjG h=212
08-07 19:43:36.650 22415 22506 I ReactNativeJS: [rowprobe] item lCkiazfIkZ1mR75g h=212
08-07 19:43:36.807 22415 22506 I ReactNativeJS: [rowprobe] item InRHpcT0r8OmHPkt h=212
08-07 19:43:36.979 22415 22506 I ReactNativeJS: [rowprobe] item HfTrPgOy707tixgR h=212
08-07 19:43:49.410 22415 22506 I ReactNativeJS: [rowprobe] item ehO8OviTwvDtAmJb h=212.00001525878906
08-07 19:43:49.418 22415 22506 I ReactNativeJS: [rowprobe] item eC6sb5wubNtZ0yKz h=212.00001525878906
08-07 19:43:49.420 22415 22506 I ReactNativeJS: [rowprobe] item ve5R5eSi3KztWbaZ h=212.00001525878906
08-07 19:43:49.422 22415 22506 I ReactNativeJS: [rowprobe] item fBUaVdMX2QGczDvK h=212.00001525878906
08-07 19:43:50.013 22415 22506 I ReactNativeJS: [rowprobe] item i2dPwJB7dQWAxVYz h=212.00001525878906
08-07 19:43:50.015 22415 22506 I ReactNativeJS: [rowprobe] item eC6sb5wubNtZ0yKz h=212.00001525878906
08-07 19:43:50.018 22415 22506 I ReactNativeJS: [rowprobe] item ve5R5eSi3KztWbaZ h=212.00001525878906
08-07 19:43:50.020 22415 22506 I ReactNativeJS: [rowprobe] item TcJ7Lg3u7nNJfZKP h=212.00001525878906
08-07 19:43:50.481 22415 22506 I ReactNativeJS: [rowprobe] item i2dPwJB7dQWAxVYz h=212.00001525878906
08-07 19:43:50.486 22415 22506 I ReactNativeJS: [rowprobe] item ehO8OviTwvDtAmJb h=212.00001525878906
08-07 19:43:50.488 22415 22506 I ReactNativeJS: [rowprobe] item eC6sb5wubNtZ0yKz h=212.00001525878906
08-07 19:43:50.494 22415 22506 I ReactNativeJS: [rowprobe] item TcJ7Lg3u7nNJfZKP h=212.00001525878906
08-07 19:43:51.180 22415 22506 I ReactNativeJS: [rowprobe] item 8iXAdK8K2f7eKpvU h=212.00001525878906
08-07 19:43:51.183 22415 22506 I ReactNativeJS: [rowprobe] item ehO8OviTwvDtAmJb h=212.00001525878906
08-07 19:43:51.186 22415 22506 I ReactNativeJS: [rowprobe] item eC6sb5wubNtZ0yKz h=212.00001525878906
08-07 19:43:51.189 22415 22506 I ReactNativeJS: [rowprobe] item TcJ7Lg3u7nNJfZKP h=212.00001525878906
08-07 19:43:51.681 22415 22506 I ReactNativeJS: [rowprobe] item ehO8OviTwvDtAmJb h=212.00001525878906
08-07 19:43:51.684 22415 22506 I ReactNativeJS: [rowprobe] item wRpyQi44XhSvaZ1l h=212.00001525878906
08-07 19:43:51.692 22415 22506 I ReactNativeJS: [rowprobe] item TcJ7Lg3u7nNJfZKP h=212.00001525878906
08-07 19:43:52.134 22415 22506 I ReactNativeJS: [rowprobe] item 8iXAdK8K2f7eKpvU h=212.00001525878906
08-07 19:43:52.139 22415 22506 I ReactNativeJS: [rowprobe] item 7fXfylzV9HJMA1Mo h=212.00001525878906
08-07 19:43:52.141 22415 22506 I ReactNativeJS: [rowprobe] item DC5DCMIj8Q7uejv8 h=212.00001525878906
08-07 19:43:52.144 22415 22506 I ReactNativeJS: [rowprobe] item TcJ7Lg3u7nNJfZKP h=212.00001525878906
08-07 19:43:52.146 22415 22506 I ReactNativeJS: [rowprobe] item wRpyQi44XhSvaZ1l h=212.00001525878906
08-07 19:43:52.356 22415 22506 I ReactNativeJS: [rowprobe] item 8iXAdK8K2f7eKpvU h=212.00001525878906
08-07 19:43:52.359 22415 22506 I ReactNativeJS: [rowprobe] item wRpyQi44XhSvaZ1l h=212.00001525878906
08-07 19:43:52.361 22415 22506 I ReactNativeJS: [rowprobe] item lflASU3qjKHciAIl h=212.00001525878906
08-07 19:43:52.363 22415 22506 I ReactNativeJS: [rowprobe] item 7fXfylzV9HJMA1Mo h=212.00001525878906
08-07 19:43:52.740 22415 22506 I ReactNativeJS: [rowprobe] item 8iXAdK8K2f7eKpvU h=212.00001525878906
08-07 19:43:52.744 22415 22506 I ReactNativeJS: [rowprobe] item 7fXfylzV9HJMA1Mo h=212.00001525878906
08-07 19:43:52.747 22415 22506 I ReactNativeJS: [rowprobe] item wRpyQi44XhSvaZ1l h=212.00001525878906
08-07 19:43:52.749 22415 22506 I ReactNativeJS: [rowprobe] item QKKhPsyg96JbBzX0 h=212.00001525878906
08-07 19:43:52.751 22415 22506 I ReactNativeJS: [rowprobe] item DC5DCMIj8Q7uejv8 h=212.00001525878906
08-07 19:43:53.412 22415 22506 I ReactNativeJS: [rowprobe] item 7fXfylzV9HJMA1Mo h=212.00001525878906
08-07 19:43:53.415 22415 22506 I ReactNativeJS: [rowprobe] item wRpyQi44XhSvaZ1l h=212.00001525878906
08-07 19:43:53.418 22415 22506 I ReactNativeJS: [rowprobe] item QKKhPsyg96JbBzX0 h=212.00001525878906
08-07 19:43:53.829 22415 22506 I ReactNativeJS: [rowprobe] item GQMNqJD1DniRHIBt h=212.00001525878906
08-07 19:43:53.831 22415 22506 I ReactNativeJS: [rowprobe] item 7fXfylzV9HJMA1Mo h=212.00001525878906
08-07 19:43:53.833 22415 22506 I ReactNativeJS: [rowprobe] item wRpyQi44XhSvaZ1l h=212.00001525878906
08-07 19:43:53.835 22415 22506 I ReactNativeJS: [rowprobe] item lflASU3qjKHciAIl h=212.00001525878906
08-07 19:43:54.097 22415 22506 I ReactNativeJS: [rowprobe] item EvDp6IsnbpJa1YA6 h=212.00001525878906
08-07 19:43:54.101 22415 22506 I ReactNativeJS: [rowprobe] item 7fXfylzV9HJMA1Mo h=212.00001525878906
08-07 19:43:54.104 22415 22506 I ReactNativeJS: [rowprobe] item lflASU3qjKHciAIl h=212.00001525878906
08-07 19:43:54.106 22415 22506 I ReactNativeJS: [rowprobe] item QKKhPsyg96JbBzX0 h=212.00001525878906
08-07 19:43:54.274 22415 22506 I ReactNativeJS: [rowprobe] item ZpYJAz1wvg3yVxUg h=212.00001525878906
08-07 19:43:54.276 22415 22506 I ReactNativeJS: [rowprobe] item QKKhPsyg96JbBzX0 h=212.00001525878906
08-07 19:43:54.556 22415 22506 I ReactNativeJS: [rowprobe] item 2ZRwaJcLZCzK0JlZ h=212.00001525878906
08-07 19:43:54.558 22415 22506 I ReactNativeJS: [rowprobe] item QKKhPsyg96JbBzX0 h=212.00001525878906
08-07 19:43:54.864 22415 22506 I ReactNativeJS: [rowprobe] item 8uHjxDRaSruwF6PM h=212.00001525878906
08-07 19:43:55.150 22415 22506 I ReactNativeJS: [rowprobe] item SSVahl5BJuJjemn7 h=212.00001525878906
08-07 19:43:55.152 22415 22506 I ReactNativeJS: [rowprobe] item GQMNqJD1DniRHIBt h=212.00001525878906
08-07 19:43:55.691 22415 22506 I ReactNativeJS: [rowprobe] item gzOssVIT6SeRzd3I h=212.00001525878906
08-07 19:43:57.873 22415 22506 I ReactNativeJS: [rowprobe] item ktRng0jDaMs6SgHM h=212.00001525878906
08-07 19:43:57.876 22415 22506 I ReactNativeJS: [rowprobe] item 800D0ofBf3o0RAeB h=212.00001525878906
08-07 19:43:57.877 22415 22506 I ReactNativeJS: [rowprobe] item UzV4XxRRypm9pnMt h=212.00001525878906
08-07 19:43:57.879 22415 22506 I ReactNativeJS: [rowprobe] item 0huhT519V7p1k6ND h=212.00001525878906
08-07 19:43:58.013 22415 22506 I ReactNativeJS: [rowprobe] item UzV4XxRRypm9pnMt h=212.00001525878906
08-07 19:43:58.015 22415 22506 I ReactNativeJS: [rowprobe] item gyWM7sUL67o5Sap1 h=212.00001525878906
08-07 19:43:58.019 22415 22506 I ReactNativeJS: [rowprobe] item ktRng0jDaMs6SgHM h=212.00001525878906
08-07 19:43:58.221 22415 22506 I ReactNativeJS: [rowprobe] item UVUP1HhBHHoabyWG h=212.00001525878906
08-07 19:43:58.224 22415 22506 I ReactNativeJS: [rowprobe] item ktRng0jDaMs6SgHM h=212.00001525878906
08-07 19:43:58.377 22415 22506 I ReactNativeJS: [rowprobe] item AAg7WFWsvlbHFzAb h=212.00001525878906
08-07 19:43:58.379 22415 22506 I ReactNativeJS: [rowprobe] item ktRng0jDaMs6SgHM h=212.00001525878906
08-07 19:43:58.521 22415 22506 I ReactNativeJS: [rowprobe] item ktRng0jDaMs6SgHM h=212.00001525878906
08-07 19:43:58.954 22415 22506 I ReactNativeJS: [rowprobe] item YT6QPkIm2pMcj4vh h=212.00001525878906
08-07 19:43:58.956 22415 22506 I ReactNativeJS: [rowprobe] item AAg7WFWsvlbHFzAb h=212.00001525878906
08-07 19:43:58.959 22415 22506 I ReactNativeJS: [rowprobe] item vUHlLVv8V96MCUk9 h=212.00001525878906
08-07 19:43:58.961 22415 22506 I ReactNativeJS: [rowprobe] item kk2Xr4EnUIUdlz85 h=212.00001525878906
08-07 19:43:58.962 22415 22506 I ReactNativeJS: [rowprobe] item q5u62GwxSx6FV6Ov h=212.00001525878906
08-07 19:43:59.094 22415 22506 I ReactNativeJS: [rowprobe] item YT6QPkIm2pMcj4vh h=212.00001525878906
08-07 19:43:59.583 22415 22506 I ReactNativeJS: [rowprobe] item Mbmje2jCS3USi5Uu h=212.00001525878906
08-07 19:43:59.587 22415 22506 I ReactNativeJS: [rowprobe] item YT6QPkIm2pMcj4vh h=212.00001525878906
08-07 19:43:59.590 22415 22506 I ReactNativeJS: [rowprobe] item sz1czUAW9QhY8HLb h=212.00001525878906
08-07 19:44:00.406 22415 22506 I ReactNativeJS: [rowprobe] item OO8yJfHX7GOGaENK h=212.00001525878906
08-07 19:44:00.410 22415 22506 I ReactNativeJS: [rowprobe] item vUHlLVv8V96MCUk9 h=212.00001525878906
08-07 19:44:00.412 22415 22506 I ReactNativeJS: [rowprobe] item sz1czUAW9QhY8HLb h=212.00001525878906
08-07 19:44:00.414 22415 22506 I ReactNativeJS: [rowprobe] item q5u62GwxSx6FV6Ov h=212.00001525878906
08-07 19:44:00.756 22415 22506 I ReactNativeJS: [rowprobe] item kk2Xr4EnUIUdlz85 h=212.00001525878906
08-07 19:44:00.761 22415 22506 I ReactNativeJS: [rowprobe] item q5u62GwxSx6FV6Ov h=212.00001525878906
08-07 19:44:00.763 22415 22506 I ReactNativeJS: [rowprobe] item vUHlLVv8V96MCUk9 h=212.00001525878906
08-07 19:44:00.765 22415 22506 I ReactNativeJS: [rowprobe] item OO8yJfHX7GOGaENK h=212.00001525878906
08-07 19:44:01.404 22415 22506 I ReactNativeJS: [rowprobe] item Mbmje2jCS3USi5Uu h=212.00001525878906
08-07 19:44:01.407 22415 22506 I ReactNativeJS: [rowprobe] item kk2Xr4EnUIUdlz85 h=212.00001525878906
08-07 19:44:01.410 22415 22506 I ReactNativeJS: [rowprobe] item 1a3djSMAVVWIF4yQ h=212.00001525878906
08-07 19:44:02.060 22415 22506 I ReactNativeJS: [rowprobe] item 7Fs7ybkU3l5RUmhl h=212.00001525878906
08-07 19:44:02.065 22415 22506 I ReactNativeJS: [rowprobe] item OO8yJfHX7GOGaENK h=212.00001525878906
08-07 19:44:02.067 22415 22506 I ReactNativeJS: [rowprobe] item 1a3djSMAVVWIF4yQ h=212.00001525878906
08-07 19:44:02.510 22415 22506 I ReactNativeJS: [rowprobe] item OO8yJfHX7GOGaENK h=212.00001525878906
08-07 19:44:02.514 22415 22506 I ReactNativeJS: [rowprobe] item 1a3djSMAVVWIF4yQ h=212.00001525878906
08-07 19:44:02.516 22415 22506 I ReactNativeJS: [rowprobe] item 7Fs7ybkU3l5RUmhl h=212.00001525878906
08-07 19:44:02.938 22415 22506 I ReactNativeJS: [rowprobe] item bsBYhyr4ndNrOA8S h=212.00001525878906
08-07 19:44:02.940 22415 22506 I ReactNativeJS: [rowprobe] item 1a3djSMAVVWIF4yQ h=212.00001525878906
08-07 19:44:02.942 22415 22506 I ReactNativeJS: [rowprobe] item OO8yJfHX7GOGaENK h=212.00001525878906
08-07 19:44:03.363 22415 22506 I ReactNativeJS: [rowprobe] item 1a3djSMAVVWIF4yQ h=212.00001525878906
08-07 19:44:03.365 22415 22506 I ReactNativeJS: [rowprobe] item bhzJGQTnHNB4vbUB h=212.00001525878906
08-07 19:44:03.367 22415 22506 I ReactNativeJS: [rowprobe] item 7Fs7ybkU3l5RUmhl h=212.00001525878906
08-07 19:44:03.807 22415 22506 I ReactNativeJS: [rowprobe] item HsUynPaJU3shWSwW h=212.00001525878906
08-07 19:44:03.810 22415 22506 I ReactNativeJS: [rowprobe] item 1a3djSMAVVWIF4yQ h=212.00001525878906
08-07 19:44:03.812 22415 22506 I ReactNativeJS: [rowprobe] item 7Fs7ybkU3l5RUmhl h=212.00001525878906
08-07 19:44:04.238 22415 22506 I ReactNativeJS: [rowprobe] item SSoEAmNovHwE53ds h=212.00001525878906
08-07 19:44:04.241 22415 22506 I ReactNativeJS: [rowprobe] item 7Fs7ybkU3l5RUmhl h=212.00001525878906
08-07 19:44:05.559 22415 22506 I ReactNativeJS: [rowprobe] item bsBYhyr4ndNrOA8S h=212.00001525878906
08-07 19:44:23.246 22415 22506 I ReactNativeJS: [rowprobe] item 8PCujJjz5GvR7QPE h=212.00001525878906
08-07 19:44:23.248 22415 22506 I ReactNativeJS: [rowprobe] item ITWhFBIoTQWNX6Qd h=212.00001525878906
08-07 19:44:23.684 22415 22506 I ReactNativeJS: [rowprobe] item ITWhFBIoTQWNX6Qd h=212.00001525878906
08-07 19:44:23.687 22415 22506 I ReactNativeJS: [rowprobe] item 8PCujJjz5GvR7QPE h=212.00001525878906
08-07 19:44:24.100 22415 22506 I ReactNativeJS: [rowprobe] item 8PCujJjz5GvR7QPE h=212.00001525878906
08-07 19:44:25.088 22415 22506 I ReactNativeJS: [rowprobe] item fwOenYHszwJqWtrI h=212.00001525878906
08-07 19:44:25.090 22415 22506 I ReactNativeJS: [rowprobe] item 8PCujJjz5GvR7QPE h=212.00001525878906
08-07 19:44:26.284 22415 22506 I ReactNativeJS: [rowprobe] item 5jmoRUxe9r0xFNh2 h=212.00001525878906
08-07 19:44:35.043 22415 22506 I ReactNativeJS: [rowprobe] item GDRL2pAHPLwZSxkg h=212.00001525878906
08-07 19:44:35.842 22415 22506 I ReactNativeJS: [rowprobe] item GDRL2pAHPLwZSxkg h=212.00001525878906
08-07 19:44:36.481 22415 22506 I ReactNativeJS: [rowprobe] item GDRL2pAHPLwZSxkg h=212.00001525878906
08-07 19:44:37.875 22415 22506 I ReactNativeJS: [rowprobe] item wptdK5moUtSRFjED h=212.00001525878906
08-07 19:44:37.878 22415 22506 I ReactNativeJS: [rowprobe] item GDRL2pAHPLwZSxkg h=212.00001525878906
08-07 19:44:38.273 22415 22506 I ReactNativeJS: [rowprobe] item DupYhe4mtgGxa8pR h=212.00001525878906
08-07 19:44:41.645 22415 22506 I ReactNativeJS: [rowprobe] item SEMGYcve281z4wG8 h=212.00001525878906
08-07 19:44:41.647 22415 22506 I ReactNativeJS: [rowprobe] item XxzoeHVk1q6y5Rrd h=212.00001525878906
08-07 19:44:41.958 22415 22506 I ReactNativeJS: [rowprobe] item XxzoeHVk1q6y5Rrd h=212.00001525878906
08-07 19:44:41.961 22415 22506 I ReactNativeJS: [rowprobe] item pK5nAN8YQLAaJzX7 h=212.00001525878906
08-07 19:44:41.963 22415 22506 I ReactNativeJS: [rowprobe] item a7XTJXQeYfa7oLAl h=212.00001525878906
08-07 19:44:41.965 22415 22506 I ReactNativeJS: [rowprobe] item YuNGUCzHtTgKZhhz h=212.00001525878906
08-07 19:44:42.265 22415 22506 I ReactNativeJS: [rowprobe] item qenA6oWJJOGy2KS9 h=212.00001525878906
08-07 19:44:42.267 22415 22506 I ReactNativeJS: [rowprobe] item pK5nAN8YQLAaJzX7 h=212.00001525878906
08-07 19:44:42.269 22415 22506 I ReactNativeJS: [rowprobe] item YuNGUCzHtTgKZhhz h=212.00001525878906
08-07 19:44:42.271 22415 22506 I ReactNativeJS: [rowprobe] item SEMGYcve281z4wG8 h=212.00001525878906
08-07 19:44:42.491 22415 22506 I ReactNativeJS: [rowprobe] item a7XTJXQeYfa7oLAl h=212.00001525878906
08-07 19:44:42.494 22415 22506 I ReactNativeJS: [rowprobe] item qenA6oWJJOGy2KS9 h=212.00001525878906
08-07 19:44:42.817 22415 22506 I ReactNativeJS: [rowprobe] item SEMGYcve281z4wG8 h=212.00001525878906
08-07 19:44:42.822 22415 22506 I ReactNativeJS: [rowprobe] item a7XTJXQeYfa7oLAl h=212.00001525878906
08-07 19:44:43.438 22415 22506 I ReactNativeJS: [rowprobe] item OjZEhHt42mYE3F5D h=212.00001525878906
08-07 19:44:43.442 22415 22506 I ReactNativeJS: [rowprobe] item a7XTJXQeYfa7oLAl h=212.00001525878906
08-07 19:44:43.443 22415 22506 I ReactNativeJS: [rowprobe] item SEMGYcve281z4wG8 h=212.00001525878906
08-07 19:44:43.445 22415 22506 I ReactNativeJS: [rowprobe] item qenA6oWJJOGy2KS9 h=212.00001525878906
08-07 19:44:43.611 22415 22506 I ReactNativeJS: [rowprobe] item qenA6oWJJOGy2KS9 h=212.00001525878906
08-07 19:44:43.613 22415 22506 I ReactNativeJS: [rowprobe] item GGmkNQulnOZQBwIJ h=212.00001525878906
08-07 19:44:43.615 22415 22506 I ReactNativeJS: [rowprobe] item a7XTJXQeYfa7oLAl h=212.00001525878906
08-07 19:44:43.802 22415 22506 I ReactNativeJS: [rowprobe] item yISae3HnUePJv29j h=212.00001525878906
08-07 19:44:43.803 22415 22506 I ReactNativeJS: [rowprobe] item qenA6oWJJOGy2KS9 h=212.00001525878906
08-07 19:44:43.806 22415 22506 I ReactNativeJS: [rowprobe] item WQ2zBF9EjzBIEPhd h=212.00001525878906
08-07 19:44:44.423 22415 22506 I ReactNativeJS: [rowprobe] item A1peHCC9aqarMQVR h=212.00001525878906
08-07 19:44:53.900 22415 22506 I ReactNativeJS: [rowprobe] item 0kcEWgXIzZKNRCcJ h=212.00001525878906
08-07 19:44:53.903 22415 22506 I ReactNativeJS: [rowprobe] item 225z5frI44VnujOR h=212.00001525878906
08-07 19:44:53.906 22415 22506 I ReactNativeJS: [rowprobe] item jlRAxas6M25DVTrQ h=212.00001525878906
08-07 19:44:55.685 22415 22506 I ReactNativeJS: [rowprobe] item AYje4rXf4bULSCQb h=212.00001525878906
08-07 19:44:55.690 22415 22506 I ReactNativeJS: [rowprobe] item 225z5frI44VnujOR h=212.00001525878906
08-07 19:44:55.692 22415 22506 I ReactNativeJS: [rowprobe] item ewjyewIws7wVHoql h=212.00001525878906
08-07 19:44:55.694 22415 22506 I ReactNativeJS: [rowprobe] item 0kcEWgXIzZKNRCcJ h=212.00001525878906
08-07 19:44:56.219 22415 22506 I ReactNativeJS: [rowprobe] item 0kcEWgXIzZKNRCcJ h=212.00001525878906
08-07 19:44:56.221 22415 22506 I ReactNativeJS: [rowprobe] item 225z5frI44VnujOR h=212.00001525878906
08-07 19:44:56.224 22415 22506 I ReactNativeJS: [rowprobe] item 8jF99ccpRKs998ru h=212.00001525878906
08-07 19:44:56.226 22415 22506 I ReactNativeJS: [rowprobe] item ewjyewIws7wVHoql h=212.00001525878906
08-07 19:44:56.441 22415 22506 I ReactNativeJS: [rowprobe] item 0kcEWgXIzZKNRCcJ h=212.00001525878906
08-07 19:44:56.444 22415 22506 I ReactNativeJS: [rowprobe] item ewjyewIws7wVHoql h=212.00001525878906
08-07 19:44:56.781 22415 22506 I ReactNativeJS: [rowprobe] item ewjyewIws7wVHoql h=212.00001525878906
08-07 19:44:57.054 22415 22506 I ReactNativeJS: [rowprobe] item FQCgvjqB1zDrIWYf h=212.00001525878906
08-07 19:44:57.056 22415 22506 I ReactNativeJS: [rowprobe] item 0kcEWgXIzZKNRCcJ h=212.00001525878906
08-07 19:44:57.548 22415 22506 I ReactNativeJS: [rowprobe] item UPVThXOZJ4ayk2Sp h=212.00001525878906
08-07 19:44:57.552 22415 22506 I ReactNativeJS: [rowprobe] item ewjyewIws7wVHoql h=212.00001525878906
08-07 19:44:57.877 22415 22506 I ReactNativeJS: [rowprobe] item RC6JBEECILA9rNqA h=212.00001525878906
08-07 19:44:58.089 22415 22506 I ReactNativeJS: [rowprobe] item V1fIHDg7W8kLGzpf h=212.00001525878906
08-07 19:45:01.267 22415 22506 I ReactNativeJS: [rowprobe] item sMoFuoItRcKqXxgX h=212.00001525878906
08-07 19:45:01.270 22415 22506 I ReactNativeJS: [rowprobe] item PytQc3hikPEq0vVL h=212.00001525878906
08-07 19:45:01.272 22415 22506 I ReactNativeJS: [rowprobe] item 1YGb1rurmNSExSbk h=212.00001525878906
08-07 19:45:01.636 22415 22506 I ReactNativeJS: [rowprobe] item lWusKs7tjZPKQ0lD h=212.00001525878906
08-07 19:45:01.639 22415 22506 I ReactNativeJS: [rowprobe] item 1YGb1rurmNSExSbk h=212.00001525878906
08-07 19:45:01.642 22415 22506 I ReactNativeJS: [rowprobe] item A7Qu2xSl9JBdPwGt h=212.00001525878906
08-07 19:45:01.645 22415 22506 I ReactNativeJS: [rowprobe] item sMoFuoItRcKqXxgX h=212.00001525878906
08-07 19:45:01.947 22415 22506 I ReactNativeJS: [rowprobe] item 1YGb1rurmNSExSbk h=212.00001525878906
08-07 19:45:01.950 22415 22506 I ReactNativeJS: [rowprobe] item RnVXNFA33vDwM0Qs h=212.00001525878906
08-07 19:45:01.952 22415 22506 I ReactNativeJS: [rowprobe] item sMoFuoItRcKqXxgX h=212.00001525878906
08-07 19:45:02.769 22415 22506 I ReactNativeJS: [rowprobe] item J7kM1shCj7wf8gNX h=212.00001525878906
08-07 19:45:02.772 22415 22506 I ReactNativeJS: [rowprobe] item sMoFuoItRcKqXxgX h=212.00001525878906
08-07 19:45:03.008 22415 22506 I ReactNativeJS: [rowprobe] item sMoFuoItRcKqXxgX h=212.00001525878906
08-07 19:45:04.489 22415 22506 I ReactNativeJS: [rowprobe] item X3W1kPrQKtf9KuuQ h=212.00001525878906
08-07 19:45:04.493 22415 22506 I ReactNativeJS: [rowprobe] item sMoFuoItRcKqXxgX h=212.00001525878906
08-07 19:45:04.854 22415 22506 I ReactNativeJS: [rowprobe] item bStRJlc1EMcT1CY0 h=212.00001525878906
08-07 19:45:04.856 22415 22506 I ReactNativeJS: [rowprobe] item lWusKs7tjZPKQ0lD h=212.00001525878906
08-07 19:45:04.860 22415 22506 I ReactNativeJS: [rowprobe] item J7kM1shCj7wf8gNX h=212.00001525878906
08-07 19:45:04.862 22415 22506 I ReactNativeJS: [rowprobe] item X3W1kPrQKtf9KuuQ h=212.00001525878906
08-07 19:45:06.681 22415 22506 I ReactNativeJS: [rowprobe] item J7kM1shCj7wf8gNX h=212.00001525878906
08-07 19:45:06.685 22415 22506 I ReactNativeJS: [rowprobe] item X3W1kPrQKtf9KuuQ h=212.00001525878906
08-07 19:45:06.688 22415 22506 I ReactNativeJS: [rowprobe] item UCihnpcavk8QGJgm h=212.00001525878906
08-07 19:45:06.691 22415 22506 I ReactNativeJS: [rowprobe] item bStRJlc1EMcT1CY0 h=212.00001525878906
08-07 19:45:07.671 22415 22506 I ReactNativeJS: [rowprobe] item bStRJlc1EMcT1CY0 h=212.00001525878906
08-07 19:45:07.674 22415 22506 I ReactNativeJS: [rowprobe] item rBmQ3do8TyJLUNOA h=212.00001525878906
08-07 19:45:07.676 22415 22506 I ReactNativeJS: [rowprobe] item X3W1kPrQKtf9KuuQ h=212.00001525878906
08-07 19:45:07.678 22415 22506 I ReactNativeJS: [rowprobe] item ENZTfrPDVDbknjJ1 h=212.00001525878906
08-07 19:45:07.680 22415 22506 I ReactNativeJS: [rowprobe] item UCihnpcavk8QGJgm h=212.00001525878906
08-07 19:45:08.165 22415 22506 I ReactNativeJS: [rowprobe] item bStRJlc1EMcT1CY0 h=212.00001525878906
08-07 19:45:08.686 22415 22506 I ReactNativeJS: [rowprobe] item MHHwwstNHQlTAsqC h=212.00001525878906
08-07 19:45:08.690 22415 22506 I ReactNativeJS: [rowprobe] item bStRJlc1EMcT1CY0 h=212.00001525878906
08-07 19:45:10.101 22415 22506 I ReactNativeJS: [rowprobe] item prGCKuOZQM887dwm h=212.00001525878906
08-07 19:45:19.810 22415 22506 I ReactNativeJS: [rowprobe] item a1ai6ywKMXzI5G8c h=212.00001525878906
08-07 19:45:19.814 22415 22506 I ReactNativeJS: [rowprobe] item 7w76IPSZUI1Opd0z h=212.00001525878906
08-07 19:45:20.268 22415 22506 I ReactNativeJS: [rowprobe] item 7w76IPSZUI1Opd0z h=212.00001525878906
08-07 19:45:20.270 22415 22506 I ReactNativeJS: [rowprobe] item Dx2rqESepsqim477 h=212.00001525878906
08-07 19:45:20.272 22415 22506 I ReactNativeJS: [rowprobe] item SnJsLswse1CkB0PR h=212.00001525878906
08-07 19:45:20.273 22415 22506 I ReactNativeJS: [rowprobe] item EbwqYit0alS4tpf8 h=212.00001525878906
08-07 19:45:20.746 22415 22506 I ReactNativeJS: [rowprobe] item a1ai6ywKMXzI5G8c h=212.00001525878906
08-07 19:45:20.748 22415 22506 I ReactNativeJS: [rowprobe] item yg3reznIwROr1OH1 h=212.00001525878906
08-07 19:45:20.749 22415 22506 I ReactNativeJS: [rowprobe] item EbwqYit0alS4tpf8 h=212.00001525878906
08-07 19:45:20.753 22415 22506 I ReactNativeJS: [rowprobe] item Dx2rqESepsqim477 h=212.00001525878906
08-07 19:45:21.167 22415 22506 I ReactNativeJS: [rowprobe] item a1ai6ywKMXzI5G8c h=212.00001525878906
08-07 19:45:21.169 22415 22506 I ReactNativeJS: [rowprobe] item qRVWegpG2XdxNfuB h=212.00001525878906
08-07 19:45:21.171 22415 22506 I ReactNativeJS: [rowprobe] item EbwqYit0alS4tpf8 h=212.00001525878906
08-07 19:45:21.172 22415 22506 I ReactNativeJS: [rowprobe] item SnJsLswse1CkB0PR h=212.00001525878906
08-07 19:45:21.334 22415 22506 I ReactNativeJS: [rowprobe] item yg3reznIwROr1OH1 h=212.00001525878906
08-07 19:45:21.337 22415 22506 I ReactNativeJS: [rowprobe] item EbwqYit0alS4tpf8 h=212.00001525878906
08-07 19:45:21.339 22415 22506 I ReactNativeJS: [rowprobe] item SnJsLswse1CkB0PR h=212.00001525878906
08-07 19:45:21.340 22415 22506 I ReactNativeJS: [rowprobe] item 95UZet84vN4Z4Gk6 h=212.00001525878906
08-07 19:45:21.342 22415 22506 I ReactNativeJS: [rowprobe] item a1ai6ywKMXzI5G8c h=212.00001525878906
08-07 19:45:21.864 22415 22506 I ReactNativeJS: [rowprobe] item a1ai6ywKMXzI5G8c h=212.00001525878906
08-07 19:45:21.867 22415 22506 I ReactNativeJS: [rowprobe] item yg3reznIwROr1OH1 h=212.00001525878906
08-07 19:45:21.870 22415 22506 I ReactNativeJS: [rowprobe] item qRVWegpG2XdxNfuB h=212.00001525878906
08-07 19:45:21.877 22415 22506 I ReactNativeJS: [rowprobe] item Qisdg9VI5Goc0b8K h=212.00001525878906
08-07 19:45:21.879 22415 22506 I ReactNativeJS: [rowprobe] item SnJsLswse1CkB0PR h=212.00001525878906
08-07 19:45:21.881 22415 22506 I ReactNativeJS: [rowprobe] item 95UZet84vN4Z4Gk6 h=212.00001525878906
08-07 19:45:22.543 22415 22506 I ReactNativeJS: [rowprobe] item Gyc9A1CmYfFHHZqN h=212.00001525878906
08-07 19:45:22.544 22415 22506 I ReactNativeJS: [rowprobe] item qRVWegpG2XdxNfuB h=212.00001525878906
08-07 19:45:22.546 22415 22506 I ReactNativeJS: [rowprobe] item SnJsLswse1CkB0PR h=212.00001525878906
08-07 19:45:22.548 22415 22506 I ReactNativeJS: [rowprobe] item 95UZet84vN4Z4Gk6 h=212.00001525878906
08-07 19:45:22.550 22415 22506 I ReactNativeJS: [rowprobe] item Qisdg9VI5Goc0b8K h=212.00001525878906
08-07 19:45:23.857 22415 22506 I ReactNativeJS: [rowprobe] item Qisdg9VI5Goc0b8K h=212.00001525878906
08-07 19:45:23.860 22415 22506 I ReactNativeJS: [rowprobe] item OGXp2oMBLGTzq8I2 h=212.00001525878906
08-07 19:45:23.863 22415 22506 I ReactNativeJS: [rowprobe] item 95UZet84vN4Z4Gk6 h=212.00001525878906
08-07 19:45:23.865 22415 22506 I ReactNativeJS: [rowprobe] item qRVWegpG2XdxNfuB h=212.00001525878906
08-07 19:45:24.311 22415 22506 I ReactNativeJS: [rowprobe] item Gyc9A1CmYfFHHZqN h=212.00001525878906
08-07 19:45:24.316 22415 22506 I ReactNativeJS: [rowprobe] item OMv7cD6pQQpC5OLH h=212.00001525878906
08-07 19:45:24.318 22415 22506 I ReactNativeJS: [rowprobe] item qRVWegpG2XdxNfuB h=212.00001525878906
08-07 19:45:24.320 22415 22506 I ReactNativeJS: [rowprobe] item Qisdg9VI5Goc0b8K h=212.00001525878906
08-07 19:45:24.322 22415 22506 I ReactNativeJS: [rowprobe] item 95UZet84vN4Z4Gk6 h=212.00001525878906
08-07 19:45:25.683 22415 22506 I ReactNativeJS: [rowprobe] item Gyc9A1CmYfFHHZqN h=212.00001525878906
08-07 19:45:25.687 22415 22506 I ReactNativeJS: [rowprobe] item 4q48gohEHyCVVFKF h=212.00001525878906
08-07 19:45:25.689 22415 22506 I ReactNativeJS: [rowprobe] item Qisdg9VI5Goc0b8K h=212.00001525878906
08-07 19:45:25.691 22415 22506 I ReactNativeJS: [rowprobe] item 95UZet84vN4Z4Gk6 h=212.00001525878906
08-07 19:45:25.693 22415 22506 I ReactNativeJS: [rowprobe] item OGXp2oMBLGTzq8I2 h=212.00001525878906
08-07 19:45:26.697 22415 22506 I ReactNativeJS: [rowprobe] item Qisdg9VI5Goc0b8K h=212.00001525878906
08-07 19:45:26.699 22415 22506 I ReactNativeJS: [rowprobe] item OGXp2oMBLGTzq8I2 h=212.00001525878906
08-07 19:45:26.701 22415 22506 I ReactNativeJS: [rowprobe] item Gyc9A1CmYfFHHZqN h=212.00001525878906
08-07 19:45:26.887 22415 22506 I ReactNativeJS: [rowprobe] item 1XZmUAOV0cmNugO0 h=212.00001525878906
08-07 19:45:26.889 22415 22506 I ReactNativeJS: [rowprobe] item OGXp2oMBLGTzq8I2 h=212.00001525878906
08-07 19:45:28.005 22415 22506 I ReactNativeJS: [rowprobe] item 4q48gohEHyCVVFKF h=212.00001525878906
08-07 19:45:32.827 22415 22506 I ReactNativeJS: [rowprobe] item ZEjWsQR4hC6Rg4SI h=212.00001525878906
08-07 19:45:33.259 22415 22506 I ReactNativeJS: [rowprobe] item VCRTaKwQcSZe2zDJ h=212.00001525878906
08-07 19:45:33.870 22415 22506 I ReactNativeJS: [rowprobe] item hOB6oyKnoT6gVb42 h=212.00001525878906
08-07 19:45:33.872 22415 22506 I ReactNativeJS: [rowprobe] item VCRTaKwQcSZe2zDJ h=212.00001525878906
08-07 19:45:34.458 22415 22506 I ReactNativeJS: [rowprobe] item vusIphg5SSAKPRNY h=212.00001525878906
08-07 19:45:34.460 22415 22506 I ReactNativeJS: [rowprobe] item hOB6oyKnoT6gVb42 h=212.00001525878906
08-07 19:45:34.462 22415 22506 I ReactNativeJS: [rowprobe] item VCRTaKwQcSZe2zDJ h=212.00001525878906
08-07 19:45:34.464 22415 22506 I ReactNativeJS: [rowprobe] item VdOTfZn495H0hQNg h=212.00001525878906
08-07 19:45:34.909 22415 22506 I ReactNativeJS: [rowprobe] item ZEjWsQR4hC6Rg4SI h=212.00001525878906
08-07 19:45:34.913 22415 22506 I ReactNativeJS: [rowprobe] item hOB6oyKnoT6gVb42 h=212.00001525878906
08-07 19:45:34.915 22415 22506 I ReactNativeJS: [rowprobe] item VdOTfZn495H0hQNg h=212.00001525878906
08-07 19:45:34.917 22415 22506 I ReactNativeJS: [rowprobe] item VCRTaKwQcSZe2zDJ h=212.00001525878906
08-07 19:45:34.920 22415 22506 I ReactNativeJS: [rowprobe] item vusIphg5SSAKPRNY h=212.00001525878906
08-07 19:45:35.418 22415 22506 I ReactNativeJS: [rowprobe] item vusIphg5SSAKPRNY h=212.00001525878906
08-07 19:45:35.420 22415 22506 I ReactNativeJS: [rowprobe] item ZEjWsQR4hC6Rg4SI h=212.00001525878906
08-07 19:45:35.422 22415 22506 I ReactNativeJS: [rowprobe] item VCRTaKwQcSZe2zDJ h=212.00001525878906
08-07 19:45:36.250 22415 22506 I ReactNativeJS: [rowprobe] item ixa1NQhNptSo2GE7 h=212.00001525878906
08-07 19:45:36.252 22415 22506 I ReactNativeJS: [rowprobe] item hOB6oyKnoT6gVb42 h=212.00001525878906
08-07 19:45:36.254 22415 22506 I ReactNativeJS: [rowprobe] item vusIphg5SSAKPRNY h=212.00001525878906
08-07 19:45:36.995 22415 22506 I ReactNativeJS: [rowprobe] item vusIphg5SSAKPRNY h=212.00001525878906
08-07 19:45:36.999 22415 22506 I ReactNativeJS: [rowprobe] item Yw5RHnPB6No2oOBl h=212.00001525878906
08-07 19:45:37.516 22415 22506 I ReactNativeJS: [rowprobe] item ebcpQGuvQqLoJy8L h=212.00001525878906
08-07 19:45:37.518 22415 22506 I ReactNativeJS: [rowprobe] item vusIphg5SSAKPRNY h=212.00001525878906
08-07 19:45:38.111 22415 22506 I ReactNativeJS: [rowprobe] item bENUZProep05ylTz h=212.00001525878906
08-07 19:46:01.267 22415 22506 I ReactNativeJS: [rowprobe] item ziZSYEw8gOjfZlPm h=212.00001525878906
08-07 19:46:01.806 22415 22506 I ReactNativeJS: [rowprobe] item UMnj1GKZcIXooPa5 h=212.00001525878906
08-07 19:46:02.387 22415 22506 I ReactNativeJS: [rowprobe] item ywwkd1I2hug532Oz h=212.00001525878906
08-07 19:46:02.895 22415 22506 I ReactNativeJS: [rowprobe] item 0ee08r4M27ftDgwn h=212.00001525878906
08-07 19:46:03.390 22415 22506 I ReactNativeJS: [rowprobe] item QP8BZz3Ew0XkfFTB h=212.00001525878906
08-07 19:46:03.979 22415 22506 I ReactNativeJS: [rowprobe] item U8exPVCcC8nf1obs h=212.00001525878906
08-07 19:46:03.982 22415 22506 I ReactNativeJS: [rowprobe] item nuKXuXp0I6xsSRNO h=212.00001525878906
08-07 19:46:04.589 22415 22506 I ReactNativeJS: [rowprobe] item O1c5s2uQkEgfLogJ h=212.00001525878906
08-07 19:46:05.136 22415 22506 I ReactNativeJS: [rowprobe] item l8YJPqCrnCkZbDme h=212.00001525878906
08-07 19:46:05.139 22415 22506 I ReactNativeJS: [rowprobe] item U8exPVCcC8nf1obs h=212.00001525878906
08-07 19:46:05.141 22415 22506 I ReactNativeJS: [rowprobe] item O1c5s2uQkEgfLogJ h=212.00001525878906
08-07 19:46:05.679 22415 22506 I ReactNativeJS: [rowprobe] item U8exPVCcC8nf1obs h=212.00001525878906
08-07 19:46:05.683 22415 22506 I ReactNativeJS: [rowprobe] item LMJwmrLEuB1t4fsw h=212.00001525878906
08-07 19:46:05.685 22415 22506 I ReactNativeJS: [rowprobe] item O1c5s2uQkEgfLogJ h=212.00001525878906
08-07 19:46:05.687 22415 22506 I ReactNativeJS: [rowprobe] item 0ee08r4M27ftDgwn h=212.00001525878906
08-07 19:46:06.274 22415 22506 I ReactNativeJS: [rowprobe] item Jj3l3yeduash5NGI h=212.00001525878906
08-07 19:46:06.276 22415 22506 I ReactNativeJS: [rowprobe] item l8YJPqCrnCkZbDme h=212.00001525878906
08-07 19:46:06.279 22415 22506 I ReactNativeJS: [rowprobe] item QP8BZz3Ew0XkfFTB h=212.00001525878906
08-07 19:46:06.281 22415 22506 I ReactNativeJS: [rowprobe] item 0ee08r4M27ftDgwn h=212.00001525878906
08-07 19:46:06.284 22415 22506 I ReactNativeJS: [rowprobe] item O1c5s2uQkEgfLogJ h=212.00001525878906
08-07 19:46:06.797 22415 22506 I ReactNativeJS: [rowprobe] item U8exPVCcC8nf1obs h=212.00001525878906
08-07 19:46:06.800 22415 22506 I ReactNativeJS: [rowprobe] item l8YJPqCrnCkZbDme h=212.00001525878906
08-07 19:46:06.803 22415 22506 I ReactNativeJS: [rowprobe] item QP8BZz3Ew0XkfFTB h=212.00001525878906
08-07 19:46:06.805 22415 22506 I ReactNativeJS: [rowprobe] item LMJwmrLEuB1t4fsw h=212.00001525878906
08-07 19:46:06.811 22415 22506 I ReactNativeJS: [rowprobe] item 7qaHxGHLKtIbh3EF h=212.00001525878906
08-07 19:46:07.273 22415 22506 I ReactNativeJS: [rowprobe] item Jj3l3yeduash5NGI h=212.00001525878906
08-07 19:46:07.277 22415 22506 I ReactNativeJS: [rowprobe] item U8exPVCcC8nf1obs h=212.00001525878906
08-07 19:46:07.280 22415 22506 I ReactNativeJS: [rowprobe] item HeSzza254JQpr8oh h=212.00001525878906
08-07 19:46:07.285 22415 22506 I ReactNativeJS: [rowprobe] item LMJwmrLEuB1t4fsw h=212.00001525878906
08-07 19:46:07.288 22415 22506 I ReactNativeJS: [rowprobe] item O1c5s2uQkEgfLogJ h=212.00001525878906
08-07 19:46:07.841 22415 22506 I ReactNativeJS: [rowprobe] item Jj3l3yeduash5NGI h=212.00001525878906
08-07 19:46:07.843 22415 22506 I ReactNativeJS: [rowprobe] item 7aFhWtpF9FhiUrIx h=212.00001525878906
08-07 19:46:07.845 22415 22506 I ReactNativeJS: [rowprobe] item l8YJPqCrnCkZbDme h=212.00001525878906
08-07 19:46:07.848 22415 22506 I ReactNativeJS: [rowprobe] item 7qaHxGHLKtIbh3EF h=212.00001525878906
08-07 19:46:07.854 22415 22506 I ReactNativeJS: [rowprobe] item O1c5s2uQkEgfLogJ h=212.00001525878906
08-07 19:46:08.350 22415 22506 I ReactNativeJS: [rowprobe] item Jj3l3yeduash5NGI h=212.00001525878906
08-07 19:46:08.352 22415 22506 I ReactNativeJS: [rowprobe] item l8YJPqCrnCkZbDme h=212.00001525878906
08-07 19:46:08.354 22415 22506 I ReactNativeJS: [rowprobe] item HeSzza254JQpr8oh h=212.00001525878906
08-07 19:46:08.356 22415 22506 I ReactNativeJS: [rowprobe] item LMJwmrLEuB1t4fsw h=212.00001525878906
08-07 19:46:08.358 22415 22506 I ReactNativeJS: [rowprobe] item 7qaHxGHLKtIbh3EF h=212.00001525878906
08-07 19:46:08.360 22415 22506 I ReactNativeJS: [rowprobe] item 9rZPKFTzST0d1N7u h=212.00001525878906
08-07 19:46:08.991 22415 22506 I ReactNativeJS: [rowprobe] item Jj3l3yeduash5NGI h=212.00001525878906
08-07 19:46:08.994 22415 22506 I ReactNativeJS: [rowprobe] item 7aFhWtpF9FhiUrIx h=212.00001525878906
08-07 19:46:08.997 22415 22506 I ReactNativeJS: [rowprobe] item kld7zqwSOqdFonlB h=212.00001525878906
08-07 19:46:09.006 22415 22506 I ReactNativeJS: [rowprobe] item HeSzza254JQpr8oh h=212.00001525878906
08-07 19:46:09.009 22415 22506 I ReactNativeJS: [rowprobe] item LMJwmrLEuB1t4fsw h=212.00001525878906
08-07 19:46:09.692 22415 22506 I ReactNativeJS: [rowprobe] item Jj3l3yeduash5NGI h=212.00001525878906
08-07 19:46:09.697 22415 22506 I ReactNativeJS: [rowprobe] item 7aFhWtpF9FhiUrIx h=212.00001525878906
08-07 19:46:09.700 22415 22506 I ReactNativeJS: [rowprobe] item HeSzza254JQpr8oh h=212.00001525878906
08-07 19:46:09.703 22415 22506 I ReactNativeJS: [rowprobe] item z7RbI7S4FyO2Kn6C h=212.00001525878906
08-07 19:46:09.705 22415 22506 I ReactNativeJS: [rowprobe] item 7qaHxGHLKtIbh3EF h=212.00001525878906
08-07 19:46:09.708 22415 22506 I ReactNativeJS: [rowprobe] item 9rZPKFTzST0d1N7u h=212.00001525878906
08-07 19:46:10.322 22415 22506 I ReactNativeJS: [rowprobe] item E2Y9Tbzmq02MAFZz h=212.00001525878906
08-07 19:46:10.325 22415 22506 I ReactNativeJS: [rowprobe] item 7aFhWtpF9FhiUrIx h=212.00001525878906
08-07 19:46:10.327 22415 22506 I ReactNativeJS: [rowprobe] item kld7zqwSOqdFonlB h=212.00001525878906
08-07 19:46:10.329 22415 22506 I ReactNativeJS: [rowprobe] item HeSzza254JQpr8oh h=212.00001525878906
08-07 19:46:10.331 22415 22506 I ReactNativeJS: [rowprobe] item 7qaHxGHLKtIbh3EF h=212.00001525878906
08-07 19:46:10.893 22415 22506 I ReactNativeJS: [rowprobe] item kld7zqwSOqdFonlB h=212.00001525878906
08-07 19:46:10.895 22415 22506 I ReactNativeJS: [rowprobe] item z7RbI7S4FyO2Kn6C h=212.00001525878906
08-07 19:46:10.899 22415 22506 I ReactNativeJS: [rowprobe] item PN7H3h6xPo4Bpcmm h=212.00001525878906
08-07 19:46:11.405 22415 22506 I ReactNativeJS: [rowprobe] item E2Y9Tbzmq02MAFZz h=212.00001525878906
08-07 19:46:11.408 22415 22506 I ReactNativeJS: [rowprobe] item rvtd2T5S2xplQXpA h=212.00001525878906
08-07 19:46:11.410 22415 22506 I ReactNativeJS: [rowprobe] item 9rZPKFTzST0d1N7u h=212.00001525878906
08-07 19:46:11.951 22415 22506 I ReactNativeJS: [rowprobe] item E2Y9Tbzmq02MAFZz h=212.00001525878906
08-07 19:46:11.953 22415 22506 I ReactNativeJS: [rowprobe] item lxvSlU4TeQZNvknw h=212.00001525878906
08-07 19:46:11.958 22415 22506 I ReactNativeJS: [rowprobe] item PN7H3h6xPo4Bpcmm h=212.00001525878906
08-07 19:46:11.961 22415 22506 I ReactNativeJS: [rowprobe] item 9rZPKFTzST0d1N7u h=212.00001525878906
08-07 19:46:11.965 22415 22506 I ReactNativeJS: [rowprobe] item rvtd2T5S2xplQXpA h=212.00001525878906
08-07 19:46:12.505 22415 22506 I ReactNativeJS: [rowprobe] item PN7H3h6xPo4Bpcmm h=212.00001525878906
08-07 19:46:12.508 22415 22506 I ReactNativeJS: [rowprobe] item 8adQxcysh4CK6ltB h=212.00001525878906
08-07 19:46:12.511 22415 22506 I ReactNativeJS: [rowprobe] item E2Y9Tbzmq02MAFZz h=212.00001525878906
08-07 19:46:12.513 22415 22506 I ReactNativeJS: [rowprobe] item lxvSlU4TeQZNvknw h=212.00001525878906
08-07 19:46:12.515 22415 22506 I ReactNativeJS: [rowprobe] item z7RbI7S4FyO2Kn6C h=212.00001525878906
08-07 19:46:13.178 22415 22506 I ReactNativeJS: [rowprobe] item E2Y9Tbzmq02MAFZz h=212.00001525878906
08-07 19:46:13.181 22415 22506 I ReactNativeJS: [rowprobe] item lxvSlU4TeQZNvknw h=212.00001525878906
08-07 19:46:13.183 22415 22506 I ReactNativeJS: [rowprobe] item pAjo0vjU989Qin8E h=212.00001525878906
08-07 19:46:13.185 22415 22506 I ReactNativeJS: [rowprobe] item z7RbI7S4FyO2Kn6C h=212.00001525878906
08-07 19:46:13.187 22415 22506 I ReactNativeJS: [rowprobe] item PN7H3h6xPo4Bpcmm h=212.00001525878906
08-07 19:46:13.190 22415 22506 I ReactNativeJS: [rowprobe] item 8adQxcysh4CK6ltB h=212.00001525878906
08-07 19:46:13.771 22415 22506 I ReactNativeJS: [rowprobe] item E2Y9Tbzmq02MAFZz h=212.00001525878906
08-07 19:46:13.775 22415 22506 I ReactNativeJS: [rowprobe] item lxvSlU4TeQZNvknw h=212.00001525878906
08-07 19:46:13.777 22415 22506 I ReactNativeJS: [rowprobe] item egAgV4Otwc4NXpiD h=212.00001525878906
08-07 19:46:13.779 22415 22506 I ReactNativeJS: [rowprobe] item PN7H3h6xPo4Bpcmm h=212.00001525878906
08-07 19:46:13.782 22415 22506 I ReactNativeJS: [rowprobe] item 8adQxcysh4CK6ltB h=212.00001525878906
08-07 19:46:14.163 22415 22506 I ReactNativeJS: [rowprobe] item RmzVGactbpcPNE25 h=212.00001525878906
08-07 19:46:14.166 22415 22506 I ReactNativeJS: [rowprobe] item pAjo0vjU989Qin8E h=212.00001525878906
08-07 19:46:14.168 22415 22506 I ReactNativeJS: [rowprobe] item rvtd2T5S2xplQXpA h=212.00001525878906
08-07 19:46:14.170 22415 22506 I ReactNativeJS: [rowprobe] item 8adQxcysh4CK6ltB h=212.00001525878906
08-07 19:46:14.816 22415 22506 I ReactNativeJS: [rowprobe] item lxvSlU4TeQZNvknw h=212.00001525878906
08-07 19:46:14.818 22415 22506 I ReactNativeJS: [rowprobe] item pAjo0vjU989Qin8E h=212.00001525878906
08-07 19:46:14.820 22415 22506 I ReactNativeJS: [rowprobe] item rvtd2T5S2xplQXpA h=212.00001525878906
08-07 19:46:14.823 22415 22506 I ReactNativeJS: [rowprobe] item egAgV4Otwc4NXpiD h=212.00001525878906
08-07 19:46:14.825 22415 22506 I ReactNativeJS: [rowprobe] item P0mo3ET3T58LkOs8 h=212.00001525878906
08-07 19:46:14.827 22415 22506 I ReactNativeJS: [rowprobe] item 8adQxcysh4CK6ltB h=212.00001525878906
08-07 19:46:15.449 22415 22506 I ReactNativeJS: [rowprobe] item RmzVGactbpcPNE25 h=212.00001525878906
08-07 19:46:15.452 22415 22506 I ReactNativeJS: [rowprobe] item pAjo0vjU989Qin8E h=212.00001525878906
08-07 19:46:15.454 22415 22506 I ReactNativeJS: [rowprobe] item VoCCmvBEQymkwgSB h=212.00001525878906
08-07 19:46:15.457 22415 22506 I ReactNativeJS: [rowprobe] item egAgV4Otwc4NXpiD h=212.00001525878906
08-07 19:46:15.459 22415 22506 I ReactNativeJS: [rowprobe] item 8adQxcysh4CK6ltB h=212.00001525878906
08-07 19:46:16.021 22415 22506 I ReactNativeJS: [rowprobe] item RmzVGactbpcPNE25 h=212.00001525878906
08-07 19:46:16.025 22415 22506 I ReactNativeJS: [rowprobe] item 8wRZIZhsoEkFknAg h=212.00001525878906
08-07 19:46:16.027 22415 22506 I ReactNativeJS: [rowprobe] item VoCCmvBEQymkwgSB h=212.00001525878906
08-07 19:46:16.034 22415 22506 I ReactNativeJS: [rowprobe] item P0mo3ET3T58LkOs8 h=212.00001525878906
08-07 19:46:16.037 22415 22506 I ReactNativeJS: [rowprobe] item 8adQxcysh4CK6ltB h=212.00001525878906
08-07 19:46:16.578 22415 22506 I ReactNativeJS: [rowprobe] item RmzVGactbpcPNE25 h=212.00001525878906
08-07 19:46:16.582 22415 22506 I ReactNativeJS: [rowprobe] item jNgawq9sggBAwbD6 h=212.00001525878906
08-07 19:46:16.585 22415 22506 I ReactNativeJS: [rowprobe] item VoCCmvBEQymkwgSB h=212.00001525878906
08-07 19:46:16.587 22415 22506 I ReactNativeJS: [rowprobe] item egAgV4Otwc4NXpiD h=212.00001525878906
08-07 19:46:16.590 22415 22506 I ReactNativeJS: [rowprobe] item P0mo3ET3T58LkOs8 h=212.00001525878906
08-07 19:46:16.592 22415 22506 I ReactNativeJS: [rowprobe] item pAjo0vjU989Qin8E h=212.00001525878906
08-07 19:46:16.595 22415 22506 I ReactNativeJS: [rowprobe] item 8wRZIZhsoEkFknAg h=212.00001525878906
08-07 19:46:17.271 22415 22506 I ReactNativeJS: [rowprobe] item RmzVGactbpcPNE25 h=212.00001525878906
08-07 19:46:17.274 22415 22506 I ReactNativeJS: [rowprobe] item 8wRZIZhsoEkFknAg h=212.00001525878906
08-07 19:46:17.277 22415 22506 I ReactNativeJS: [rowprobe] item VoCCmvBEQymkwgSB h=212.00001525878906
08-07 19:46:17.280 22415 22506 I ReactNativeJS: [rowprobe] item 5hpDEi8xHw6ivTOb h=212.00001525878906
08-07 19:46:17.283 22415 22506 I ReactNativeJS: [rowprobe] item egAgV4Otwc4NXpiD h=212.00001525878906
08-07 19:46:17.811 22415 22506 I ReactNativeJS: [rowprobe] item igimh9sJLlBhvnRr h=212.00001525878906
08-07 19:46:17.814 22415 22506 I ReactNativeJS: [rowprobe] item 8wRZIZhsoEkFknAg h=212.00001525878906
08-07 19:46:17.816 22415 22506 I ReactNativeJS: [rowprobe] item jNgawq9sggBAwbD6 h=212.00001525878906
08-07 19:46:17.818 22415 22506 I ReactNativeJS: [rowprobe] item P0mo3ET3T58LkOs8 h=212.00001525878906
08-07 19:46:17.820 22415 22506 I ReactNativeJS: [rowprobe] item RmzVGactbpcPNE25 h=212.00001525878906
08-07 19:46:18.443 22415 22506 I ReactNativeJS: [rowprobe] item 8wRZIZhsoEkFknAg h=212.00001525878906
08-07 19:46:18.446 22415 22506 I ReactNativeJS: [rowprobe] item VoCCmvBEQymkwgSB h=212.00001525878906
08-07 19:46:18.449 22415 22506 I ReactNativeJS: [rowprobe] item 5hpDEi8xHw6ivTOb h=212.00001525878906
08-07 19:46:18.452 22415 22506 I ReactNativeJS: [rowprobe] item Ng7exvQbwZVPcnGq h=212.00001525878906
08-07 19:46:18.455 22415 22506 I ReactNativeJS: [rowprobe] item P0mo3ET3T58LkOs8 h=212.00001525878906
08-07 19:46:19.032 22415 22506 I ReactNativeJS: [rowprobe] item igimh9sJLlBhvnRr h=212.00001525878906
08-07 19:46:19.035 22415 22506 I ReactNativeJS: [rowprobe] item 8wRZIZhsoEkFknAg h=212.00001525878906
08-07 19:46:19.038 22415 22506 I ReactNativeJS: [rowprobe] item oTT84MYFv9GksOR1 h=212.00001525878906
08-07 19:46:19.041 22415 22506 I ReactNativeJS: [rowprobe] item VoCCmvBEQymkwgSB h=212.00001525878906
08-07 19:46:19.480 22415 22506 I ReactNativeJS: [rowprobe] item igimh9sJLlBhvnRr h=212.00001525878906
08-07 19:46:19.483 22415 22506 I ReactNativeJS: [rowprobe] item uZKohrUdbFgnB3e5 h=212.00001525878906
08-07 19:46:19.486 22415 22506 I ReactNativeJS: [rowprobe] item jNgawq9sggBAwbD6 h=212.00001525878906
08-07 19:46:19.489 22415 22506 I ReactNativeJS: [rowprobe] item Ng7exvQbwZVPcnGq h=212.00001525878906
08-07 19:46:19.492 22415 22506 I ReactNativeJS: [rowprobe] item 8wRZIZhsoEkFknAg h=212.00001525878906
08-07 19:46:19.495 22415 22506 I ReactNativeJS: [rowprobe] item oTT84MYFv9GksOR1 h=212.00001525878906
08-07 19:46:19.498 22415 22506 I ReactNativeJS: [rowprobe] item 5hpDEi8xHw6ivTOb h=212.00001525878906
08-07 19:46:20.130 22415 22506 I ReactNativeJS: [rowprobe] item BhiXH4hNgZAHnmur h=212.00001525878906
08-07 19:46:20.134 22415 22506 I ReactNativeJS: [rowprobe] item 5hpDEi8xHw6ivTOb h=212.00001525878906
08-07 19:46:20.137 22415 22506 I ReactNativeJS: [rowprobe] item jNgawq9sggBAwbD6 h=212.00001525878906
08-07 19:46:20.140 22415 22506 I ReactNativeJS: [rowprobe] item igimh9sJLlBhvnRr h=212.00001525878906
08-07 19:46:20.143 22415 22506 I ReactNativeJS: [rowprobe] item uZKohrUdbFgnB3e5 h=212.00001525878906
08-07 19:46:20.146 22415 22506 I ReactNativeJS: [rowprobe] item oTT84MYFv9GksOR1 h=212.00001525878906
08-07 19:46:20.151 22415 22506 I ReactNativeJS: [rowprobe] item Ng7exvQbwZVPcnGq h=212.00001525878906
08-07 19:46:20.593 22415 22506 I ReactNativeJS: [rowprobe] item igimh9sJLlBhvnRr h=212.00001525878906
08-07 19:46:20.597 22415 22506 I ReactNativeJS: [rowprobe] item uZKohrUdbFgnB3e5 h=212.00001525878906
08-07 19:46:20.600 22415 22506 I ReactNativeJS: [rowprobe] item oTT84MYFv9GksOR1 h=212.00001525878906
08-07 19:46:20.603 22415 22506 I ReactNativeJS: [rowprobe] item L3wnObQLnWHIi7CA h=212.00001525878906
08-07 19:46:20.606 22415 22506 I ReactNativeJS: [rowprobe] item Ng7exvQbwZVPcnGq h=212.00001525878906
08-07 19:46:20.609 22415 22506 I ReactNativeJS: [rowprobe] item 5hpDEi8xHw6ivTOb h=212.00001525878906
08-07 19:46:21.054 22415 22506 I ReactNativeJS: [rowprobe] item MQ49u47o0FJxuj30 h=212.00001525878906
08-07 19:46:21.058 22415 22506 I ReactNativeJS: [rowprobe] item BhiXH4hNgZAHnmur h=212.00001525878906
08-07 19:46:21.060 22415 22506 I ReactNativeJS: [rowprobe] item Ng7exvQbwZVPcnGq h=212.00001525878906
08-07 19:46:21.063 22415 22506 I ReactNativeJS: [rowprobe] item igimh9sJLlBhvnRr h=212.00001525878906
08-07 19:46:21.065 22415 22506 I ReactNativeJS: [rowprobe] item oTT84MYFv9GksOR1 h=212.00001525878906
08-07 19:46:21.716 22415 22506 I ReactNativeJS: [rowprobe] item MQ49u47o0FJxuj30 h=212.00001525878906
08-07 19:46:21.719 22415 22506 I ReactNativeJS: [rowprobe] item BhiXH4hNgZAHnmur h=212.00001525878906
08-07 19:46:21.722 22415 22506 I ReactNativeJS: [rowprobe] item oTT84MYFv9GksOR1 h=212.00001525878906
08-07 19:46:21.725 22415 22506 I ReactNativeJS: [rowprobe] item L3wnObQLnWHIi7CA h=212.00001525878906
08-07 19:46:21.727 22415 22506 I ReactNativeJS: [rowprobe] item 00e31bCLD6rM5XVu h=212.00001525878906
08-07 19:46:21.730 22415 22506 I ReactNativeJS: [rowprobe] item Ng7exvQbwZVPcnGq h=212.00001525878906
08-07 19:46:22.235 22415 22506 I ReactNativeJS: [rowprobe] item MQ49u47o0FJxuj30 h=212.00001525878906
08-07 19:46:22.240 22415 22506 I ReactNativeJS: [rowprobe] item zIxEAuyo3MAUOtEC h=212.00001525878906
08-07 19:46:22.242 22415 22506 I ReactNativeJS: [rowprobe] item L3wnObQLnWHIi7CA h=212.00001525878906
08-07 19:46:22.245 22415 22506 I ReactNativeJS: [rowprobe] item oTT84MYFv9GksOR1 h=212.00001525878906
08-07 19:46:22.247 22415 22506 I ReactNativeJS: [rowprobe] item BhiXH4hNgZAHnmur h=212.00001525878906
08-07 19:46:23.989 22415 22506 I ReactNativeJS: [rowprobe] item MQ49u47o0FJxuj30 h=212.00001525878906
08-07 19:46:23.992 22415 22506 I ReactNativeJS: [rowprobe] item yKpthTQwpTPBHn80 h=212.00001525878906
08-07 19:46:23.995 22415 22506 I ReactNativeJS: [rowprobe] item BhiXH4hNgZAHnmur h=212.00001525878906
08-07 19:46:23.998 22415 22506 I ReactNativeJS: [rowprobe] item L3wnObQLnWHIi7CA h=212.00001525878906
08-07 19:46:24.001 22415 22506 I ReactNativeJS: [rowprobe] item 00e31bCLD6rM5XVu h=212.00001525878906
08-07 19:46:24.003 22415 22506 I ReactNativeJS: [rowprobe] item uZKohrUdbFgnB3e5 h=212.00001525878906
08-07 19:46:24.006 22415 22506 I ReactNativeJS: [rowprobe] item zIxEAuyo3MAUOtEC h=212.00001525878906
08-07 19:46:24.578 22415 22506 I ReactNativeJS: [rowprobe] item MQ49u47o0FJxuj30 h=212.00001525878906
08-07 19:46:24.582 22415 22506 I ReactNativeJS: [rowprobe] item BTnWXB49cPAVn3Sn h=212.00001525878906
08-07 19:46:24.584 22415 22506 I ReactNativeJS: [rowprobe] item L3wnObQLnWHIi7CA h=212.00001525878906
08-07 19:46:24.587 22415 22506 I ReactNativeJS: [rowprobe] item 00e31bCLD6rM5XVu h=212.00001525878906
08-07 19:46:24.589 22415 22506 I ReactNativeJS: [rowprobe] item BhiXH4hNgZAHnmur h=212.00001525878906
08-07 19:46:25.149 22415 22506 I ReactNativeJS: [rowprobe] item 1G50XgTbvFhmm0vD h=212.00001525878906
08-07 19:46:25.152 22415 22506 I ReactNativeJS: [rowprobe] item L3wnObQLnWHIi7CA h=212.00001525878906
08-07 19:46:25.155 22415 22506 I ReactNativeJS: [rowprobe] item 00e31bCLD6rM5XVu h=212.00001525878906
08-07 19:46:25.158 22415 22506 I ReactNativeJS: [rowprobe] item MQ49u47o0FJxuj30 h=212.00001525878906
08-07 19:46:25.160 22415 22506 I ReactNativeJS: [rowprobe] item zIxEAuyo3MAUOtEC h=212.00001525878906
08-07 19:46:25.694 22415 22506 I ReactNativeJS: [rowprobe] item zIxEAuyo3MAUOtEC h=212.00001525878906
08-07 19:46:25.698 22415 22506 I ReactNativeJS: [rowprobe] item J6Q70X0279UTHzxI h=212.00001525878906
08-07 19:46:26.026 22415 22506 I ReactNativeJS: [rowprobe] item zIxEAuyo3MAUOtEC h=212.00001525878906
08-07 19:46:26.028 22415 22506 I ReactNativeJS: [rowprobe] item yKpthTQwpTPBHn80 h=212.00001525878906
08-07 19:46:26.553 22415 22506 I ReactNativeJS: [rowprobe] item zIxEAuyo3MAUOtEC h=212.00001525878906
08-07 19:46:26.556 22415 22506 I ReactNativeJS: [rowprobe] item BTnWXB49cPAVn3Sn h=212.00001525878906
08-07 19:46:27.134 22415 22506 I ReactNativeJS: [rowprobe] item 1G50XgTbvFhmm0vD h=212.00001525878906
08-07 19:46:32.855 22415 22506 I ReactNativeJS: [rowprobe] item p0lzkSTOTjQLrtIG h=212.00001525878906
08-07 19:46:32.859 22415 22506 I ReactNativeJS: [rowprobe] item 8xYlmv5axnMXDG3B h=212.00001525878906
08-07 19:46:33.525 22415 22506 I ReactNativeJS: [rowprobe] item 0ERgMOoDkhHP9hOk h=212.00001525878906
08-07 19:46:33.528 22415 22506 I ReactNativeJS: [rowprobe] item qGSx9DGSb2JDJu0x h=212.00001525878906
08-07 19:46:33.533 22415 22506 I ReactNativeJS: [rowprobe] item Z7OZK2vXrOaoTPUn h=212.00001525878906
08-07 19:46:33.536 22415 22506 I ReactNativeJS: [rowprobe] item Xg512zmWBKPrGnCW h=212.00001525878906
08-07 19:46:33.540 22415 22506 I ReactNativeJS: [rowprobe] item RMul3wIBWhkeNQku h=212.00001525878906
08-07 19:46:34.186 22415 22506 I ReactNativeJS: [rowprobe] item Xg512zmWBKPrGnCW h=212.00001525878906
08-07 19:46:34.189 22415 22506 I ReactNativeJS: [rowprobe] item p0lzkSTOTjQLrtIG h=212.00001525878906
08-07 19:46:34.193 22415 22506 I ReactNativeJS: [rowprobe] item KQXflQKISPKp86E1 h=212.00001525878906
08-07 19:46:34.196 22415 22506 I ReactNativeJS: [rowprobe] item RMul3wIBWhkeNQku h=212.00001525878906
08-07 19:46:34.864 22415 22506 I ReactNativeJS: [rowprobe] item 7E1vTfgmfxCr5aT1 h=212.00001525878906
08-07 19:46:34.867 22415 22506 I ReactNativeJS: [rowprobe] item p0lzkSTOTjQLrtIG h=212.00001525878906
08-07 19:46:34.870 22415 22506 I ReactNativeJS: [rowprobe] item KQXflQKISPKp86E1 h=212.00001525878906
08-07 19:46:34.873 22415 22506 I ReactNativeJS: [rowprobe] item RMul3wIBWhkeNQku h=212.00001525878906
08-07 19:46:34.876 22415 22506 I ReactNativeJS: [rowprobe] item 0ERgMOoDkhHP9hOk h=212.00001525878906
08-07 19:46:35.497 22415 22506 I ReactNativeJS: [rowprobe] item p0lzkSTOTjQLrtIG h=212.00001525878906
08-07 19:46:35.502 22415 22506 I ReactNativeJS: [rowprobe] item KQXflQKISPKp86E1 h=212.00001525878906
08-07 19:46:35.505 22415 22506 I ReactNativeJS: [rowprobe] item RMul3wIBWhkeNQku h=212.00001525878906
08-07 19:46:35.507 22415 22506 I ReactNativeJS: [rowprobe] item 0ERgMOoDkhHP9hOk h=212.00001525878906
08-07 19:46:35.510 22415 22506 I ReactNativeJS: [rowprobe] item 7E1vTfgmfxCr5aT1 h=212.00001525878906
08-07 19:46:35.789 22415 22506 I ReactNativeJS: [rowprobe] item 7E1vTfgmfxCr5aT1 h=212.00001525878906
08-07 19:46:35.793 22415 22506 I ReactNativeJS: [rowprobe] item p0lzkSTOTjQLrtIG h=212.00001525878906
08-07 19:46:35.795 22415 22506 I ReactNativeJS: [rowprobe] item KQXflQKISPKp86E1 h=212.00001525878906
08-07 19:46:35.799 22415 22506 I ReactNativeJS: [rowprobe] item 0ERgMOoDkhHP9hOk h=212.00001525878906
08-07 19:46:36.650 22415 22506 I ReactNativeJS: [rowprobe] item Ar6bR3qFayFYlzIM h=212.00001525878906
08-07 19:46:36.653 22415 22506 I ReactNativeJS: [rowprobe] item KQXflQKISPKp86E1 h=212.00001525878906
08-07 19:46:36.655 22415 22506 I ReactNativeJS: [rowprobe] item 0ERgMOoDkhHP9hOk h=212.00001525878906
08-07 19:46:36.658 22415 22506 I ReactNativeJS: [rowprobe] item p0lzkSTOTjQLrtIG h=212.00001525878906
08-07 19:46:36.782 22415 22506 I ReactNativeJS: [scan] 186525ms total · 3461 files, 3461 new (53.4ms/new file) — enumerate 1541ms · existing-urls 29ms · process 184735ms · cleanup 213ms
08-07 19:48:35.055 22415 22506 I ReactNativeJS: [detect] 351 units from 352 books in 47ms · 1 with no chapters
08-07 19:48:35.055 22415 22506 I ReactNativeJS: [detect] roots: /storage/emulated/0/Audiobooks
08-07 19:48:35.061 22415 22506 I ReactNativeJS: [detect] structural keys: 351/351 agree with the library store
08-07 19:48:35.063 22415 22506 I ReactNativeJS: [detect] tag fill over 351 books — file_format 100.0% (~99.7) · series 6.6% (~6.6) · part 6.0% (~5.9) · grouping 5.1% (~5.6)
08-07 19:48:35.065 22415 22506 I ReactNativeJS: [detect] 78 units in multi-book directories (flat) · 39 carry a SERIES/Grouping tag · 0 have no album
08-07 19:48:35.182 22415 22506 I ReactNativeJS: ==========================================================================
08-07 19:48:35.182 22415 22506 I ReactNativeJS: [detect] CONSERVATIVE (tags + self-validated folders) — 23 series, 200 books placed
08-07 19:48:35.182 22415 22506 I ReactNativeJS: ==========================================================================
08-07 19:48:35.185 22415 22506 I ReactNativeJS: "Discworld"  41 books
08-07 19:48:35.185 22415 22506 I ReactNativeJS:       #1  Discworld 01 - The Colour of Magic                      certain  alb.name-num-dash folder:name-corroborated split:number-collision(49% dupes -> 2 folders)
08-07 19:48:35.185 22415 22506 I ReactNativeJS:       #2  Discworld 02 - The Light Fantastic                      certain  alb.name-num-dash folder:name-corroborated split:number-collision(49% dupes -> 2 folders)
08-07 19:48:35.185 22415 22506 I ReactNativeJS:       #3  Discworld 03 - Equal Rites                              certain  alb.name-num-dash folder:name-corroborated split:number-collision(49% dupes -> 2 folders)
08-07 19:48:35.185 22415 22506 I ReactNativeJS:       #4  Discworld 04 - Mort                                     certain  alb.name-num-dash folder:name-corroborated split:number-collision(49% dupes -> 2 folders)
08-07 19:48:35.185 22415 22506 I ReactNativeJS:       #5  Discworld 05 - Sourcery                                 certain  alb.name-num-dash folder:name-corroborated split:number-collision(49% dupes -> 2 folders)
08-07 19:48:35.185 22415 22506 I ReactNativeJS:       #6  Discworld 06 -  Wyrd Sisters                            certain  alb.name-num-dash folder:name-corroborated split:number-collision(49% dupes -> 2 folders)
08-07 19:48:35.185 22415 22506 I ReactNativeJS:       #7  Discworld 07 - Pyramids                                 certain  alb.name-num-dash folder:name-corroborated split:number-collision(49% dupes -> 2 folders)
08-07 19:48:35.185 22415 22506 I ReactNativeJS:       #8  Discworld 08 - Guards! Guards!                          certain  alb.name-num-dash folder:name-corroborated split:number-collision(49% dupes -> 2 folders)
08-07 19:48:35.185 22415 22506 I ReactNativeJS:       #9  Discworld 09 - Eric                                     certain  alb.name-num-dash folder:name-corroborated split:number-collision(49% dupes -> 2 folders)
08-07 19:48:35.185 22415 22506 I ReactNativeJS:      #10  Discworld 10 - Moving Pictures                          certain  alb.name-num-dash folder:name-corroborated split:number-collision(49% dupes -> 2 folders)
08-07 19:48:35.185 22415 22506 I ReactNativeJS:      #11  Discworld 11 - Reaper Man                               certain  alb.name-num-dash folder:name-corroborated split:number-collision(49% dupes -> 2 folders)
08-07 19:48:35.185 22415 22506 I ReactNativeJS:      #12  Discworld 12 - Witches Abroad                           certain  alb.name-num-dash folder:name-corroborated split:number-collision(49% dupes -> 2 folders)
08-07 19:48:35.185 22415 22506 I ReactNativeJS:      #13  Discworld 13 - Small Gods                               certain  tag.Grouping+bare-num alb.name-num-dash folder:name-corroborated split:number-collision(49% dupes -> 2 folders)
08-07 19:48:35.185 22415 22506 I ReactNativeJS:      #14  Discworld 14 - Lords and Ladies                         certain  alb.name-num-dash folder:name-corroborated split:number-collision(49% dupes -> 2 folders)
08-07 19:48:35.185 22415 22506 I ReactNativeJS:      #15  Discworld 15 - Men At Arms                              certain  alb.name-num-dash folder:name-corroborated split:number-collision(49% dupes -> 2 folders)
08-07 19:48:35.185 22415 22506 I ReactNativeJS:      #16  Discworld 16 - Soul Music                               certain  alb.name-num-dash folder:name-corroborated split:number-collision(49% dupes -> 2 folders)
08-07 19:48:35.185 22415 22506 I ReactNativeJS:      #17  Discworld 17 - Interesting Times                        certain  alb.name-num-dash folder:name-corroborated split:number-collision(49% dupes -> 2 folders)
08-07 19:48:35.185 22415 22506 I ReactNativeJS:      #18  Discworld 18 - Maskerade                                certain  alb.name-num-dash folder:name-corroborated split:number-collision(49% dupes -> 2 folders)
08-07 19:48:35.185 22415 22506 I ReactNativeJS:      #19  Discworld 19 - Feet of Clay                             certain  alb.name-num-dash folder:name-corroborated split:number-collision(49% dupes -> 2 folders)
08-07 19:48:35.185 22415 22506 I ReactNativeJS:      #20  Discworld 20 - Hogfather                                certain  alb.name-num-dash folder:name-corroborated split:number-collision(49% dupes -> 2 folders)
08-07 19:48:35.185 22415 22506 I ReactNativeJS:      #21  Discworld 21 - Jingo                                    certain  alb.name-num-dash folder:name-corroborated split:number-collision(49% dupes -> 2 folders)
08-07 19:48:35.185 22415 22506 I ReactNativeJS:      #22  Discworld 22 - The Last Continent                       certain  alb.name-num-dash folder:name-corroborated split:number-collision(49% dupes -> 2 folders)
08-07 19:48:35.185 22415 22506 I ReactNativeJS:      #23  Discworld 23 - Carpe Jugulum                            certain  alb.name-num-dash folder:name-corroborated split:number-collision(49% dupes -> 2 folders)
08-07 19:48:35.185 22415 22506 I ReactNativeJS:      #24  Discworld 24 - The Fifth Elephant                       certain  alb.name-num-dash folder:name-corroborated split:number-collision(49% dupes -> 2 folders)
08-07 19:48:35.185 22415 22506 I ReactNativeJS:      #25  Discworld 25 - The Truth                                certain  alb.name-num-dash folder:name-corroborated split:number-collision(49% dupes -> 2 folders)
08-07 19:48:35.185 22415 22506 I ReactNativeJS:      #26  Discworld 26 - Thief of Time                            certain  alb.name-num-dash folder:name-corroborated split:number-collision(49% dupes -> 2 folders)
08-07 19:48:35.185 22415 22506 I ReactNativeJS:      #27  Discworld 27 - The Last Hero                            certain  alb.name-num-dash folder:name-corroborated split:number-collision(49% dupes -> 2 folders)
08-07 19:48:35.185 22415 22506 I ReactNativeJS:      #28  Discworld 28 - The Amazing Maurice and His Educated Ro  certain  alb.name-num-dash folder:name-corroborated split:number-collision(49% dupes -> 2 folders)
08-07 19:48:35.185 22415 22506 I ReactNativeJS:      #29  Discworld 29 - Night Watch                              certain  alb.name-num-dash folder:name-corroborated split:number-collision(49% dupes -> 2 folders)
08-07 19:48:35.185 22415 22506 I ReactNativeJS:      #30  Discworld 30 - The Wee Free Men                         certain  alb.name-num-dash folder:name-corroborated split:number-collision(49% dupes -> 2 folders)
08-07 19:48:35.185 22415 22506 I ReactNativeJS:      #31  Discworld 31 - Monstrous Regiment                       certain  alb.name-num-dash folder:name-corroborated split:number-collision(49% dupes -> 2 folders)
08-07 19:48:35.185 22415 22506 I ReactNativeJS:      #32  Discworld 32 - A Hat Full of Sky                        certain  alb.name-num-dash folder:name-corroborated split:number-collision(49% dupes -> 2 folders)
08-07 19:48:35.185 22415 22506 I ReactNativeJS:      #33  Discworld 33 - Going Postal                             certain  alb.name-num-dash folder:name-corroborated split:number-collision(49% dupes -> 2 folders)
08-07 19:48:35.185 22415 22506 I ReactNativeJS:      #34  Discworld 34 - Thud!                                    certain  alb.name-num-dash folder:name-corroborated split:number-collision(49% dupes -> 2 folders)
08-07 19:48:35.185 22415 22506 I ReactNativeJS:      #35  Discworld 35 - Wintersmith                              certain  alb.name-num-dash folder:name-corroborated split:number-collision(49% dupes -> 2 folders)
08-07 19:48:35.185 22415 22506 I ReactNativeJS:      #36  Discworld 36 - Making Money                             certain  alb.name-num-dash folder:name-corroborated split:number-collision(49% dupes -> 2 folders)
08-07 19:48:35.185 22415 22506 I ReactNativeJS:      #37  Discworld 37 - Unseen Academicals                       certain  tag.Grouping+bare-num alb.name-num-dash folder:name-corroborated split:number-collision(49% dupes -> 2 folders)
08-07 19:48:35.185 22415 22506 I ReactNativeJS:      #38  DW38-I Shall Wear Midnight                              possible folder:name-corroborated(37/41) num:folder split:number-collision(49% dupes -> 2 folders)
08-07 19:48:35.185 22415 22506 I ReactNativeJS:      #39  Snuff                                                   possible folder:name-corroborated(37/41) num:folder split:number-collision(49% dupes -> 2 folders)
08-07 19:48:35.185 22415 22506 I ReactNativeJS:      #40  Raising Steam                                           possible folder:name-corroborated(37/41) num:folder split:number-collision(49% dupes -> 2 folders)
08-07 19:48:35.185 22415 22506 I ReactNativeJS:      #41  The Shepherd's Crown                                    possible folder:name-corroborated(37/41) num:folder split:number-collision(49% dupes -> 2 folders)
08-07 19:48:35.186 22415 22506 I ReactNativeJS: "Discworld (2022)"  39 books
08-07 19:48:35.186 22415 22506 I ReactNativeJS:       #1  The Colour of Magic                                     possible folder:name-corroborated(10/39) num:folder split:number-collision(49% dupes -> 2 folders)
08-07 19:48:35.186 22415 22506 I ReactNativeJS:       #2  The Light Fantastic                                     possible folder:name-corroborated(10/39) num:folder split:number-collision(49% dupes -> 2 folders)
08-07 19:48:35.186 22415 22506 I ReactNativeJS:       #3  Equal Rites                                             possible folder:name-corroborated(10/39) num:folder split:number-collision(49% dupes -> 2 folders)
08-07 19:48:35.186 22415 22506 I ReactNativeJS:       #4  Mort (#4)                                               possible folder:name-corroborated(10/39) split:number-collision(49% dupes -> 2 folders)
08-07 19:48:35.186 22415 22506 I ReactNativeJS:       #5  Sourcery (#5)                                           possible folder:name-corroborated(10/39) split:number-collision(49% dupes -> 2 folders)
08-07 19:48:35.186 22415 22506 I ReactNativeJS:       #7  Pyramids: Discworld, Book 7                             certain  alb.book-suffix folder:name-corroborated split:number-collision(49% dupes -> 2 folders)
08-07 19:48:35.186 22415 22506 I ReactNativeJS:       #8  Guards! Guards! (Unabridged)                            possible folder:name-corroborated(10/39) num:folder split:number-collision(49% dupes -> 2 folders)
08-07 19:48:35.186 22415 22506 I ReactNativeJS:       #9  (#9) Eric                                               possible folder:name-corroborated(10/39) split:number-collision(49% dupes -> 2 folders)
08-07 19:48:35.186 22415 22506 I ReactNativeJS:      #10  Moving Pictures: Discworld, Book 10                     certain  alb.book-suffix folder:name-corroborated split:number-collision(49% dupes -> 2 folders)
08-07 19:48:35.186 22415 22506 I ReactNativeJS:      #11  (#11) Reaper Man                                        possible folder:name-corroborated(10/39) split:number-collision(49% dupes -> 2 folders)
08-07 19:48:35.186 22415 22506 I ReactNativeJS:      #12  Witches Abroad                                          possible folder:name-corroborated(10/39) num:folder split:number-collision(49% dupes -> 2 folders)
08-07 19:48:35.186 22415 22506 I ReactNativeJS:      #13  Small Gods (#13)                                        possible folder:name-corroborated(10/39) split:number-collision(49% dupes -> 2 folders)
08-07 19:48:35.186 22415 22506 I ReactNativeJS:      #14  Lords and Ladies                                        possible folder:name-corroborated(10/39) num:folder split:number-collision(49% dupes -> 2 folders)
08-07 19:48:35.186 22415 22506 I ReactNativeJS:      #15  Men at Arms (Unabridged)                                possible folder:name-corroborated(10/39) num:folder split:number-collision(49% dupes -> 2 folders)
08-07 19:48:35.186 22415 22506 I ReactNativeJS:      #16  (#16) Soul Music                                        possible folder:name-corroborated(10/39) split:number-collision(49% dupes -> 2 folders)
08-07 19:48:35.186 22415 22506 I ReactNativeJS:      #17  (#17) Interesting Times                                 possible folder:name-corroborated(10/39) split:number-collision(49% dupes -> 2 folders)
08-07 19:48:35.186 22415 22506 I ReactNativeJS:      #18  Maskerade                                               possible folder:name-corroborated(10/39) num:folder split:number-collision(49% dupes -> 2 folders)
08-07 19:48:35.186 22415 22506 I ReactNativeJS:      #19  Feet of Clay (Unabridged)                               possible folder:name-corroborated(10/39) num:folder split:number-collision(49% dupes -> 2 folders)
08-07 19:48:35.186 22415 22506 I ReactNativeJS:      #20  Hogfather: Discworld, Book 20                           certain  alb.book-suffix folder:name-corroborated split:number-collision(49% dupes -> 2 folders)
08-07 19:48:35.186 22415 22506 I ReactNativeJS:      #21  Jingo (Unabridged)                                      possible folder:name-corroborated(10/39) num:folder split:number-collision(49% dupes -> 2 folders)
08-07 19:48:35.186 22415 22506 I ReactNativeJS:      #22  The Last Continent: Discworld, Book 22                  certain  alb.book-suffix folder:name-corroborated split:number-collision(49% dupes -> 2 folders)
08-07 19:48:35.186 22415 22506 I ReactNativeJS:      #23  Carpe Jugulum                                           possible folder:name-corroborated(10/39) num:folder split:number-collision(49% dupes -> 2 folders)
08-07 19:48:35.186 22415 22506 I ReactNativeJS:      #24  The Fifth Elephant (Unabridged)                         possible folder:name-corroborated(10/39) num:folder split:number-collision(49% dupes -> 2 folders)
08-07 19:48:35.186 22415 22506 I ReactNativeJS:      #25  The Truth (Unabridged)                                  possible folder:name-corroborated(10/39) num:folder split:number-collision(49% dupes -> 2 folders)
08-07 19:48:35.186 22415 22506 I ReactNativeJS:      #26  Thief of Time (#26)                                     possible folder:name-corroborated(10/39) split:number-collision(49% dupes -> 2 folders)
08-07 19:48:35.186 22415 22506 I ReactNativeJS:      #28  The Amazing Maurice and His Educated Rodents (#28)      possible folder:name-corroborated(10/39) split:number-collision(49% dupes -> 2 folders)
08-07 19:48:35.186 22415 22506 I ReactNativeJS:      #29  Night Watch: Discworld, Book 29                         certain  alb.book-suffix folder:name-corroborated split:number-collision(49% dupes -> 2 folders)
08-07 19:48:35.186 22415 22506 I ReactNativeJS:      #30  The Wee Free Men: Discworld, Book 30                    certain  alb.book-suffix folder:name-corroborated split:number-collision(49% dupes -> 2 folders)
08-07 19:48:35.186 22415 22506 I ReactNativeJS:      #31  (#31) Monstrous Regiment                                possible folder:name-corroborated(10/39) split:number-collision(49% dupes -> 2 folders)
08-07 19:48:35.186 22415 22506 I ReactNativeJS:      #32  A Hat Full of Sky: Discworld, Book 32                   certain  alb.book-suffix folder:name-corroborated split:number-collision(49% dupes -> 2 folders)
08-07 19:48:35.186 22415 22506 I ReactNativeJS:      #33  Going Postal (Unabridged)                               possible folder:name-corroborated(10/39) num:folder split:number-collision(49% dupes -> 2 folders)
08-07 19:48:35.186 22415 22506 I ReactNativeJS:      #34  Thud!: Discworld, Book 34                               certain  alb.book-suffix folder:name-corroborated split:number-collision(49% dupes -> 2 folders)
08-07 19:48:35.186 22415 22506 I ReactNativeJS:      #35  Wintersmith: Discworld, Book 35                         certain  alb.book-suffix folder:name-corroborated split:number-collision(49% dupes -> 2 folders)
08-07 19:48:35.186 22415 22506 I ReactNativeJS:      #36  Making Money (Unabridged)                               possible folder:name-corroborated(10/39) num:folder split:number-collision(49% dupes -> 2 folders)
08-07 19:48:35.186 22415 22506 I ReactNativeJS:      #37  Unseen Academicals: Discworld Book, 37                  possible folder:name-corroborated(10/39) num:folder split:number-collision(49% dupes -> 2 folders)
08-07 19:48:35.186 22415 22506 I ReactNativeJS:      #38  I Shall Wear Midnight (Unabridged)                      possible folder:name-corroborated(10/39) num:folder split:number-collision(49% dupes -> 2 folders)
08-07 19:48:35.186 22415 22506 I ReactNativeJS:      #39  Snuff: Discworld, Book 39                               certain  alb.book-suffix folder:name-corroborated split:number-collision(49% dupes -> 2 folders)
08-07 19:48:35.186 22415 22506 I ReactNativeJS:      #40  Raising Steam (Unabridged)                              possible folder:name-corroborated(10/39) num:folder split:number-collision(49% dupes -> 2 folders)
08-07 19:48:35.186 22415 22506 I ReactNativeJS:      #41  The Shepherd's Crown (Unabridged)                       possible folder:name-corroborated(10/39) num:folder split:number-collision(49% dupes -> 2 folders)
08-07 19:48:35.188 22415 22506 I ReactNativeJS: "Dresden Files"  22 books
08-07 19:48:35.188 22415 22506 I ReactNativeJS:       #1  Storm Front: The Dresden Files, Book 1 (Unabridged)     certain  tag.extra.SERIES alb.book-suffix folder:name-corroborated
08-07 19:48:35.188 22415 22506 I ReactNativeJS:       #2  Fool Moon: The Dresden Files, Book 2 (Unabridged)       certain  tag.extra.SERIES alb.book-suffix folder:name-corroborated
08-07 19:48:35.188 22415 22506 I ReactNativeJS:       #3  Grave Peril: The Dresden Files, Book 3 (Unabridged)     certain  tag.extra.SERIES alb.book-suffix folder:name-corroborated
08-07 19:48:35.188 22415 22506 I ReactNativeJS:       #4  Summer Knight: The Dresden Files, Book 4 (Unabridged)   certain  tag.extra.SERIES alb.book-suffix folder:name-corroborated
08-07 19:48:35.188 22415 22506 I ReactNativeJS:       #5  Death Masks: The Dresden Files, Book 5 (Unabridged)     certain  tag.extra.SERIES alb.book-suffix folder:name-corroborated
08-07 19:48:35.188 22415 22506 I ReactNativeJS:       #6  Blood Rites: The Dresden Files, Book 6 (Unabridged)     certain  tag.extra.SERIES alb.book-suffix folder:name-corroborated
08-07 19:48:35.188 22415 22506 I ReactNativeJS:       #7  Dead Beat: The Dresden Files, Book 7 (Unabridged)       certain  tag.extra.SERIES alb.book-suffix folder:name-corroborated
08-07 19:48:35.188 22415 22506 I ReactNativeJS:       #8  Proven Guilty: The Dresden Files, Book 8 (Unabridged)   certain  tag.extra.SERIES alb.book-suffix folder:name-corroborated
08-07 19:48:35.188 22415 22506 I ReactNativeJS:       #9  White Night: The Dresden Files, Book 9 (Unabridged)     certain  tag.extra.SERIES alb.book-suffix folder:name-corroborated
08-07 19:48:35.188 22415 22506 I ReactNativeJS:      #10  The Dresden Files #10: Small Favor                      certain  tag.Grouping alb.hash-colon folder:name-corroborated
08-07 19:48:35.188 22415 22506 I ReactNativeJS:      #11  The Dresden Files #11: Turn Coat                        certain  tag.Grouping alb.hash-colon folder:name-corroborated
08-07 19:48:35.188 22415 22506 I ReactNativeJS:      #12  The Dresden Files #12: Changes                          certain  tag.Grouping alb.hash-colon folder:name-corroborated
08-07 19:48:35.188 22415 22506 I ReactNativeJS:    #12.5  The Dresden Files #12.5: Side Jobs                      certain  tag.Grouping alb.hash-colon folder:name-corroborated
08-07 19:48:35.188 22415 22506 I ReactNativeJS:      #13  The Dresden Files #13: Ghost Story                      certain  tag.Grouping alb.hash-colon folder:name-corroborated
08-07 19:48:35.188 22415 22506 I ReactNativeJS:      #14  The Dresden Files #14: Cold Days                        certain  tag.Grouping alb.hash-colon folder:name-corroborated
08-07 19:48:35.188 22415 22506 I ReactNativeJS:      #15  The Dresden Files #15: Skin Game                        certain  tag.Grouping alb.hash-colon folder:name-corroborated
08-07 19:48:35.188 22415 22506 I ReactNativeJS:    #15.5  Brief Cases (Unabridged)                                certain  tag.extra.SERIES folder:name-corroborated
08-07 19:48:35.188 22415 22506 I ReactNativeJS:      #16  Peace Talks (Unabridged)                                certain  tag.extra.SERIES folder:name-corroborated
08-07 19:48:35.188 22415 22506 I ReactNativeJS:      #17  Battle Ground (Unabridged)                              certain  tag.extra.SERIES folder:name-corroborated
08-07 19:48:35.188 22415 22506 I ReactNativeJS:    #17.5  The Law                                                 certain  tag.extra.SERIES folder:name-corroborated
08-07 19:48:35.188 22415 22506 I ReactNativeJS:      #18  Twelve Months (Unabridged)                              certain  tag.extra.SERIES folder:name-corroborated
08-07 19:48:35.188 22415 22506 I ReactNativeJS:        —  Heroic Hearts (Unabridged)                              possible folder:name-corroborated(21/22)
08-07 19:48:35.189 22415 22506 I ReactNativeJS: "Demon Accords"  17 books
08-07 19:48:35.189 22415 22506 I ReactNativeJS:       #1  Book 01 - God Touched - Demon Accords Series            certain  alb.book-dash-series folder:name-corroborated
08-07 19:48:35.189 22415 22506 I ReactNativeJS:       #1  Volume 01 - The Demon Accords Compendium                possible folder:name-corroborated(14/17)
08-07 19:48:35.189 22415 22506 I ReactNativeJS:       #2  Book 02 - Demon Driven - Demon Accords Series           certain  alb.book-dash-series folder:name-corroborated
08-07 19:48:35.189 22415 22506 I ReactNativeJS:       #2  Volume 02 - The Demon Accords Compendium                possible folder:name-corroborated(14/17)
08-07 19:48:35.189 22415 22506 I ReactNativeJS:       #3  Book 03 - Brutal Asset - Demon Accords Series           certain  alb.book-dash-series folder:name-corroborated
08-07 19:48:35.189 22415 22506 I ReactNativeJS:       #3  Volume 3 - The Demon Accords Compendium                 possible folder:name-corroborated(14/17)
08-07 19:48:35.189 22415 22506 I ReactNativeJS:     #3.5  Book 03.5 - Black Frost - Demon Accords Series          certain  alb.book-dash-series folder:name-corroborated
08-07 19:48:35.189 22415 22506 I ReactNativeJS:       #4  Book 04 - Duel Nature - Demon Accords Series            certain  alb.book-dash-series folder:name-corroborated
08-07 19:48:35.189 22415 22506 I ReactNativeJS:       #5  Book 05 - Fallen Stars - Demon Accords Series           certain  alb.book-dash-series folder:name-corroborated
08-07 19:48:35.189 22415 22506 I ReactNativeJS:       #6  Book 06 - Executable - Demon Accords Series             certain  alb.book-dash-series folder:name-corroborated
08-07 19:48:35.189 22415 22506 I ReactNativeJS:       #7  Book 07 - Forced Ascent - Demon Accords Series          certain  alb.book-dash-series folder:name-corroborated
08-07 19:48:35.189 22415 22506 I ReactNativeJS:       #8  Book 08 Part 1 - College Arcane - Demon Accords Series  certain  alb.book-dash-series folder:name-corroborated
08-07 19:48:35.189 22415 22506 I ReactNativeJS:       #8  Book 08 Part 2 - College Arcane - Demon Accords Series  certain  alb.book-dash-series folder:name-corroborated
08-07 19:48:35.189 22415 22506 I ReactNativeJS:       #9  Book 09 - God Hammer - Demon Accords Series             certain  alb.book-dash-series folder:name-corroborated
08-07 19:48:35.189 22415 22506 I ReactNativeJS:      #10  Book 10 - Rogues - Demon Accords Series                 certain  alb.book-dash-series folder:name-corroborated
08-07 19:48:35.189 22415 22506 I ReactNativeJS:      #11  Book 11 - Snake Eyes - Demon Accords Series             certain  alb.book-dash-series folder:name-corroborated
08-07 19:48:35.189 22415 22506 I ReactNativeJS:      #12  Book 12 - Winterfall - Demon Accords Series             certain  alb.book-dash-series folder:name-corroborated
08-07 19:48:35.190 22415 22506 I ReactNativeJS: "Dungeon Crawler Carl"  8 books
08-07 19:48:35.190 22415 22506 I ReactNativeJS:       #1  Dungeon Crawler Carl (Unabridged)                       certain  tag.extra.SERIES folder:name-corroborated
08-07 19:48:35.190 22415 22506 I ReactNativeJS:       #2  Carl's Doomsday Scenario: Dungeon Crawler Carl, Book 2  certain  alb.book-suffix folder:name-corroborated
08-07 19:48:35.190 22415 22506 I ReactNativeJS:       #3  The Dungeon Anarchist's Cookbook: Dungeon Crawler Carl  certain  alb.book-suffix folder:name-corroborated
08-07 19:48:35.190 22415 22506 I ReactNativeJS:       #4  The Gate of the Feral Gods: Dungeon Crawler Carl, Book  certain  alb.book-suffix folder:name-corroborated
08-07 19:48:35.190 22415 22506 I ReactNativeJS:       #5  The Butcher's Masquerade: Dungeon Crawler Carl, Book 5  certain  alb.book-suffix folder:name-corroborated
08-07 19:48:35.190 22415 22506 I ReactNativeJS:       #6  The Eye of the Bedlam Bride: Dungeon Crawler Carl, Boo  certain  alb.book-suffix folder:name-corroborated
08-07 19:48:35.190 22415 22506 I ReactNativeJS:       #7  This Inevitable Ruin                                    certain  tag.extra.SERIES folder:name-corroborated
08-07 19:48:35.190 22415 22506 I ReactNativeJS:        —  A Parade of Horribles                                   possible folder:name-corroborated(7/8)
08-07 19:48:35.192 22415 22506 I ReactNativeJS: "The Dark Tower"  8 books
08-07 19:48:35.192 22415 22506 I ReactNativeJS:       #1  The Dark Tower I: The Gunslinger                        certain  alb.roman folder:name-corroborated
08-07 19:48:35.192 22415 22506 I ReactNativeJS:       #2  The Dark Tower II: The Drawing Of The Three             certain  alb.roman folder:name-corroborated
08-07 19:48:35.192 22415 22506 I ReactNativeJS:       #4  The Dark Tower IV: Wizard & Glass                       certain  alb.roman folder:name-corroborated
08-07 19:48:35.192 22415 22506 I ReactNativeJS:       #5  The Dark Tower V: Wolves Of The Calla                   certain  alb.roman folder:name-corroborated
08-07 19:48:35.192 22415 22506 I ReactNativeJS:       #6  The Dark Tower VI: Song Of Susannah                     certain  alb.roman folder:name-corroborated
08-07 19:48:35.192 22415 22506 I ReactNativeJS:       #7  The Dark Tower VII: The Dark Tower                      certain  alb.roman folder:name-corroborated
08-07 19:48:35.192 22415 22506 I ReactNativeJS:        —  1991 - The Waste Lands (DT3 - read by Frank Muller)     possible folder:name-corroborated(6/8)
08-07 19:48:35.192 22415 22506 I ReactNativeJS:        —  LEGENDS - Stories by The Masters of Fantasy             possible folder:name-corroborated(6/8)
08-07 19:48:35.193 22415 22506 I ReactNativeJS: "The First Law"  7 books
08-07 19:48:35.193 22415 22506 I ReactNativeJS:       #1  01 - The Blade Itself                                   guess    folder:number-corroborated(7/7)
08-07 19:48:35.193 22415 22506 I ReactNativeJS:       #2  02 - Before They Are Hanged                             guess    folder:number-corroborated(7/7)
08-07 19:48:35.193 22415 22506 I ReactNativeJS:       #3  03 - Last Argument of Kings                             guess    folder:number-corroborated(7/7)
08-07 19:48:35.193 22415 22506 I ReactNativeJS:       #4  04 - Best Served Cold                                   guess    folder:number-corroborated(7/7)
08-07 19:48:35.193 22415 22506 I ReactNativeJS:       #5  05 - The Heroes                                         guess    folder:number-corroborated(7/7)
08-07 19:48:35.193 22415 22506 I ReactNativeJS:       #6  06 - Red Country                                        guess    folder:number-corroborated(7/7)
08-07 19:48:35.193 22415 22506 I ReactNativeJS:       #7  07 - Sharp Ends: Stories from the World of the First L  guess    folder:number-corroborated(7/7)
08-07 19:48:35.194 22415 22506 I ReactNativeJS: "Mistborn"  6 books
08-07 19:48:35.194 22415 22506 I ReactNativeJS:       #1  Mistborn 1 (Michael Kramer)                             likely   alb.name-num-sp
08-07 19:48:35.194 22415 22506 I ReactNativeJS:       #2  Mistborn 2 (Michael Kramer)                             likely   alb.name-num-sp
08-07 19:48:35.194 22415 22506 I ReactNativeJS:       #3  Mistborn 3 (Michael Kramer)                             likely   alb.name-num-sp
08-07 19:48:35.194 22415 22506 I ReactNativeJS:       #4  Mistborn 4 (Michael Kramer)                             likely   alb.name-num-sp
08-07 19:48:35.194 22415 22506 I ReactNativeJS:       #5  Mistborn 5 (Michael Kramer)                             likely   alb.name-num-sp
08-07 19:48:35.194 22415 22506 I ReactNativeJS:       #6  Mistborn 6 (Michael Kramer)                             likely   alb.name-num-sp
08-07 19:48:35.195 22415 22506 I ReactNativeJS: "Shadow Saga"  6 books
08-07 19:48:35.195 22415 22506 I ReactNativeJS:       #1  Shadow 1 - Ender's Shadow                               certain  alb.name-num-dash folder:name-corroborated
08-07 19:48:35.195 22415 22506 I ReactNativeJS:       #3  Shadow 3 - Shadow Puppets                               certain  alb.name-num-dash folder:name-corroborated
08-07 19:48:35.195 22415 22506 I ReactNativeJS:       #6  Shadow of the Hegemon                                   possible folder:name-corroborated(2/6) num:folder
08-07 19:48:35.195 22415 22506 I ReactNativeJS:       #8  008 - Shadow of the Giant                               possible folder:name-corroborated(2/6)
08-07 19:48:35.195 22415 22506 I ReactNativeJS:       #9  Shadows in Flight                                       possible folder:name-corroborated(2/6) num:folder
08-07 19:48:35.195 22415 22506 I ReactNativeJS:      #10  The Last Shadow: Other Tales from the Ender Universe    possible folder:name-corroborated(2/6) num:folder
08-07 19:48:35.197 22415 22506 I ReactNativeJS: "Bobiverse"  5 books
08-07 19:48:35.197 22415 22506 I ReactNativeJS:       #1  Bobiverse 01 We Are Legion (We Are Bob)                 certain  alb.name-num-sp folder:name-corroborated
08-07 19:48:35.197 22415 22506 I ReactNativeJS:       #2  Bobiverse 02 For We Are Many                            certain  alb.name-num-sp folder:name-corroborated
08-07 19:48:35.197 22415 22506 I ReactNativeJS:       #3  Bobiverse 03 All These Worlds                           certain  alb.name-num-sp folder:name-corroborated
08-07 19:48:35.197 22415 22506 I ReactNativeJS:       #4  Bobiverse 04 Heaven's River                             certain  alb.name-num-sp folder:name-corroborated
08-07 19:48:35.197 22415 22506 I ReactNativeJS:       #5  Bobiverse 05 Not Till We Are Lost                       certain  alb.name-num-sp folder:name-corroborated
08-07 19:48:35.198 22415 22506 I ReactNativeJS: "Long Earth"  5 books
08-07 19:48:35.198 22415 22506 I ReactNativeJS:       #1  (Long Earth 01) The Long Earth                          certain  alb.paren-pre folder:name-corroborated
08-07 19:48:35.198 22415 22506 I ReactNativeJS:       #2  (Long Earth 02) The Long War                            certain  alb.paren-pre folder:name-corroborated
08-07 19:48:35.198 22415 22506 I ReactNativeJS:       #3  (Long Earth 03) The Long Mars                           certain  alb.paren-pre folder:name-corroborated
08-07 19:48:35.198 22415 22506 I ReactNativeJS:       #4  (Long Earth 04) The Long Utopia                         certain  alb.paren-pre folder:name-corroborated
08-07 19:48:35.198 22415 22506 I ReactNativeJS:       #5  (Long Earth 05) The Long Cosmos                         certain  alb.paren-pre folder:name-corroborated
08-07 19:48:35.199 22415 22506 I ReactNativeJS: "Lockwood and Co."  4 books
08-07 19:48:35.199 22415 22506 I ReactNativeJS:       #1  Lockwood and Co Book 1 - The Screaming Staircase        certain  alb.series-book-n folder:name-corroborated
08-07 19:48:35.199 22415 22506 I ReactNativeJS:       #2  Lockwood and Co Book 2 - The Whispering Skull           certain  alb.series-book-n folder:name-corroborated
08-07 19:48:35.199 22415 22506 I ReactNativeJS:       #3  Lockwood and Co Book 3 - The Hollow Boy                 certain  alb.series-book-n folder:name-corroborated
08-07 19:48:35.199 22415 22506 I ReactNativeJS:       #5  Lockwood & Co: The Empty Grave (Unabridged)             possible folder:name-corroborated(3/5) num:folder
08-07 19:48:35.200 22415 22506 I ReactNativeJS: "Memory, Sorrow & Thorn"  4 books
08-07 19:48:35.200 22415 22506 I ReactNativeJS:       #1  01 The Dragonbone Chair                                 guess    folder:number-corroborated(4/4)
08-07 19:48:35.200 22415 22506 I ReactNativeJS:       #2  02 The Stone of Farewell                                guess    folder:number-corroborated(4/4)
08-07 19:48:35.200 22415 22506 I ReactNativeJS:       #3  03 To Green Angel Tower - Siege                         guess    folder:number-corroborated(4/4)
08-07 19:48:35.200 22415 22506 I ReactNativeJS:       #4  04 To Green Angel Tower - Storm                         guess    folder:number-corroborated(4/4)
08-07 19:48:35.202 22415 22506 I ReactNativeJS: "The Murderbot Diaries"  4 books
08-07 19:48:35.202 22415 22506 I ReactNativeJS:       #3  Rogue Protocol: The Murderbot Diaries, Book 3           likely   alb.book-suffix
08-07 19:48:35.202 22415 22506 I ReactNativeJS:       #5  Network Effect                                          certain  tag.extra.SERIES
08-07 19:48:35.202 22415 22506 I ReactNativeJS:       #6  The Murderbot Diaries 6: Fugitive Telemetry             likely   alb.name-num-dash
08-07 19:48:35.202 22415 22506 I ReactNativeJS:       #7  Martha Wells - The Murderbot Diaries 07 - System Colla  likely   alb.name-num-dash
08-07 19:48:35.203 22415 22506 I ReactNativeJS: "Bromeliad"  3 books
08-07 19:48:35.203 22415 22506 I ReactNativeJS:       #1  Bromeliad 01 - Truckers                                 certain  alb.name-num-dash folder:name-corroborated
08-07 19:48:35.203 22415 22506 I ReactNativeJS:       #2  Bromeliad 02 - Diggers                                  certain  alb.name-num-dash folder:name-corroborated
08-07 19:48:35.203 22415 22506 I ReactNativeJS:       #3  Bromeliad 03 - Wings                                    certain  alb.name-num-dash folder:name-corroborated
08-07 19:48:35.204 22415 22506 I ReactNativeJS: "Crouch, B"  3 books
08-07 19:48:35.204 22415 22506 I ReactNativeJS:       #1  Crouch, B: 1 Pines                                      likely   alb.name-num-sp
08-07 19:48:35.204 22415 22506 I ReactNativeJS:       #2  Crouch, B: 2 Wayward                                    likely   alb.name-num-sp
08-07 19:48:35.204 22415 22506 I ReactNativeJS:       #3  Crouch, B: 3 The Last Town                              likely   alb.name-num-sp
08-07 19:48:35.206 22415 22506 I ReactNativeJS: "Lord of the Rings"  3 books
08-07 19:48:35.206 22415 22506 I ReactNativeJS:       #1  The Fellowship of the Ring: Lord of the Rings, Book 1   likely   alb.book-suffix
08-07 19:48:35.206 22415 22506 I ReactNativeJS:       #2  The Two Towers: Lord of the Rings, Book 2               likely   alb.book-suffix
08-07 19:48:35.206 22415 22506 I ReactNativeJS:       #3  The Return of the King: Lord of the Rings, Book 3       likely   alb.book-suffix
08-07 19:48:35.207 22415 22506 I ReactNativeJS: "The Age of Madness"  3 books
08-07 19:48:35.207 22415 22506 I ReactNativeJS:       #1  01 - A Little Hatred                                    guess    folder:number-corroborated(3/3)
08-07 19:48:35.207 22415 22506 I ReactNativeJS:       #2  02 - The Trouble with Peace                             guess    folder:number-corroborated(3/3)
08-07 19:48:35.207 22415 22506 I ReactNativeJS:       #3  03 - The Wisdom of Crowds                               guess    folder:number-corroborated(3/3)
08-07 19:48:35.208 22415 22506 I ReactNativeJS: "The Silo Saga"  3 books
08-07 19:48:35.208 22415 22506 I ReactNativeJS:       #1  Wool: The Silo Saga, Book 1                             certain  tag.Grouping alb.book-suffix folder:name-corroborated
08-07 19:48:35.208 22415 22506 I ReactNativeJS:       #2  Shift: The Silo Saga, Book 2                            certain  alb.book-suffix folder:name-corroborated
08-07 19:48:35.208 22415 22506 I ReactNativeJS:       #3  Dust: The Silo Saga, Book 3                             certain  alb.book-suffix folder:name-corroborated
08-07 19:48:35.209 22415 22506 I ReactNativeJS: "TMC"  3 books
08-07 19:48:35.209 22415 22506 I ReactNativeJS:       #1  TMC 01 Thursday Murder Club                             likely   alb.name-num-sp
08-07 19:48:35.209 22415 22506 I ReactNativeJS:       #2  TMC 02 The Man Who Died Twice                           likely   alb.name-num-sp
08-07 19:48:35.209 22415 22506 I ReactNativeJS:       #3  TMC 03 The Bullet That Missed                           likely   alb.name-num-sp
08-07 19:48:35.211 22415 22506 I ReactNativeJS: "Cerulean Chronicles"  2 books
08-07 19:48:35.211 22415 22506 I ReactNativeJS:       #1  Cerulean Chronicles 01 - The House in the Cerulean Sea  certain  tag.extra.SERIES alb.name-num-dash
08-07 19:48:35.211 22415 22506 I ReactNativeJS:       #2  Cerulean Chronicles 02 - Somewhere Beyond the Sea       certain  tag.extra.SERIES alb.name-num-dash
08-07 19:48:35.212 22415 22506 I ReactNativeJS: "Kingkiller Chronicle"  2 books
08-07 19:48:35.212 22415 22506 I ReactNativeJS:       #1  Kingkiller Chronicle 01 The Name of the Wind            likely   alb.name-num-sp
08-07 19:48:35.212 22415 22506 I ReactNativeJS:       #2  Kingkiller Chronicle 02 The Wise Man's Fear             likely   alb.name-num-sp
08-07 19:48:35.213 22415 22506 I ReactNativeJS: "Red Rising"  2 books
08-07 19:48:35.213 22415 22506 I ReactNativeJS:       #5  Red Rising, Book 5 - Dark Age                           likely   alb.series-book-n
08-07 19:48:35.213 22415 22506 I ReactNativeJS:       #6  Light Bringer: Red Rising, Book 6                       likely   alb.book-suffix
08-07 19:48:35.307 22415 22506 I ReactNativeJS: ==========================================================================
08-07 19:48:35.307 22415 22506 I ReactNativeJS: [detect] FULL (+ uncorroborated folders) — 32 series, 247 books placed
08-07 19:48:35.307 22415 22506 I ReactNativeJS: ==========================================================================
08-07 19:48:35.310 22415 22506 I ReactNativeJS: "Discworld"  41 books
08-07 19:48:35.310 22415 22506 I ReactNativeJS:       #1  Discworld 01 - The Colour of Magic                      certain  alb.name-num-dash folder:name-corroborated split:number-collision(49% dupes -> 2 folders)
08-07 19:48:35.310 22415 22506 I ReactNativeJS:       #2  Discworld 02 - The Light Fantastic                      certain  alb.name-num-dash folder:name-corroborated split:number-collision(49% dupes -> 2 folders)
08-07 19:48:35.310 22415 22506 I ReactNativeJS:       #3  Discworld 03 - Equal Rites                              certain  alb.name-num-dash folder:name-corroborated split:number-collision(49% dupes -> 2 folders)
08-07 19:48:35.310 22415 22506 I ReactNativeJS:       #4  Discworld 04 - Mort                                     certain  alb.name-num-dash folder:name-corroborated split:number-collision(49% dupes -> 2 folders)
08-07 19:48:35.310 22415 22506 I ReactNativeJS:       #5  Discworld 05 - Sourcery                                 certain  alb.name-num-dash folder:name-corroborated split:number-collision(49% dupes -> 2 folders)
08-07 19:48:35.310 22415 22506 I ReactNativeJS:       #6  Discworld 06 -  Wyrd Sisters                            certain  alb.name-num-dash folder:name-corroborated split:number-collision(49% dupes -> 2 folders)
08-07 19:48:35.310 22415 22506 I ReactNativeJS:       #7  Discworld 07 - Pyramids                                 certain  alb.name-num-dash folder:name-corroborated split:number-collision(49% dupes -> 2 folders)
08-07 19:48:35.310 22415 22506 I ReactNativeJS:       #8  Discworld 08 - Guards! Guards!                          certain  alb.name-num-dash folder:name-corroborated split:number-collision(49% dupes -> 2 folders)
08-07 19:48:35.310 22415 22506 I ReactNativeJS:       #9  Discworld 09 - Eric                                     certain  alb.name-num-dash folder:name-corroborated split:number-collision(49% dupes -> 2 folders)
08-07 19:48:35.310 22415 22506 I ReactNativeJS:      #10  Discworld 10 - Moving Pictures                          certain  alb.name-num-dash folder:name-corroborated split:number-collision(49% dupes -> 2 folders)
08-07 19:48:35.310 22415 22506 I ReactNativeJS:      #11  Discworld 11 - Reaper Man                               certain  alb.name-num-dash folder:name-corroborated split:number-collision(49% dupes -> 2 folders)
08-07 19:48:35.310 22415 22506 I ReactNativeJS:      #12  Discworld 12 - Witches Abroad                           certain  alb.name-num-dash folder:name-corroborated split:number-collision(49% dupes -> 2 folders)
08-07 19:48:35.310 22415 22506 I ReactNativeJS:      #13  Discworld 13 - Small Gods                               certain  tag.Grouping+bare-num alb.name-num-dash folder:name-corroborated split:number-collision(49% dupes -> 2 folders)
08-07 19:48:35.310 22415 22506 I ReactNativeJS:      #14  Discworld 14 - Lords and Ladies                         certain  alb.name-num-dash folder:name-corroborated split:number-collision(49% dupes -> 2 folders)
08-07 19:48:35.310 22415 22506 I ReactNativeJS:      #15  Discworld 15 - Men At Arms                              certain  alb.name-num-dash folder:name-corroborated split:number-collision(49% dupes -> 2 folders)
08-07 19:48:35.310 22415 22506 I ReactNativeJS:      #16  Discworld 16 - Soul Music                               certain  alb.name-num-dash folder:name-corroborated split:number-collision(49% dupes -> 2 folders)
08-07 19:48:35.310 22415 22506 I ReactNativeJS:      #17  Discworld 17 - Interesting Times                        certain  alb.name-num-dash folder:name-corroborated split:number-collision(49% dupes -> 2 folders)
08-07 19:48:35.310 22415 22506 I ReactNativeJS:      #18  Discworld 18 - Maskerade                                certain  alb.name-num-dash folder:name-corroborated split:number-collision(49% dupes -> 2 folders)
08-07 19:48:35.310 22415 22506 I ReactNativeJS:      #19  Discworld 19 - Feet of Clay                             certain  alb.name-num-dash folder:name-corroborated split:number-collision(49% dupes -> 2 folders)
08-07 19:48:35.310 22415 22506 I ReactNativeJS:      #20  Discworld 20 - Hogfather                                certain  alb.name-num-dash folder:name-corroborated split:number-collision(49% dupes -> 2 folders)
08-07 19:48:35.310 22415 22506 I ReactNativeJS:      #21  Discworld 21 - Jingo                                    certain  alb.name-num-dash folder:name-corroborated split:number-collision(49% dupes -> 2 folders)
08-07 19:48:35.310 22415 22506 I ReactNativeJS:      #22  Discworld 22 - The Last Continent                       certain  alb.name-num-dash folder:name-corroborated split:number-collision(49% dupes -> 2 folders)
08-07 19:48:35.310 22415 22506 I ReactNativeJS:      #23  Discworld 23 - Carpe Jugulum                            certain  alb.name-num-dash folder:name-corroborated split:number-collision(49% dupes -> 2 folders)
08-07 19:48:35.310 22415 22506 I ReactNativeJS:      #24  Discworld 24 - The Fifth Elephant                       certain  alb.name-num-dash folder:name-corroborated split:number-collision(49% dupes -> 2 folders)
08-07 19:48:35.310 22415 22506 I ReactNativeJS:      #25  Discworld 25 - The Truth                                certain  alb.name-num-dash folder:name-corroborated split:number-collision(49% dupes -> 2 folders)
08-07 19:48:35.310 22415 22506 I ReactNativeJS:      #26  Discworld 26 - Thief of Time                            certain  alb.name-num-dash folder:name-corroborated split:number-collision(49% dupes -> 2 folders)
08-07 19:48:35.310 22415 22506 I ReactNativeJS:      #27  Discworld 27 - The Last Hero                            certain  alb.name-num-dash folder:name-corroborated split:number-collision(49% dupes -> 2 folders)
08-07 19:48:35.310 22415 22506 I ReactNativeJS:      #28  Discworld 28 - The Amazing Maurice and His Educated Ro  certain  alb.name-num-dash folder:name-corroborated split:number-collision(49% dupes -> 2 folders)
08-07 19:48:35.310 22415 22506 I ReactNativeJS:      #29  Discworld 29 - Night Watch                              certain  alb.name-num-dash folder:name-corroborated split:number-collision(49% dupes -> 2 folders)
08-07 19:48:35.310 22415 22506 I ReactNativeJS:      #30  Discworld 30 - The Wee Free Men                         certain  alb.name-num-dash folder:name-corroborated split:number-collision(49% dupes -> 2 folders)
08-07 19:48:35.310 22415 22506 I ReactNativeJS:      #31  Discworld 31 - Monstrous Regiment                       certain  alb.name-num-dash folder:name-corroborated split:number-collision(49% dupes -> 2 folders)
08-07 19:48:35.310 22415 22506 I ReactNativeJS:      #32  Discworld 32 - A Hat Full of Sky                        certain  alb.name-num-dash folder:name-corroborated split:number-collision(49% dupes -> 2 folders)
08-07 19:48:35.310 22415 22506 I ReactNativeJS:      #33  Discworld 33 - Going Postal                             certain  alb.name-num-dash folder:name-corroborated split:number-collision(49% dupes -> 2 folders)
08-07 19:48:35.310 22415 22506 I ReactNativeJS:      #34  Discworld 34 - Thud!                                    certain  alb.name-num-dash folder:name-corroborated split:number-collision(49% dupes -> 2 folders)
08-07 19:48:35.310 22415 22506 I ReactNativeJS:      #35  Discworld 35 - Wintersmith                              certain  alb.name-num-dash folder:name-corroborated split:number-collision(49% dupes -> 2 folders)
08-07 19:48:35.310 22415 22506 I ReactNativeJS:      #36  Discworld 36 - Making Money                             certain  alb.name-num-dash folder:name-corroborated split:number-collision(49% dupes -> 2 folders)
08-07 19:48:35.310 22415 22506 I ReactNativeJS:      #37  Discworld 37 - Unseen Academicals                       certain  tag.Grouping+bare-num alb.name-num-dash folder:name-corroborated split:number-collision(49% dupes -> 2 folders)
08-07 19:48:35.310 22415 22506 I ReactNativeJS:      #38  DW38-I Shall Wear Midnight                              possible folder:name-corroborated(37/41) num:folder split:number-collision(49% dupes -> 2 folders)
08-07 19:48:35.310 22415 22506 I ReactNativeJS:      #39  Snuff                                                   possible folder:name-corroborated(37/41) num:folder split:number-collision(49% dupes -> 2 folders)
08-07 19:48:35.310 22415 22506 I ReactNativeJS:      #40  Raising Steam                                           possible folder:name-corroborated(37/41) num:folder split:number-collision(49% dupes -> 2 folders)
08-07 19:48:35.310 22415 22506 I ReactNativeJS:      #41  The Shepherd's Crown                                    possible folder:name-corroborated(37/41) num:folder split:number-collision(49% dupes -> 2 folders)
08-07 19:48:35.311 22415 22506 I ReactNativeJS: "Discworld (2022)"  39 books
08-07 19:48:35.311 22415 22506 I ReactNativeJS:       #1  The Colour of Magic                                     possible folder:name-corroborated(10/39) num:folder split:number-collision(49% dupes -> 2 folders)
08-07 19:48:35.311 22415 22506 I ReactNativeJS:       #2  The Light Fantastic                                     possible folder:name-corroborated(10/39) num:folder split:number-collision(49% dupes -> 2 folders)
08-07 19:48:35.311 22415 22506 I ReactNativeJS:       #3  Equal Rites                                             possible folder:name-corroborated(10/39) num:folder split:number-collision(49% dupes -> 2 folders)
08-07 19:48:35.311 22415 22506 I ReactNativeJS:       #4  Mort (#4)                                               possible folder:name-corroborated(10/39) split:number-collision(49% dupes -> 2 folders)
08-07 19:48:35.311 22415 22506 I ReactNativeJS:       #5  Sourcery (#5)                                           possible folder:name-corroborated(10/39) split:number-collision(49% dupes -> 2 folders)
08-07 19:48:35.311 22415 22506 I ReactNativeJS:       #7  Pyramids: Discworld, Book 7                             certain  alb.book-suffix folder:name-corroborated split:number-collision(49% dupes -> 2 folders)
08-07 19:48:35.311 22415 22506 I ReactNativeJS:       #8  Guards! Guards! (Unabridged)                            possible folder:name-corroborated(10/39) num:folder split:number-collision(49% dupes -> 2 folders)
08-07 19:48:35.311 22415 22506 I ReactNativeJS:       #9  (#9) Eric                                               possible folder:name-corroborated(10/39) split:number-collision(49% dupes -> 2 folders)
08-07 19:48:35.311 22415 22506 I ReactNativeJS:      #10  Moving Pictures: Discworld, Book 10                     certain  alb.book-suffix folder:name-corroborated split:number-collision(49% dupes -> 2 folders)
08-07 19:48:35.311 22415 22506 I ReactNativeJS:      #11  (#11) Reaper Man                                        possible folder:name-corroborated(10/39) split:number-collision(49% dupes -> 2 folders)
08-07 19:48:35.311 22415 22506 I ReactNativeJS:      #12  Witches Abroad                                          possible folder:name-corroborated(10/39) num:folder split:number-collision(49% dupes -> 2 folders)
08-07 19:48:35.311 22415 22506 I ReactNativeJS:      #13  Small Gods (#13)                                        possible folder:name-corroborated(10/39) split:number-collision(49% dupes -> 2 folders)
08-07 19:48:35.311 22415 22506 I ReactNativeJS:      #14  Lords and Ladies                                        possible folder:name-corroborated(10/39) num:folder split:number-collision(49% dupes -> 2 folders)
08-07 19:48:35.311 22415 22506 I ReactNativeJS:      #15  Men at Arms (Unabridged)                                possible folder:name-corroborated(10/39) num:folder split:number-collision(49% dupes -> 2 folders)
08-07 19:48:35.311 22415 22506 I ReactNativeJS:      #16  (#16) Soul Music                                        possible folder:name-corroborated(10/39) split:number-collision(49% dupes -> 2 folders)
08-07 19:48:35.311 22415 22506 I ReactNativeJS:      #17  (#17) Interesting Times                                 possible folder:name-corroborated(10/39) split:number-collision(49% dupes -> 2 folders)
08-07 19:48:35.311 22415 22506 I ReactNativeJS:      #18  Maskerade                                               possible folder:name-corroborated(10/39) num:folder split:number-collision(49% dupes -> 2 folders)
08-07 19:48:35.311 22415 22506 I ReactNativeJS:      #19  Feet of Clay (Unabridged)                               possible folder:name-corroborated(10/39) num:folder split:number-collision(49% dupes -> 2 folders)
08-07 19:48:35.311 22415 22506 I ReactNativeJS:      #20  Hogfather: Discworld, Book 20                           certain  alb.book-suffix folder:name-corroborated split:number-collision(49% dupes -> 2 folders)
08-07 19:48:35.311 22415 22506 I ReactNativeJS:      #21  Jingo (Unabridged)                                      possible folder:name-corroborated(10/39) num:folder split:number-collision(49% dupes -> 2 folders)
08-07 19:48:35.311 22415 22506 I ReactNativeJS:      #22  The Last Continent: Discworld, Book 22                  certain  alb.book-suffix folder:name-corroborated split:number-collision(49% dupes -> 2 folders)
08-07 19:48:35.311 22415 22506 I ReactNativeJS:      #23  Carpe Jugulum                                           possible folder:name-corroborated(10/39) num:folder split:number-collision(49% dupes -> 2 folders)
08-07 19:48:35.311 22415 22506 I ReactNativeJS:      #24  The Fifth Elephant (Unabridged)                         possible folder:name-corroborated(10/39) num:folder split:number-collision(49% dupes -> 2 folders)
08-07 19:48:35.311 22415 22506 I ReactNativeJS:      #25  The Truth (Unabridged)                                  possible folder:name-corroborated(10/39) num:folder split:number-collision(49% dupes -> 2 folders)
08-07 19:48:35.311 22415 22506 I ReactNativeJS:      #26  Thief of Time (#26)                                     possible folder:name-corroborated(10/39) split:number-collision(49% dupes -> 2 folders)
08-07 19:48:35.311 22415 22506 I ReactNativeJS:      #28  The Amazing Maurice and His Educated Rodents (#28)      possible folder:name-corroborated(10/39) split:number-collision(49% dupes -> 2 folders)
08-07 19:48:35.311 22415 22506 I ReactNativeJS:      #29  Night Watch: Discworld, Book 29                         certain  alb.book-suffix folder:name-corroborated split:number-collision(49% dupes -> 2 folders)
08-07 19:48:35.311 22415 22506 I ReactNativeJS:      #30  The Wee Free Men: Discworld, Book 30                    certain  alb.book-suffix folder:name-corroborated split:number-collision(49% dupes -> 2 folders)
08-07 19:48:35.311 22415 22506 I ReactNativeJS:      #31  (#31) Monstrous Regiment                                possible folder:name-corroborated(10/39) split:number-collision(49% dupes -> 2 folders)
08-07 19:48:35.311 22415 22506 I ReactNativeJS:      #32  A Hat Full of Sky: Discworld, Book 32                   certain  alb.book-suffix folder:name-corroborated split:number-collision(49% dupes -> 2 folders)
08-07 19:48:35.311 22415 22506 I ReactNativeJS:      #33  Going Postal (Unabridged)                               possible folder:name-corroborated(10/39) num:folder split:number-collision(49% dupes -> 2 folders)
08-07 19:48:35.311 22415 22506 I ReactNativeJS:      #34  Thud!: Discworld, Book 34                               certain  alb.book-suffix folder:name-corroborated split:number-collision(49% dupes -> 2 folders)
08-07 19:48:35.311 22415 22506 I ReactNativeJS:      #35  Wintersmith: Discworld, Book 35                         certain  alb.book-suffix folder:name-corroborated split:number-collision(49% dupes -> 2 folders)
08-07 19:48:35.311 22415 22506 I ReactNativeJS:      #36  Making Money (Unabridged)                               possible folder:name-corroborated(10/39) num:folder split:number-collision(49% dupes -> 2 folders)
08-07 19:48:35.311 22415 22506 I ReactNativeJS:      #37  Unseen Academicals: Discworld Book, 37                  possible folder:name-corroborated(10/39) num:folder split:number-collision(49% dupes -> 2 folders)
08-07 19:48:35.311 22415 22506 I ReactNativeJS:      #38  I Shall Wear Midnight (Unabridged)                      possible folder:name-corroborated(10/39) num:folder split:number-collision(49% dupes -> 2 folders)
08-07 19:48:35.311 22415 22506 I ReactNativeJS:      #39  Snuff: Discworld, Book 39                               certain  alb.book-suffix folder:name-corroborated split:number-collision(49% dupes -> 2 folders)
08-07 19:48:35.311 22415 22506 I ReactNativeJS:      #40  Raising Steam (Unabridged)                              possible folder:name-corroborated(10/39) num:folder split:number-collision(49% dupes -> 2 folders)
08-07 19:48:35.311 22415 22506 I ReactNativeJS:      #41  The Shepherd's Crown (Unabridged)                       possible folder:name-corroborated(10/39) num:folder split:number-collision(49% dupes -> 2 folders)
08-07 19:48:35.313 22415 22506 I ReactNativeJS: "Dresden Files"  22 books
08-07 19:48:35.313 22415 22506 I ReactNativeJS:       #1  Storm Front: The Dresden Files, Book 1 (Unabridged)     certain  tag.extra.SERIES alb.book-suffix folder:name-corroborated
08-07 19:48:35.313 22415 22506 I ReactNativeJS:       #2  Fool Moon: The Dresden Files, Book 2 (Unabridged)       certain  tag.extra.SERIES alb.book-suffix folder:name-corroborated
08-07 19:48:35.313 22415 22506 I ReactNativeJS:       #3  Grave Peril: The Dresden Files, Book 3 (Unabridged)     certain  tag.extra.SERIES alb.book-suffix folder:name-corroborated
08-07 19:48:35.313 22415 22506 I ReactNativeJS:       #4  Summer Knight: The Dresden Files, Book 4 (Unabridged)   certain  tag.extra.SERIES alb.book-suffix folder:name-corroborated
08-07 19:48:35.313 22415 22506 I ReactNativeJS:       #5  Death Masks: The Dresden Files, Book 5 (Unabridged)     certain  tag.extra.SERIES alb.book-suffix folder:name-corroborated
08-07 19:48:35.313 22415 22506 I ReactNativeJS:       #6  Blood Rites: The Dresden Files, Book 6 (Unabridged)     certain  tag.extra.SERIES alb.book-suffix folder:name-corroborated
08-07 19:48:35.313 22415 22506 I ReactNativeJS:       #7  Dead Beat: The Dresden Files, Book 7 (Unabridged)       certain  tag.extra.SERIES alb.book-suffix folder:name-corroborated
08-07 19:48:35.313 22415 22506 I ReactNativeJS:       #8  Proven Guilty: The Dresden Files, Book 8 (Unabridged)   certain  tag.extra.SERIES alb.book-suffix folder:name-corroborated
08-07 19:48:35.313 22415 22506 I ReactNativeJS:       #9  White Night: The Dresden Files, Book 9 (Unabridged)     certain  tag.extra.SERIES alb.book-suffix folder:name-corroborated
08-07 19:48:35.313 22415 22506 I ReactNativeJS:      #10  The Dresden Files #10: Small Favor                      certain  tag.Grouping alb.hash-colon folder:name-corroborated
08-07 19:48:35.313 22415 22506 I ReactNativeJS:      #11  The Dresden Files #11: Turn Coat                        certain  tag.Grouping alb.hash-colon folder:name-corroborated
08-07 19:48:35.313 22415 22506 I ReactNativeJS:      #12  The Dresden Files #12: Changes                          certain  tag.Grouping alb.hash-colon folder:name-corroborated
08-07 19:48:35.313 22415 22506 I ReactNativeJS:    #12.5  The Dresden Files #12.5: Side Jobs                      certain  tag.Grouping alb.hash-colon folder:name-corroborated
08-07 19:48:35.313 22415 22506 I ReactNativeJS:      #13  The Dresden Files #13: Ghost Story                      certain  tag.Grouping alb.hash-colon folder:name-corroborated
08-07 19:48:35.313 22415 22506 I ReactNativeJS:      #14  The Dresden Files #14: Cold Days                        certain  tag.Grouping alb.hash-colon folder:name-corroborated
08-07 19:48:35.313 22415 22506 I ReactNativeJS:      #15  The Dresden Files #15: Skin Game                        certain  tag.Grouping alb.hash-colon folder:name-corroborated
08-07 19:48:35.313 22415 22506 I ReactNativeJS:    #15.5  Brief Cases (Unabridged)                                certain  tag.extra.SERIES folder:name-corroborated
08-07 19:48:35.313 22415 22506 I ReactNativeJS:      #16  Peace Talks (Unabridged)                                certain  tag.extra.SERIES folder:name-corroborated
08-07 19:48:35.313 22415 22506 I ReactNativeJS:      #17  Battle Ground (Unabridged)                              certain  tag.extra.SERIES folder:name-corroborated
08-07 19:48:35.313 22415 22506 I ReactNativeJS:    #17.5  The Law                                                 certain  tag.extra.SERIES folder:name-corroborated
08-07 19:48:35.313 22415 22506 I ReactNativeJS:      #18  Twelve Months (Unabridged)                              certain  tag.extra.SERIES folder:name-corroborated
08-07 19:48:35.313 22415 22506 I ReactNativeJS:        —  Heroic Hearts (Unabridged)                              possible folder:name-corroborated(21/22)
08-07 19:48:35.335 22415 22506 I ReactNativeJS: "Demon Accords"  17 books
08-07 19:48:35.335 22415 22506 I ReactNativeJS:       #1  Book 01 - God Touched - Demon Accords Series            certain  alb.book-dash-series folder:name-corroborated
08-07 19:48:35.335 22415 22506 I ReactNativeJS:       #1  Volume 01 - The Demon Accords Compendium                possible folder:name-corroborated(14/17)
08-07 19:48:35.335 22415 22506 I ReactNativeJS:       #2  Book 02 - Demon Driven - Demon Accords Series           certain  alb.book-dash-series folder:name-corroborated
08-07 19:48:35.335 22415 22506 I ReactNativeJS:       #2  Volume 02 - The Demon Accords Compendium                possible folder:name-corroborated(14/17)
08-07 19:48:35.335 22415 22506 I ReactNativeJS:       #3  Book 03 - Brutal Asset - Demon Accords Series           certain  alb.book-dash-series folder:name-corroborated
08-07 19:48:35.335 22415 22506 I ReactNativeJS:       #3  Volume 3 - The Demon Accords Compendium                 possible folder:name-corroborated(14/17)
08-07 19:48:35.335 22415 22506 I ReactNativeJS:     #3.5  Book 03.5 - Black Frost - Demon Accords Series          certain  alb.book-dash-series folder:name-corroborated
08-07 19:48:35.335 22415 22506 I ReactNativeJS:       #4  Book 04 - Duel Nature - Demon Accords Series            certain  alb.book-dash-series folder:name-corroborated
08-07 19:48:35.335 22415 22506 I ReactNativeJS:       #5  Book 05 - Fallen Stars - Demon Accords Series           certain  alb.book-dash-series folder:name-corroborated
08-07 19:48:35.335 22415 22506 I ReactNativeJS:       #6  Book 06 - Executable - Demon Accords Series             certain  alb.book-dash-series folder:name-corroborated
08-07 19:48:35.335 22415 22506 I ReactNativeJS:       #7  Book 07 - Forced Ascent - Demon Accords Series          certain  alb.book-dash-series folder:name-corroborated
08-07 19:48:35.335 22415 22506 I ReactNativeJS:       #8  Book 08 Part 1 - College Arcane - Demon Accords Series  certain  alb.book-dash-series folder:name-corroborated
08-07 19:48:35.335 22415 22506 I ReactNativeJS:       #8  Book 08 Part 2 - College Arcane - Demon Accords Series  certain  alb.book-dash-series folder:name-corroborated
08-07 19:48:35.335 22415 22506 I ReactNativeJS:       #9  Book 09 - God Hammer - Demon Accords Series             certain  alb.book-dash-series folder:name-corroborated
08-07 19:48:35.335 22415 22506 I ReactNativeJS:      #10  Book 10 - Rogues - Demon Accords Series                 certain  alb.book-dash-series folder:name-corroborated
08-07 19:48:35.335 22415 22506 I ReactNativeJS:      #11  Book 11 - Snake Eyes - Demon Accords Series             certain  alb.book-dash-series folder:name-corroborated
08-07 19:48:35.335 22415 22506 I ReactNativeJS:      #12  Book 12 - Winterfall - Demon Accords Series             certain  alb.book-dash-series folder:name-corroborated
08-07 19:48:35.337 22415 22506 I ReactNativeJS: "Rivers of London"  16 books
08-07 19:48:35.337 22415 22506 I ReactNativeJS:        —  A Rare Book of Cunning Device                           guess    folder:UNCORROBORATED(16 books, nothing in the tags agrees)
08-07 19:48:35.337 22415 22506 I ReactNativeJS:        —  Amongst Our Weapons                                     guess    folder:UNCORROBORATED(16 books, nothing in the tags agrees)
08-07 19:48:35.337 22415 22506 I ReactNativeJS:        —  Ben Aaronovitch - Rivers of London Series [2011-2022]   guess    folder:UNCORROBORATED(16 books, nothing in the tags agrees)
08-07 19:48:35.337 22415 22506 I ReactNativeJS:        —  Broken Homes                                            guess    folder:UNCORROBORATED(16 books, nothing in the tags agrees)
08-07 19:48:35.337 22415 22506 I ReactNativeJS:        —  False Value                                             guess    folder:UNCORROBORATED(16 books, nothing in the tags agrees)
08-07 19:48:35.337 22415 22506 I ReactNativeJS:        —  Foxglove Summer                                         guess    folder:UNCORROBORATED(16 books, nothing in the tags agrees)
08-07 19:48:35.337 22415 22506 I ReactNativeJS:        —  Lies Sleeping                                           guess    folder:UNCORROBORATED(16 books, nothing in the tags agrees)
08-07 19:48:35.337 22415 22506 I ReactNativeJS:        —  Moon Over Soho                                          guess    folder:UNCORROBORATED(16 books, nothing in the tags agrees)
08-07 19:48:35.337 22415 22506 I ReactNativeJS:        —  Rivers of London (Midnight Riot)                        guess    folder:UNCORROBORATED(16 books, nothing in the tags agrees)
08-07 19:48:35.337 22415 22506 I ReactNativeJS:        —  Tales from the Folly                                    guess    folder:UNCORROBORATED(16 books, nothing in the tags agrees)
08-07 19:48:35.337 22415 22506 I ReactNativeJS:        —  The Furthest Station                                    guess    folder:UNCORROBORATED(16 books, nothing in the tags agrees)
08-07 19:48:35.337 22415 22506 I ReactNativeJS:        —  The Hanging Tree                                        guess    folder:UNCORROBORATED(16 books, nothing in the tags agrees)
08-07 19:48:35.337 22415 22506 I ReactNativeJS:        —  The Masquerades of Spring                               guess    folder:UNCORROBORATED(16 books, nothing in the tags agrees)
08-07 19:48:35.337 22415 22506 I ReactNativeJS:        —  The October Man: Rivers of London Novella               guess    folder:UNCORROBORATED(16 books, nothing in the tags agrees)
08-07 19:48:35.337 22415 22506 I ReactNativeJS:        —  What Abigail Did That Summer                            guess    folder:UNCORROBORATED(16 books, nothing in the tags agrees)
08-07 19:48:35.337 22415 22506 I ReactNativeJS:        —  Whispers Under Ground                                   guess    folder:UNCORROBORATED(16 books, nothing in the tags agrees)
08-07 19:48:35.339 22415 22506 I ReactNativeJS: "Dungeon Crawler Carl"  8 books
08-07 19:48:35.339 22415 22506 I ReactNativeJS:       #1  Dungeon Crawler Carl (Unabridged)                       certain  tag.extra.SERIES folder:name-corroborated
08-07 19:48:35.339 22415 22506 I ReactNativeJS:       #2  Carl's Doomsday Scenario: Dungeon Crawler Carl, Book 2  certain  alb.book-suffix folder:name-corroborated
08-07 19:48:35.339 22415 22506 I ReactNativeJS:       #3  The Dungeon Anarchist's Cookbook: Dungeon Crawler Carl  certain  alb.book-suffix folder:name-corroborated
08-07 19:48:35.339 22415 22506 I ReactNativeJS:       #4  The Gate of the Feral Gods: Dungeon Crawler Carl, Book  certain  alb.book-suffix folder:name-corroborated
08-07 19:48:35.339 22415 22506 I ReactNativeJS:       #5  The Butcher's Masquerade: Dungeon Crawler Carl, Book 5  certain  alb.book-suffix folder:name-corroborated
08-07 19:48:35.339 22415 22506 I ReactNativeJS:       #6  The Eye of the Bedlam Bride: Dungeon Crawler Carl, Boo  certain  alb.book-suffix folder:name-corroborated
08-07 19:48:35.339 22415 22506 I ReactNativeJS:       #7  This Inevitable Ruin                                    certain  tag.extra.SERIES folder:name-corroborated
08-07 19:48:35.339 22415 22506 I ReactNativeJS:        —  A Parade of Horribles                                   possible folder:name-corroborated(7/8)
08-07 19:48:35.340 22415 22506 I ReactNativeJS: "The Dark Tower"  8 books
08-07 19:48:35.340 22415 22506 I ReactNativeJS:       #1  The Dark Tower I: The Gunslinger                        certain  alb.roman folder:name-corroborated
08-07 19:48:35.340 22415 22506 I ReactNativeJS:       #2  The Dark Tower II: The Drawing Of The Three             certain  alb.roman folder:name-corroborated
08-07 19:48:35.340 22415 22506 I ReactNativeJS:       #4  The Dark Tower IV: Wizard & Glass                       certain  alb.roman folder:name-corroborated
08-07 19:48:35.340 22415 22506 I ReactNativeJS:       #5  The Dark Tower V: Wolves Of The Calla                   certain  alb.roman folder:name-corroborated
08-07 19:48:35.340 22415 22506 I ReactNativeJS:       #6  The Dark Tower VI: Song Of Susannah                     certain  alb.roman folder:name-corroborated
08-07 19:48:35.340 22415 22506 I ReactNativeJS:       #7  The Dark Tower VII: The Dark Tower                      certain  alb.roman folder:name-corroborated
08-07 19:48:35.340 22415 22506 I ReactNativeJS:        —  1991 - The Waste Lands (DT3 - read by Frank Muller)     possible folder:name-corroborated(6/8)
08-07 19:48:35.340 22415 22506 I ReactNativeJS:        —  LEGENDS - Stories by The Masters of Fantasy             possible folder:name-corroborated(6/8)
08-07 19:48:35.342 22415 22506 I ReactNativeJS: "Enders Game"  7 books
08-07 19:48:35.342 22415 22506 I ReactNativeJS:       #1  001 - Enders Game                                       guess    folder:UNCORROBORATED(21 books, nothing in the tags agrees)
08-07 19:48:35.342 22415 22506 I ReactNativeJS:        —  A War Of Gifts                                          guess    folder:UNCORROBORATED(21 books, nothing in the tags agrees)
08-07 19:48:35.342 22415 22506 I ReactNativeJS:        —  Children of the Fleet (Unabridged)                      guess    folder:UNCORROBORATED(21 books, nothing in the tags agrees)
08-07 19:48:35.342 22415 22506 I ReactNativeJS:        —  Ender in Exile                                          guess    folder:UNCORROBORATED(21 books, nothing in the tags agrees)
08-07 19:48:35.342 22415 22506 I ReactNativeJS:        —  Ender08 - Short Stories                                 guess    folder:UNCORROBORATED(21 books, nothing in the tags agrees)
08-07 19:48:35.342 22415 22506 I ReactNativeJS:        —  Ender08 - Short Stories                                 guess    folder:UNCORROBORATED(21 books, nothing in the tags agrees)
08-07 19:48:35.342 22415 22506 I ReactNativeJS:        —  First Meetings                                          guess    folder:UNCORROBORATED(21 books, nothing in the tags agrees)
08-07 19:48:35.343 22415 22506 I ReactNativeJS: "The First Law"  7 books
08-07 19:48:35.343 22415 22506 I ReactNativeJS:       #1  01 - The Blade Itself                                   guess    folder:number-corroborated(7/7)
08-07 19:48:35.343 22415 22506 I ReactNativeJS:       #2  02 - Before They Are Hanged                             guess    folder:number-corroborated(7/7)
08-07 19:48:35.343 22415 22506 I ReactNativeJS:       #3  03 - Last Argument of Kings                             guess    folder:number-corroborated(7/7)
08-07 19:48:35.343 22415 22506 I ReactNativeJS:       #4  04 - Best Served Cold                                   guess    folder:number-corroborated(7/7)
08-07 19:48:35.343 22415 22506 I ReactNativeJS:       #5  05 - The Heroes                                         guess    folder:number-corroborated(7/7)
08-07 19:48:35.343 22415 22506 I ReactNativeJS:       #6  06 - Red Country                                        guess    folder:number-corroborated(7/7)
08-07 19:48:35.343 22415 22506 I ReactNativeJS:       #7  07 - Sharp Ends: Stories from the World of the First L  guess    folder:number-corroborated(7/7)
08-07 19:48:35.345 22415 22506 I ReactNativeJS: "Mistborn"  6 books
08-07 19:48:35.345 22415 22506 I ReactNativeJS:       #1  Mistborn 1 (Michael Kramer)                             likely   alb.name-num-sp
08-07 19:48:35.345 22415 22506 I ReactNativeJS:       #2  Mistborn 2 (Michael Kramer)                             likely   alb.name-num-sp
08-07 19:48:35.345 22415 22506 I ReactNativeJS:       #3  Mistborn 3 (Michael Kramer)                             likely   alb.name-num-sp
08-07 19:48:35.345 22415 22506 I ReactNativeJS:       #4  Mistborn 4 (Michael Kramer)                             likely   alb.name-num-sp
08-07 19:48:35.345 22415 22506 I ReactNativeJS:       #5  Mistborn 5 (Michael Kramer)                             likely   alb.name-num-sp
08-07 19:48:35.345 22415 22506 I ReactNativeJS:       #6  Mistborn 6 (Michael Kramer)                             likely   alb.name-num-sp
08-07 19:48:35.346 22415 22506 I ReactNativeJS: "Shadow Saga"  6 books
08-07 19:48:35.346 22415 22506 I ReactNativeJS:       #1  Shadow 1 - Ender's Shadow                               certain  alb.name-num-dash folder:name-corroborated
08-07 19:48:35.346 22415 22506 I ReactNativeJS:       #3  Shadow 3 - Shadow Puppets                               certain  alb.name-num-dash folder:name-corroborated
08-07 19:48:35.346 22415 22506 I ReactNativeJS:       #6  Shadow of the Hegemon                                   possible folder:name-corroborated(2/6) num:folder
08-07 19:48:35.346 22415 22506 I ReactNativeJS:       #8  008 - Shadow of the Giant                               possible folder:name-corroborated(2/6)
08-07 19:48:35.346 22415 22506 I ReactNativeJS:       #9  Shadows in Flight                                       possible folder:name-corroborated(2/6) num:folder
08-07 19:48:35.346 22415 22506 I ReactNativeJS:      #10  The Last Shadow: Other Tales from the Ender Universe    possible folder:name-corroborated(2/6) num:folder
08-07 19:48:35.347 22415 22506 I ReactNativeJS: "Bobiverse"  5 books
08-07 19:48:35.347 22415 22506 I ReactNativeJS:       #1  Bobiverse 01 We Are Legion (We Are Bob)                 certain  alb.name-num-sp folder:name-corroborated
08-07 19:48:35.347 22415 22506 I ReactNativeJS:       #2  Bobiverse 02 For We Are Many                            certain  alb.name-num-sp folder:name-corroborated
08-07 19:48:35.347 22415 22506 I ReactNativeJS:       #3  Bobiverse 03 All These Worlds                           certain  alb.name-num-sp folder:name-corroborated
08-07 19:48:35.347 22415 22506 I ReactNativeJS:       #4  Bobiverse 04 Heaven's River                             certain  alb.name-num-sp folder:name-corroborated
08-07 19:48:35.347 22415 22506 I ReactNativeJS:       #5  Bobiverse 05 Not Till We Are Lost                       certain  alb.name-num-sp folder:name-corroborated
08-07 19:48:35.349 22415 22506 I ReactNativeJS: "Long Earth"  5 books
08-07 19:48:35.349 22415 22506 I ReactNativeJS:       #1  (Long Earth 01) The Long Earth                          certain  alb.paren-pre folder:name-corroborated
08-07 19:48:35.349 22415 22506 I ReactNativeJS:       #2  (Long Earth 02) The Long War                            certain  alb.paren-pre folder:name-corroborated
08-07 19:48:35.349 22415 22506 I ReactNativeJS:       #3  (Long Earth 03) The Long Mars                           certain  alb.paren-pre folder:name-corroborated
08-07 19:48:35.349 22415 22506 I ReactNativeJS:       #4  (Long Earth 04) The Long Utopia                         certain  alb.paren-pre folder:name-corroborated
08-07 19:48:35.349 22415 22506 I ReactNativeJS:       #5  (Long Earth 05) The Long Cosmos                         certain  alb.paren-pre folder:name-corroborated
08-07 19:48:35.350 22415 22506 I ReactNativeJS: "Drenai"  4 books
08-07 19:48:35.350 22415 22506 I ReactNativeJS:       #1  Legend (Unabridged)                                     guess    folder:UNCORROBORATED(5 books, nothing in the tags agrees) num:folder
08-07 19:48:35.350 22415 22506 I ReactNativeJS:       #2  The King Beyond the Gate (Unabridged)                   guess    folder:UNCORROBORATED(5 books, nothing in the tags agrees) num:folder
08-07 19:48:35.350 22415 22506 I ReactNativeJS:       #3  Waylander (Unabridged)                                  guess    folder:UNCORROBORATED(5 books, nothing in the tags agrees) num:folder
08-07 19:48:35.350 22415 22506 I ReactNativeJS:       #4  Quest for Lost Heroes (Unabridged)                      guess    folder:UNCORROBORATED(5 books, nothing in the tags agrees) num:folder
08-07 19:48:35.352 22415 22506 I ReactNativeJS: "Formic Wars"  4 books
08-07 19:48:35.352 22415 22506 I ReactNativeJS:       #1  Ender09 - Earth Unaware                                 guess    folder:UNCORROBORATED(5 books, nothing in the tags agrees) num:folder
08-07 19:48:35.352 22415 22506 I ReactNativeJS:       #2  Earth Afire                                             guess    folder:UNCORROBORATED(5 books, nothing in the tags agrees) num:folder
08-07 19:48:35.352 22415 22506 I ReactNativeJS:       #3  3 Earth Awakens                                         guess    folder:UNCORROBORATED(5 books, nothing in the tags agrees)
08-07 19:48:35.352 22415 22506 I ReactNativeJS:       #4  The Swarm (Unabridged)                                  guess    folder:UNCORROBORATED(5 books, nothing in the tags agrees) num:folder
08-07 19:48:35.353 22415 22506 I ReactNativeJS: "Lockwood and Co."  4 books
08-07 19:48:35.353 22415 22506 I ReactNativeJS:       #1  Lockwood and Co Book 1 - The Screaming Staircase        certain  alb.series-book-n folder:name-corroborated
08-07 19:48:35.353 22415 22506 I ReactNativeJS:       #2  Lockwood and Co Book 2 - The Whispering Skull           certain  alb.series-book-n folder:name-corroborated
08-07 19:48:35.353 22415 22506 I ReactNativeJS:       #3  Lockwood and Co Book 3 - The Hollow Boy                 certain  alb.series-book-n folder:name-corroborated
08-07 19:48:35.353 22415 22506 I ReactNativeJS:       #5  Lockwood & Co: The Empty Grave (Unabridged)             possible folder:name-corroborated(3/5) num:folder
08-07 19:48:35.354 22415 22506 I ReactNativeJS: "Memory, Sorrow & Thorn"  4 books
08-07 19:48:35.354 22415 22506 I ReactNativeJS:       #1  01 The Dragonbone Chair                                 guess    folder:number-corroborated(4/4)
08-07 19:48:35.354 22415 22506 I ReactNativeJS:       #2  02 The Stone of Farewell                                guess    folder:number-corroborated(4/4)
08-07 19:48:35.354 22415 22506 I ReactNativeJS:       #3  03 To Green Angel Tower - Siege                         guess    folder:number-corroborated(4/4)
08-07 19:48:35.354 22415 22506 I ReactNativeJS:       #4  04 To Green Angel Tower - Storm                         guess    folder:number-corroborated(4/4)
08-07 19:48:35.356 22415 22506 I ReactNativeJS: "The Murderbot Diaries"  4 books
08-07 19:48:35.356 22415 22506 I ReactNativeJS:       #3  Rogue Protocol: The Murderbot Diaries, Book 3           likely   alb.book-suffix
08-07 19:48:35.356 22415 22506 I ReactNativeJS:       #5  Network Effect                                          certain  tag.extra.SERIES
08-07 19:48:35.356 22415 22506 I ReactNativeJS:       #6  The Murderbot Diaries 6: Fugitive Telemetry             likely   alb.name-num-dash
08-07 19:48:35.356 22415 22506 I ReactNativeJS:       #7  Martha Wells - The Murderbot Diaries 07 - System Colla  likely   alb.name-num-dash
08-07 19:48:35.357 22415 22506 I ReactNativeJS: "The Science of Discworld"  4 books
08-07 19:48:35.357 22415 22506 I ReactNativeJS:       #1  The Science of Discworld I                              guess    folder:UNCORROBORATED(4 books, nothing in the tags agrees) num:folder
08-07 19:48:35.357 22415 22506 I ReactNativeJS:       #2  The Science of Discworld II The Globe                   guess    folder:UNCORROBORATED(4 books, nothing in the tags agrees) num:folder
08-07 19:48:35.357 22415 22506 I ReactNativeJS:       #3  The Science of Discworld III Darwin's Watch             guess    folder:UNCORROBORATED(4 books, nothing in the tags agrees) num:folder
08-07 19:48:35.357 22415 22506 I ReactNativeJS:       #4  The Science of Discworld IV Judgement Day               guess    folder:UNCORROBORATED(4 books, nothing in the tags agrees) num:folder
08-07 19:48:35.359 22415 22506 I ReactNativeJS: "Bromeliad"  3 books
08-07 19:48:35.359 22415 22506 I ReactNativeJS:       #1  Bromeliad 01 - Truckers                                 certain  alb.name-num-dash folder:name-corroborated
08-07 19:48:35.359 22415 22506 I ReactNativeJS:       #2  Bromeliad 02 - Diggers                                  certain  alb.name-num-dash folder:name-corroborated
08-07 19:48:35.359 22415 22506 I ReactNativeJS:       #3  Bromeliad 03 - Wings                                    certain  alb.name-num-dash folder:name-corroborated
08-07 19:48:35.360 22415 22506 I ReactNativeJS: "Crouch, B"  3 books
08-07 19:48:35.360 22415 22506 I ReactNativeJS:       #1  Crouch, B: 1 Pines                                      likely   alb.name-num-sp
08-07 19:48:35.360 22415 22506 I ReactNativeJS:       #2  Crouch, B: 2 Wayward                                    likely   alb.name-num-sp
08-07 19:48:35.360 22415 22506 I ReactNativeJS:       #3  Crouch, B: 3 The Last Town                              likely   alb.name-num-sp
08-07 19:48:35.361 22415 22506 I ReactNativeJS: "Founders Trilogy"  3 books
08-07 19:48:35.361 22415 22506 I ReactNativeJS:       #1  Foundryside: A Novel                                    guess    folder:UNCORROBORATED(3 books, nothing in the tags agrees) num:folder
08-07 19:48:35.361 22415 22506 I ReactNativeJS:       #2  Shorefall: A Novel                                      guess    folder:UNCORROBORATED(3 books, nothing in the tags agrees) num:folder
08-07 19:48:35.361 22415 22506 I ReactNativeJS:       #3  Locklands: A Novel                                      guess    folder:UNCORROBORATED(3 books, nothing in the tags agrees) num:folder
08-07 19:48:35.363 22415 22506 I ReactNativeJS: "Gentlemen Bastards"  3 books
08-07 19:48:35.363 22415 22506 I ReactNativeJS:       #1  The Lies of Locke Lamora (Unabridged)                   guess    folder:UNCORROBORATED(3 books, nothing in the tags agrees) num:folder
08-07 19:48:35.363 22415 22506 I ReactNativeJS:       #2  Red Seas Under Red Skies (Unabridged)                   guess    folder:UNCORROBORATED(3 books, nothing in the tags agrees) num:folder
08-07 19:48:35.363 22415 22506 I ReactNativeJS:       #3  The Republic of Thieves (Unabridged)                    guess    folder:UNCORROBORATED(3 books, nothing in the tags agrees) num:folder
08-07 19:48:35.364 22415 22506 I ReactNativeJS: "Lord of the Rings"  3 books
08-07 19:48:35.364 22415 22506 I ReactNativeJS:       #1  The Fellowship of the Ring: Lord of the Rings, Book 1   likely   alb.book-suffix
08-07 19:48:35.364 22415 22506 I ReactNativeJS:       #2  The Two Towers: Lord of the Rings, Book 2               likely   alb.book-suffix
08-07 19:48:35.364 22415 22506 I ReactNativeJS:       #3  The Return of the King: Lord of the Rings, Book 3       likely   alb.book-suffix
08-07 19:48:35.366 22415 22506 I ReactNativeJS: "Speaker Trilogy"  3 books
08-07 19:48:35.366 22415 22506 I ReactNativeJS:       #2  002 - Speaker for the Dead                              guess    folder:UNCORROBORATED(3 books, nothing in the tags agrees)
08-07 19:48:35.366 22415 22506 I ReactNativeJS:       #3  Ender03 - Xenocide                                      guess    folder:UNCORROBORATED(3 books, nothing in the tags agrees) num:folder
08-07 19:48:35.366 22415 22506 I ReactNativeJS:       #4  Ender04 - Children of the Mind                          guess    folder:UNCORROBORATED(3 books, nothing in the tags agrees) num:folder
08-07 19:48:35.367 22415 22506 I ReactNativeJS: "The Age of Madness"  3 books
08-07 19:48:35.367 22415 22506 I ReactNativeJS:       #1  01 - A Little Hatred                                    guess    folder:number-corroborated(3/3)
08-07 19:48:35.367 22415 22506 I ReactNativeJS:       #2  02 - The Trouble with Peace                             guess    folder:number-corroborated(3/3)
08-07 19:48:35.367 22415 22506 I ReactNativeJS:       #3  03 - The Wisdom of Crowds                               guess    folder:number-corroborated(3/3)
08-07 19:48:35.368 22415 22506 I ReactNativeJS: "The Hyperion Cantos"  3 books
08-07 19:48:35.368 22415 22506 I ReactNativeJS:        —  Endymion                                                guess    folder:UNCORROBORATED(4 books, nothing in the tags agrees)
08-07 19:48:35.368 22415 22506 I ReactNativeJS:        —  The Fall of Hyperion                                    guess    folder:UNCORROBORATED(4 books, nothing in the tags agrees)
08-07 19:48:35.368 22415 22506 I ReactNativeJS:        —  The Rise of Endymion                                    guess    folder:UNCORROBORATED(4 books, nothing in the tags agrees)
08-07 19:48:35.370 22415 22506 I ReactNativeJS: "The Silo Saga"  3 books
08-07 19:48:35.370 22415 22506 I ReactNativeJS:       #1  Wool: The Silo Saga, Book 1                             certain  tag.Grouping alb.book-suffix folder:name-corroborated
08-07 19:48:35.370 22415 22506 I ReactNativeJS:       #2  Shift: The Silo Saga, Book 2                            certain  alb.book-suffix folder:name-corroborated
08-07 19:48:35.370 22415 22506 I ReactNativeJS:       #3  Dust: The Silo Saga, Book 3                             certain  alb.book-suffix folder:name-corroborated
08-07 19:48:35.371 22415 22506 I ReactNativeJS: "TMC"  3 books
08-07 19:48:35.371 22415 22506 I ReactNativeJS:       #1  TMC 01 Thursday Murder Club                             likely   alb.name-num-sp
08-07 19:48:35.371 22415 22506 I ReactNativeJS:       #2  TMC 02 The Man Who Died Twice                           likely   alb.name-num-sp
08-07 19:48:35.371 22415 22506 I ReactNativeJS:       #3  TMC 03 The Bullet That Missed                           likely   alb.name-num-sp
08-07 19:48:35.372 22415 22506 I ReactNativeJS: "Cerulean Chronicles"  2 books
08-07 19:48:35.372 22415 22506 I ReactNativeJS:       #1  Cerulean Chronicles 01 - The House in the Cerulean Sea  certain  tag.extra.SERIES alb.name-num-dash
08-07 19:48:35.372 22415 22506 I ReactNativeJS:       #2  Cerulean Chronicles 02 - Somewhere Beyond the Sea       certain  tag.extra.SERIES alb.name-num-dash
08-07 19:48:35.374 22415 22506 I ReactNativeJS: "Kingkiller Chronicle"  2 books
08-07 19:48:35.374 22415 22506 I ReactNativeJS:       #1  Kingkiller Chronicle 01 The Name of the Wind            likely   alb.name-num-sp
08-07 19:48:35.374 22415 22506 I ReactNativeJS:       #2  Kingkiller Chronicle 02 The Wise Man's Fear             likely   alb.name-num-sp
08-07 19:48:35.375 22415 22506 I ReactNativeJS: "Red Rising"  2 books
08-07 19:48:35.375 22415 22506 I ReactNativeJS:       #5  Red Rising, Book 5 - Dark Age                           likely   alb.series-book-n
08-07 19:48:35.375 22415 22506 I ReactNativeJS:       #6  Light Bringer: Red Rising, Book 6                       likely   alb.book-suffix
