--------- beginning of main
08-08 17:22:05.896 D/ReactNativeJS( 7127): [RevenueCat] ℹ️ App backgrounded
08-08 17:22:05.921 D/ReactNativeJS( 7127): [RevenueCat] ℹ️ No subscriber attributes to synchronize.
08-08 17:22:07.716 D/ReactNativeJS( 7127): [RevenueCat] ℹ️ App foregrounded
08-08 17:22:07.718 D/ReactNativeJS( 7127): [RevenueCat] ℹ️ Checking if cache is stale AppInBackground false
08-08 17:22:07.721 D/ReactNativeJS( 7127): [RevenueCat] ℹ️ CustomerInfo cache is stale, updating from network in foreground.
08-08 17:22:07.725 D/ReactNativeJS( 7127): [RevenueCat] Retrieving customer info with policy: FETCH_CURRENT
08-08 17:22:07.727 D/ReactNativeJS( 7127): [RevenueCat] ℹ️ Updating pending purchase queue
08-08 17:22:07.732 D/ReactNativeJS( 7127): [RevenueCat] ℹ️ Checking if cache is stale AppInBackground false
08-08 17:22:07.735 D/ReactNativeJS( 7127): [RevenueCat] ℹ️ Querying purchases
08-08 17:22:07.742 D/ReactNativeJS( 7127): [RevenueCat] ℹ️ Offerings cache is stale, updating from network in foreground
08-08 17:22:07.746 D/ReactNativeJS( 7127): [RevenueCat] 😻 Start Offerings update from network.
08-08 17:22:07.750 D/ReactNativeJS( 7127): [RevenueCat] Request already scheduled with jitter delay, adding existing callbacks to unjittered request with key: BackgroundAwareCallbackCacheKey(cacheKey=[/v1/subscribers/%24RCAnonymousID%3Abffe7a0c6403472282b09a9654a96587/offerings], appInBackground=false)
08-08 17:22:07.753 D/ReactNativeJS( 7127): [RevenueCat] ℹ️ Updating pending purchase queue
08-08 17:22:07.756 D/ReactNativeJS( 7127): [RevenueCat] ℹ️ No subscriber attributes to synchronize.
08-08 17:22:07.800 D/ReactNativeJS( 7127): [RevenueCat] Retrieving customer info with policy: CACHED_OR_FETCHED
08-08 17:22:07.802 D/ReactNativeJS( 7127): [RevenueCat] ℹ️ Vending CustomerInfo from cache.
08-08 17:22:07.804 D/ReactNativeJS( 7127): [RevenueCat] ℹ️ Checking if cache is stale AppInBackground false
08-08 17:22:07.807 D/ReactNativeJS( 7127): [RevenueCat] ℹ️ CustomerInfo cache is stale, updating from network in foreground.
08-08 17:22:07.810 D/ReactNativeJS( 7127): [RevenueCat] ℹ️ Updating pending purchase queue
08-08 17:22:07.841 D/ReactNativeJS( 7127): [RevenueCat] ℹ️ Purchase of type INAPP with hash +kORLy46FojrPu9U/FL3iTpN9E4=
08-08 17:22:07.843 D/ReactNativeJS( 7127): [RevenueCat] ℹ️ Cleaning previously sent tokens
08-08 17:22:07.846 D/ReactNativeJS( 7127): [RevenueCat] ℹ️ Tokens already posted: [+kORLy46FojrPu9U/FL3iTpN9E4=]
08-08 17:22:07.849 D/ReactNativeJS( 7127): [RevenueCat] ℹ️ Saving tokens [+kORLy46FojrPu9U/FL3iTpN9E4=]
08-08 17:22:07.851 D/ReactNativeJS( 7127): [RevenueCat] ℹ️ Tokens already posted: [+kORLy46FojrPu9U/FL3iTpN9E4=]
08-08 17:22:07.853 D/ReactNativeJS( 7127): [RevenueCat] ℹ️ No pending purchases to sync
08-08 17:22:07.855 D/ReactNativeJS( 7127): [RevenueCat] Request already scheduled with jitter delay, adding existing callbacks to unjittered request with key: BackgroundAwareCallbackCacheKey(cacheKey=[/v1/subscribers/%24RCAnonymousID%3Abffe7a0c6403472282b09a9654a96587], appInBackground=false)
08-08 17:22:07.878 D/ReactNativeJS( 7127): [RevenueCat] ℹ️ Vending Offerings from cache
08-08 17:22:07.883 D/ReactNativeJS( 7127): [RevenueCat] ℹ️ Checking if cache is stale AppInBackground false
08-08 17:22:07.886 D/ReactNativeJS( 7127): [RevenueCat] ℹ️ Offerings cache is stale, updating from network in foreground
08-08 17:22:07.888 D/ReactNativeJS( 7127): [RevenueCat] 😻 Start Offerings update from network.
08-08 17:22:07.890 D/ReactNativeJS( 7127): [RevenueCat] Same call already in progress, adding to callbacks map with key: BackgroundAwareCallbackCacheKey(cacheKey=[/v1/subscribers/%24RCAnonymousID%3Abffe7a0c6403472282b09a9654a96587/offerings], appInBackground=false)
08-08 17:22:07.892 D/ReactNativeJS( 7127): [RevenueCat] Request already scheduled with jitter delay, adding existing callbacks to unjittered request with key: BackgroundAwareCallbackCacheKey(cacheKey=[/v1/subscribers/%24RCAnonymousID%3Abffe7a0c6403472282b09a9654a96587/offerings], appInBackground=false)
08-08 17:22:08.296 D/ReactNativeJS( 7127): [RevenueCat] API request started: GET /v1/subscribers/%24RCAnonymousID%3Abffe7a0c6403472282b09a9654a96587/offerings
08-08 17:22:08.308 D/ReactNativeJS( 7127): [RevenueCat] API request completed with status: GET /v1/subscribers/%24RCAnonymousID%3Abffe7a0c6403472282b09a9654a96587/offerings 304
08-08 17:22:08.321 D/ReactNativeJS( 7127): [RevenueCat] ℹ️ Requesting products from the store with identifiers: pro
08-08 17:22:08.333 D/ReactNativeJS( 7127): [RevenueCat] ℹ️ Requesting products from the store with identifiers: pro
08-08 17:22:08.345 D/ReactNativeJS( 7127): [RevenueCat] ℹ️ Querying purchases
08-08 17:22:08.348 D/ReactNativeJS( 7127): [RevenueCat] ℹ️ Querying purchases
08-08 17:22:08.352 D/ReactNativeJS( 7127): [RevenueCat] ℹ️ Purchase of type INAPP with hash +kORLy46FojrPu9U/FL3iTpN9E4=
08-08 17:22:08.356 D/ReactNativeJS( 7127): [RevenueCat] ℹ️ Cleaning previously sent tokens
08-08 17:22:08.359 D/ReactNativeJS( 7127): [RevenueCat] ℹ️ Tokens already posted: [+kORLy46FojrPu9U/FL3iTpN9E4=]
08-08 17:22:08.362 D/ReactNativeJS( 7127): [RevenueCat] ℹ️ Saving tokens [+kORLy46FojrPu9U/FL3iTpN9E4=]
08-08 17:22:08.366 D/ReactNativeJS( 7127): [RevenueCat] ℹ️ Tokens already posted: [+kORLy46FojrPu9U/FL3iTpN9E4=]
08-08 17:22:08.373 D/ReactNativeJS( 7127): [RevenueCat] ℹ️ No pending purchases to sync
08-08 17:22:08.377 D/ReactNativeJS( 7127): [RevenueCat] ℹ️ Purchase of type INAPP with hash +kORLy46FojrPu9U/FL3iTpN9E4=
08-08 17:22:08.381 D/ReactNativeJS( 7127): [RevenueCat] ℹ️ Cleaning previously sent tokens
08-08 17:22:08.384 D/ReactNativeJS( 7127): [RevenueCat] ℹ️ Tokens already posted: [+kORLy46FojrPu9U/FL3iTpN9E4=]
08-08 17:22:08.387 D/ReactNativeJS( 7127): [RevenueCat] ℹ️ Saving tokens [+kORLy46FojrPu9U/FL3iTpN9E4=]
08-08 17:22:08.391 D/ReactNativeJS( 7127): [RevenueCat] ℹ️ Products request finished for pro
08-08 17:22:08.394 D/ReactNativeJS( 7127): [RevenueCat] 💰 Retrieved productDetailsList: 
08-08 17:22:08.398 I/ReactNativeJS( 7127): [RevenueCat] ℹ️ Missing productDetails: UnfetchedProduct{productId='pro', productType='subs', statusCode=3}
08-08 17:22:08.401 D/ReactNativeJS( 7127): [RevenueCat] ℹ️ Tokens already posted: [+kORLy46FojrPu9U/FL3iTpN9E4=]
08-08 17:22:08.405 I/ReactNativeJS( 7127): [RevenueCat] ℹ️ Product not found: pro - Product Type: subs, Reason: PRODUCT_NOT_FOUND, Serialized doc ID: 
08-08 17:22:08.408 D/ReactNativeJS( 7127): [RevenueCat] ℹ️ No pending purchases to sync
08-08 17:22:08.412 D/ReactNativeJS( 7127): [RevenueCat] Same call already in progress, adding to callbacks map with key: BackgroundAwareCallbackCacheKey(cacheKey=[/v1/subscribers/%24RCAnonymousID%3Abffe7a0c6403472282b09a9654a96587], appInBackground=false)
08-08 17:22:08.415 D/ReactNativeJS( 7127): [RevenueCat] Request already scheduled with jitter delay, adding existing callbacks to unjittered request with key: BackgroundAwareCallbackCacheKey(cacheKey=[/v1/subscribers/%24RCAnonymousID%3Abffe7a0c6403472282b09a9654a96587], appInBackground=false)
08-08 17:22:08.417 D/ReactNativeJS( 7127): [RevenueCat] ℹ️ Requesting products from the store with identifiers: pro
08-08 17:22:08.419 D/ReactNativeJS( 7127): [RevenueCat] ℹ️ Products request finished for pro
08-08 17:22:08.421 D/ReactNativeJS( 7127): [RevenueCat] 💰 Retrieved productDetailsList: 
08-08 17:22:08.423 I/ReactNativeJS( 7127): [RevenueCat] ℹ️ Missing productDetails: UnfetchedProduct{productId='pro', productType='subs', statusCode=3}
08-08 17:22:08.426 D/ReactNativeJS( 7127): [RevenueCat] ℹ️ Products request finished for pro
08-08 17:22:08.428 I/ReactNativeJS( 7127): [RevenueCat] ℹ️ Product not found: pro - Product Type: subs, Reason: PRODUCT_NOT_FOUND, Serialized doc ID: 
08-08 17:22:08.430 D/ReactNativeJS( 7127): [RevenueCat] 💰 Retrieved productDetailsList: ProductDetails{jsonString='{"productId":"pro","type":"inapp","title":"Pro (Sonicbooks)","name":"Pro","description":"One time payment grants a lifetime subscription to access all Pro features.","localizedIn":["en-US"],"skuDetailsToken":"AEuhp4LmQF8jweKkwudIGn30BnxcwbSlafdQMocGoylvV3jVG-nn3at91yfzQNnz737oDHsdxcf41L4=","oneTimePurchaseOfferDetails":{},"oneTimePurchaseOfferDetailsList":[{"priceAmountMicros":3990000,"priceCurrencyCode":"USD","formattedPrice":"$3.99","offerIdToken":"AXW7mMtmSb18y4Wwv4t1Uqt18ejthC1psw+uv\/OGOMUJ2T3DRsopHFuR\/jPsp0SEYtUaAxma8g==","purchaseOptionId":"pro","offerTags":[]}]}', parsedJson={"productId":"pro","type":"inapp","title":"Pro (Sonicbooks)","name":"Pro","description":"One time payment grants a lifetime subscription to access all Pro features.","localizedIn":["en-US"],"skuDetailsToken":"AEuhp4LmQF8jweKkwudIGn30BnxcwbSlafdQMocGoylvV3jVG-nn3at91yfzQNnz737oDHsdxcf41L4=","oneTimePurchaseOfferDetails":{},"oneTimePurchaseOfferDetailsList":[{"priceAmountMicros":3990000,"priceCurrencyCode":"USD","formattedPrice":"$3.99","offerIdToken":"AXW7mMtmSb18y4Wwv4t1Uqt18ejthC1psw+uv\/OGOMUJ2T3DRsopHFuR\/jPsp0SEYtUaAxma8g==","purchaseOptionId":"pro","offerTags":[]}]}, productId='pro', productType='inapp', title='Pro (Sonicbooks)', productDetailsToken='AEuhp4LmQF8jweKkwudIGn30BnxcwbSlafdQMocGoylvV3jVG-nn3at91yfzQNnz737oDHsdxcf41L4=', subscriptionOfferDetails=null}
08-08 17:22:08.432 D/ReactNativeJS( 7127): [RevenueCat] 💰 pro - ProductDetails{jsonString='{"productId":"pro","type":"inapp","title":"Pro (Sonicbooks)","name":"Pro","description":"One time payment grants a lifetime subscription to access all Pro features.","localizedIn":["en-US"],"skuDetailsToken":"AEuhp4LmQF8jweKkwudIGn30BnxcwbSlafdQMocGoylvV3jVG-nn3at91yfzQNnz737oDHsdxcf41L4=","oneTimePurchaseOfferDetails":{},"oneTimePurchaseOfferDetailsList":[{"priceAmountMicros":3990000,"priceCurrencyCode":"USD","formattedPrice":"$3.99","offerIdToken":"AXW7mMtmSb18y4Wwv4t1Uqt18ejthC1psw+uv\/OGOMUJ2T3DRsopHFuR\/jPsp0SEYtUaAxma8g==","purchaseOptionId":"pro","offerTags":[]}]}', parsedJson={"productId":"pro","type":"inapp","title":"Pro (Sonicbooks)","name":"Pro","description":"One time payment grants a lifetime subscription to access all Pro features.","localizedIn":["en-US"],"skuDetailsToken":"AEuhp4LmQF8jweKkwudIGn30BnxcwbSlafdQMocGoylvV3jVG-nn3at91yfzQNnz737oDHsdxcf41L4=","oneTimePurchaseOfferDetails":{},"oneTimePurchaseOfferDetailsList":[{"priceAmountMicros":3990000,"priceCurrencyCode":"USD","formattedPrice":"$3.99","offerIdToken":"AXW7mMtmSb18y4Wwv4t1Uqt18ejthC1psw+uv\/OGOMUJ2T3DRsopHFuR\/jPsp0SEYtUaAxma8g==","purchaseOptionId":"pro","offerTags":[]}]}, productId='pro', productType='inapp', title='Pro (Sonicbooks)', productDetailsToken='AEuhp4LmQF8jweKkwudIGn30BnxcwbSlafdQMocGoylvV3jVG-nn3at91yfzQNnz737oDHsdxcf41L4=', subscriptionOfferDetails=null}
08-08 17:22:08.434 D/ReactNativeJS( 7127): [RevenueCat] ℹ️ Requesting products from the store with identifiers: pro
08-08 17:22:08.436 D/ReactNativeJS( 7127): [RevenueCat] ℹ️ Building offerings response with 1 products
08-08 17:22:08.439 D/ReactNativeJS( 7127): [RevenueCat] ℹ️ Products request finished for pro
08-08 17:22:08.441 D/ReactNativeJS( 7127): [RevenueCat] 💰 Retrieved productDetailsList: ProductDetails{jsonString='{"productId":"pro","type":"inapp","title":"Pro (Sonicbooks)","name":"Pro","description":"One time payment grants a lifetime subscription to access all Pro features.","localizedIn":["en-US"],"skuDetailsToken":"AEuhp4LmQF8jweKkwudIGn30BnxcwbSlafdQMocGoylvV3jVG-nn3at91yfzQNnz737oDHsdxcf41L4=","oneTimePurchaseOfferDetails":{},"oneTimePurchaseOfferDetailsList":[{"priceAmountMicros":3990000,"priceCurrencyCode":"USD","formattedPrice":"$3.99","offerIdToken":"AXW7mMtmSb18y4Wwv4t1Uqt18ejthC1psw+uv\/OGOMUJ2T3DRsopHFuR\/jPsp0SEYtUaAxma8g==","purchaseOptionId":"pro","offerTags":[]}]}', parsedJson={"productId":"pro","type":"inapp","title":"Pro (Sonicbooks)","name":"Pro","description":"One time payment grants a lifetime subscription to access all Pro features.","localizedIn":["en-US"],"skuDetailsToken":"AEuhp4LmQF8jweKkwudIGn30BnxcwbSlafdQMocGoylvV3jVG-nn3at91yfzQNnz737oDHsdxcf41L4=","oneTimePurchaseOfferDetails":{},"oneTimePurchaseOfferDetailsList":[{"priceAmountMicros":3990000,"priceCurrencyCode":"USD","formattedPrice":"$3.99","offerIdToken":"AXW7mMtmSb18y4Wwv4t1Uqt18ejthC1psw+uv\/OGOMUJ2T3DRsopHFuR\/jPsp0SEYtUaAxma8g==","purchaseOptionId":"pro","offerTags":[]}]}, productId='pro', productType='inapp', title='Pro (Sonicbooks)', productDetailsToken='AEuhp4LmQF8jweKkwudIGn30BnxcwbSlafdQMocGoylvV3jVG-nn3at91yfzQNnz737oDHsdxcf41L4=', subscriptionOfferDetails=null}
08-08 17:22:08.443 D/ReactNativeJS( 7127): [RevenueCat] 💰 pro - ProductDetails{jsonString='{"productId":"pro","type":"inapp","title":"Pro (Sonicbooks)","name":"Pro","description":"One time payment grants a lifetime subscription to access all Pro features.","localizedIn":["en-US"],"skuDetailsToken":"AEuhp4LmQF8jweKkwudIGn30BnxcwbSlafdQMocGoylvV3jVG-nn3at91yfzQNnz737oDHsdxcf41L4=","oneTimePurchaseOfferDetails":{},"oneTimePurchaseOfferDetailsList":[{"priceAmountMicros":3990000,"priceCurrencyCode":"USD","formattedPrice":"$3.99","offerIdToken":"AXW7mMtmSb18y4Wwv4t1Uqt18ejthC1psw+uv\/OGOMUJ2T3DRsopHFuR\/jPsp0SEYtUaAxma8g==","purchaseOptionId":"pro","offerTags":[]}]}', parsedJson={"productId":"pro","type":"inapp","title":"Pro (Sonicbooks)","name":"Pro","description":"One time payment grants a lifetime subscription to access all Pro features.","localizedIn":["en-US"],"skuDetailsToken":"AEuhp4LmQF8jweKkwudIGn30BnxcwbSlafdQMocGoylvV3jVG-nn3at91yfzQNnz737oDHsdxcf41L4=","oneTimePurchaseOfferDetails":{},"oneTimePurchaseOfferDetailsList":[{"priceAmountMicros":3990000,"priceCurrencyCode":"USD","formattedPrice":"$3.99","offerIdToken":"AXW7mMtmSb18y4Wwv4t1Uqt18ejthC1psw+uv\/OGOMUJ2T3DRsopHFuR\/jPsp0SEYtUaAxma8g==","purchaseOptionId":"pro","offerTags":[]}]}, productId='pro', productType='inapp', title='Pro (Sonicbooks)', productDetailsToken='AEuhp4LmQF8jweKkwudIGn30BnxcwbSlafdQMocGoylvV3jVG-nn3at91yfzQNnz737oDHsdxcf41L4=', subscriptionOfferDetails=null}
08-08 17:22:08.445 D/ReactNativeJS( 7127): [RevenueCat] API request started: GET /v1/subscribers/%24RCAnonymousID%3Abffe7a0c6403472282b09a9654a96587
08-08 17:22:08.448 D/ReactNativeJS( 7127): [RevenueCat] API request completed with status: GET /v1/subscribers/%24RCAnonymousID%3Abffe7a0c6403472282b09a9654a96587 304
08-08 17:22:08.453 D/ReactNativeJS( 7127): [RevenueCat] 😻 CustomerInfo updated from network.
08-08 17:22:08.456 D/ReactNativeJS( 7127): [RevenueCat] 😻 CustomerInfo updated from network.
08-08 17:22:08.458 D/ReactNativeJS( 7127): [RevenueCat] OfferingImagePreDownloader: starting image download
08-08 17:22:09.301 D/ReactNativeJS( 7127): [RevenueCat] Pre-downloading Paywall V2 image: https://assets.pawwalls.com/1370130_low_res_1769842758_6d7ae17c.webp
08-08 17:22:09.304 D/ReactNativeJS( 7127): [RevenueCat] Pre-downloading Paywall V2 image: https://icons.pawwalls.com/check.webp
08-08 17:22:09.307 D/ReactNativeJS( 7127): [RevenueCat] ℹ️ Building offerings response with 1 products
08-08 17:22:09.309 D/ReactNativeJS( 7127): [RevenueCat] Block store: Not storing user id since there is one already present.
08-08 17:22:09.312 D/ReactNativeJS( 7127): [RevenueCat] OfferingImagePreDownloader: starting image download
08-08 17:22:09.316 D/ReactNativeJS( 7127): [RevenueCat] Pre-downloading Paywall V2 image: https://assets.pawwalls.com/1370130_low_res_1769842758_6d7ae17c.webp
08-08 17:22:09.318 D/ReactNativeJS( 7127): [RevenueCat] Pre-downloading Paywall V2 image: https://icons.pawwalls.com/check.webp
08-08 17:22:09.943 I/ReactNativeJS( 7127): [rowprobe] inner recentlyAdded h=220.00003051757812
08-08 17:22:09.948 I/ReactNativeJS( 7127): [rowprobe] inner Agatha Christie h=220
08-08 17:22:09.951 I/ReactNativeJS( 7127): [rowprobe] item kXVFudCZ2pkybDC5 h=212.00003051757812
08-08 17:22:09.954 I/ReactNativeJS( 7127): [rowprobe] item kXVFudCZ2pkybDC5 h=212
08-08 17:22:10.359 I/ReactNativeJS( 7127): [rowprobe] inner recentlyAdded h=220.00001525878906
08-08 17:22:10.363 I/ReactNativeJS( 7127): [rowprobe] item kXVFudCZ2pkybDC5 h=212.00001525878906
08-08 17:22:10.365 I/ReactNativeJS( 7127): [rowprobe] item mBEgDFpt1jT7pDNO h=212.00001525878906
08-08 17:22:10.367 I/ReactNativeJS( 7127): [rowprobe] inner Andy Weir h=220
08-08 17:22:10.369 I/ReactNativeJS( 7127): [rowprobe] item mBEgDFpt1jT7pDNO h=212
08-08 17:22:10.762 I/ReactNativeJS( 7127): [rowprobe] item 13RO1nBOsli9xvt7 h=212.00001525878906
08-08 17:22:10.765 I/ReactNativeJS( 7127): [rowprobe] item 13RO1nBOsli9xvt7 h=212
08-08 17:22:11.198 I/ReactNativeJS( 7127): [rowprobe] item RPSDrEA5JqFrqdxl h=212.00001525878906
08-08 17:22:11.201 I/ReactNativeJS( 7127): [rowprobe] item RPSDrEA5JqFrqdxl h=212
08-08 17:22:13.960 I/ReactNativeJS( 7127): [rowprobe] inner Ben Aaronovitch h=220
08-08 17:22:13.962 I/ReactNativeJS( 7127): [rowprobe] item VEqQ9buixIER4Ofr h=212
08-08 17:22:14.120 I/ReactNativeJS( 7127): [rowprobe] item sFUA9ZtCQaQvTY49 h=212
08-08 17:22:14.279 I/ReactNativeJS( 7127): [rowprobe] item OKyIu06YxEK1tltF h=212
08-08 17:22:14.460 I/ReactNativeJS( 7127): [rowprobe] item 9xTYvhxFQwjaTxq6 h=212
08-08 17:22:26.627 I/ReactNativeJS( 7127): [rowprobe] item jCqQnVWzw8LAYHCY h=212.00001525878906
08-08 17:22:26.629 I/ReactNativeJS( 7127): [rowprobe] item ETLbb0DfAdiytX6s h=212.00001525878906
08-08 17:22:26.631 I/ReactNativeJS( 7127): [rowprobe] item sc0Cky9l8WatAGp9 h=212.00001525878906
08-08 17:22:26.633 I/ReactNativeJS( 7127): [rowprobe] item SRelcVcD1Tu8uZJN h=212.00001525878906
08-08 17:22:27.266 I/ReactNativeJS( 7127): [rowprobe] item wdqoLENzb3Q0Wcko h=212.00001525878906
08-08 17:22:27.269 I/ReactNativeJS( 7127): [rowprobe] item ETLbb0DfAdiytX6s h=212.00001525878906
08-08 17:22:27.271 I/ReactNativeJS( 7127): [rowprobe] item sc0Cky9l8WatAGp9 h=212.00001525878906
08-08 17:22:27.273 I/ReactNativeJS( 7127): [rowprobe] item yqve7xA0eJhT6GmS h=212.00001525878906
08-08 17:22:27.680 I/ReactNativeJS( 7127): [rowprobe] item wdqoLENzb3Q0Wcko h=212.00001525878906
08-08 17:22:27.684 I/ReactNativeJS( 7127): [rowprobe] item jCqQnVWzw8LAYHCY h=212.00001525878906
08-08 17:22:27.686 I/ReactNativeJS( 7127): [rowprobe] item ETLbb0DfAdiytX6s h=212.00001525878906
08-08 17:22:27.693 I/ReactNativeJS( 7127): [rowprobe] item yqve7xA0eJhT6GmS h=212.00001525878906
08-08 17:22:28.357 I/ReactNativeJS( 7127): [rowprobe] item eaamc14PXnExp19s h=212.00001525878906
08-08 17:22:28.360 I/ReactNativeJS( 7127): [rowprobe] item jCqQnVWzw8LAYHCY h=212.00001525878906
08-08 17:22:28.363 I/ReactNativeJS( 7127): [rowprobe] item ETLbb0DfAdiytX6s h=212.00001525878906
08-08 17:22:28.365 I/ReactNativeJS( 7127): [rowprobe] item yqve7xA0eJhT6GmS h=212.00001525878906
08-08 17:22:28.828 I/ReactNativeJS( 7127): [rowprobe] item jCqQnVWzw8LAYHCY h=212.00001525878906
08-08 17:22:28.830 I/ReactNativeJS( 7127): [rowprobe] item 6VyIuNR9fY9IWogH h=212.00001525878906
08-08 17:22:28.837 I/ReactNativeJS( 7127): [rowprobe] item yqve7xA0eJhT6GmS h=212.00001525878906
08-08 17:22:29.254 I/ReactNativeJS( 7127): [rowprobe] item eaamc14PXnExp19s h=212.00001525878906
08-08 17:22:29.257 I/ReactNativeJS( 7127): [rowprobe] item DyI4PmNIeZhqBgYl h=212.00001525878906
08-08 17:22:29.259 I/ReactNativeJS( 7127): [rowprobe] item HL6Cbamilm0TRGq3 h=212.00001525878906
08-08 17:22:29.261 I/ReactNativeJS( 7127): [rowprobe] item yqve7xA0eJhT6GmS h=212.00001525878906
08-08 17:22:29.264 I/ReactNativeJS( 7127): [rowprobe] item 6VyIuNR9fY9IWogH h=212.00001525878906
08-08 17:22:29.491 I/ReactNativeJS( 7127): [rowprobe] item eaamc14PXnExp19s h=212.00001525878906
08-08 17:22:29.495 I/ReactNativeJS( 7127): [rowprobe] item 6VyIuNR9fY9IWogH h=212.00001525878906
08-08 17:22:29.497 I/ReactNativeJS( 7127): [rowprobe] item 06ohJ5RNzPs8EyBN h=212.00001525878906
08-08 17:22:29.499 I/ReactNativeJS( 7127): [rowprobe] item DyI4PmNIeZhqBgYl h=212.00001525878906
08-08 17:22:29.920 I/ReactNativeJS( 7127): [rowprobe] item eaamc14PXnExp19s h=212.00001525878906
08-08 17:22:29.924 I/ReactNativeJS( 7127): [rowprobe] item DyI4PmNIeZhqBgYl h=212.00001525878906
08-08 17:22:29.927 I/ReactNativeJS( 7127): [rowprobe] item 6VyIuNR9fY9IWogH h=212.00001525878906
08-08 17:22:29.929 I/ReactNativeJS( 7127): [rowprobe] item JfUKVacbQAvZJ1fv h=212.00001525878906
08-08 17:22:29.932 I/ReactNativeJS( 7127): [rowprobe] item HL6Cbamilm0TRGq3 h=212.00001525878906
08-08 17:22:30.565 I/ReactNativeJS( 7127): [rowprobe] item DyI4PmNIeZhqBgYl h=212.00001525878906
08-08 17:22:30.569 I/ReactNativeJS( 7127): [rowprobe] item 6VyIuNR9fY9IWogH h=212.00001525878906
08-08 17:22:30.572 I/ReactNativeJS( 7127): [rowprobe] item JfUKVacbQAvZJ1fv h=212.00001525878906
08-08 17:22:30.950 I/ReactNativeJS( 7127): [rowprobe] item 5rBksI2LsoTwJsNR h=212.00001525878906
08-08 17:22:30.954 I/ReactNativeJS( 7127): [rowprobe] item DyI4PmNIeZhqBgYl h=212.00001525878906
08-08 17:22:30.956 I/ReactNativeJS( 7127): [rowprobe] item 6VyIuNR9fY9IWogH h=212.00001525878906
08-08 17:22:30.958 I/ReactNativeJS( 7127): [rowprobe] item 06ohJ5RNzPs8EyBN h=212.00001525878906
08-08 17:22:31.225 I/ReactNativeJS( 7127): [rowprobe] item sDfj2Z4dPgzzUTmx h=212.00001525878906
08-08 17:22:31.228 I/ReactNativeJS( 7127): [rowprobe] item DyI4PmNIeZhqBgYl h=212.00001525878906
08-08 17:22:31.230 I/ReactNativeJS( 7127): [rowprobe] item 06ohJ5RNzPs8EyBN h=212.00001525878906
08-08 17:22:31.232 I/ReactNativeJS( 7127): [rowprobe] item JfUKVacbQAvZJ1fv h=212.00001525878906
08-08 17:22:31.403 I/ReactNativeJS( 7127): [rowprobe] item 3iApQ7UsXFxu21wR h=212.00001525878906
08-08 17:22:31.405 I/ReactNativeJS( 7127): [rowprobe] item JfUKVacbQAvZJ1fv h=212.00001525878906
08-08 17:22:31.712 I/ReactNativeJS( 7127): [rowprobe] item JQkvhRoQXiveKH6x h=212.00001525878906
08-08 17:22:31.714 I/ReactNativeJS( 7127): [rowprobe] item JfUKVacbQAvZJ1fv h=212.00001525878906
08-08 17:22:32.032 I/ReactNativeJS( 7127): [rowprobe] item 2xst7OuRHz8cZMLf h=212.00001525878906
08-08 17:22:32.314 I/ReactNativeJS( 7127): [rowprobe] item R3OibyC55fYBPjPy h=212.00001525878906
08-08 17:22:32.317 I/ReactNativeJS( 7127): [rowprobe] item 5rBksI2LsoTwJsNR h=212.00001525878906
08-08 17:22:32.807 I/ReactNativeJS( 7127): [rowprobe] item u15cBWqf53IBQjEq h=212.00001525878906
08-08 17:22:35.070 I/ReactNativeJS( 7127): [rowprobe] item wgH9nqs4GwBlWvTi h=212.00001525878906
08-08 17:22:35.072 I/ReactNativeJS( 7127): [rowprobe] item yYXO4VtnDfLHPKrS h=212.00001525878906
08-08 17:22:35.074 I/ReactNativeJS( 7127): [rowprobe] item BUz0IZpnbDC2ASKl h=212.00001525878906
08-08 17:22:35.076 I/ReactNativeJS( 7127): [rowprobe] item HtqRLv7A7bdc25PV h=212.00001525878906
08-08 17:22:35.218 I/ReactNativeJS( 7127): [rowprobe] item BUz0IZpnbDC2ASKl h=212.00001525878906
08-08 17:22:35.220 I/ReactNativeJS( 7127): [rowprobe] item 4UKWM0B8MBONo2cG h=212.00001525878906
08-08 17:22:35.222 I/ReactNativeJS( 7127): [rowprobe] item wgH9nqs4GwBlWvTi h=212.00001525878906
08-08 17:22:35.351 I/ReactNativeJS( 7127): [rowprobe] item Zm5G0l7JSuCTocOB h=212.00001525878906
08-08 17:22:35.353 I/ReactNativeJS( 7127): [rowprobe] item wgH9nqs4GwBlWvTi h=212.00001525878906
08-08 17:22:35.485 I/ReactNativeJS( 7127): [rowprobe] item wBjd1mzR2z5XkTFd h=212.00001525878906
08-08 17:22:35.488 I/ReactNativeJS( 7127): [rowprobe] item wgH9nqs4GwBlWvTi h=212.00001525878906
08-08 17:22:35.613 I/ReactNativeJS( 7127): [rowprobe] item wgH9nqs4GwBlWvTi h=212.00001525878906
08-08 17:22:36.106 I/ReactNativeJS( 7127): [rowprobe] item GyosRBnQsob0QERM h=212.00001525878906
08-08 17:22:36.108 I/ReactNativeJS( 7127): [rowprobe] item wBjd1mzR2z5XkTFd h=212.00001525878906
08-08 17:22:36.112 I/ReactNativeJS( 7127): [rowprobe] item 5JfoKJupu1RHHoBM h=212.00001525878906
08-08 17:22:36.114 I/ReactNativeJS( 7127): [rowprobe] item dBdcvZ9asaXfVTQO h=212.00001525878906
08-08 17:22:36.116 I/ReactNativeJS( 7127): [rowprobe] item 3aJeMWHc5D2WVSGJ h=212.00001525878906
08-08 17:22:36.248 I/ReactNativeJS( 7127): [rowprobe] item GyosRBnQsob0QERM h=212.00001525878906
08-08 17:22:36.759 I/ReactNativeJS( 7127): [rowprobe] item ElIEpqm2ClnfKFSx h=212.00001525878906
08-08 17:22:36.761 I/ReactNativeJS( 7127): [rowprobe] item GyosRBnQsob0QERM h=212.00001525878906
08-08 17:22:36.762 I/ReactNativeJS( 7127): [rowprobe] item AJj4V8VYRBpxjcUs h=212.00001525878906
08-08 17:22:37.569 I/ReactNativeJS( 7127): [rowprobe] item RGOTM0MPqA6jqzOo h=212.00001525878906
08-08 17:22:37.572 I/ReactNativeJS( 7127): [rowprobe] item 5JfoKJupu1RHHoBM h=212.00001525878906
08-08 17:22:37.574 I/ReactNativeJS( 7127): [rowprobe] item AJj4V8VYRBpxjcUs h=212.00001525878906
08-08 17:22:37.576 I/ReactNativeJS( 7127): [rowprobe] item 3aJeMWHc5D2WVSGJ h=212.00001525878906
08-08 17:22:37.857 I/ReactNativeJS( 7127): [rowprobe] item dBdcvZ9asaXfVTQO h=212.00001525878906
08-08 17:22:37.859 I/ReactNativeJS( 7127): [rowprobe] item 3aJeMWHc5D2WVSGJ h=212.00001525878906
08-08 17:22:37.861 I/ReactNativeJS( 7127): [rowprobe] item 5JfoKJupu1RHHoBM h=212.00001525878906
08-08 17:22:37.863 I/ReactNativeJS( 7127): [rowprobe] item RGOTM0MPqA6jqzOo h=212.00001525878906
08-08 17:22:38.502 I/ReactNativeJS( 7127): [rowprobe] item ElIEpqm2ClnfKFSx h=212.00001525878906
08-08 17:22:38.505 I/ReactNativeJS( 7127): [rowprobe] item dBdcvZ9asaXfVTQO h=212.00001525878906
08-08 17:22:38.507 I/ReactNativeJS( 7127): [rowprobe] item IOWzMrVTADFmzmr4 h=212.00001525878906
08-08 17:22:39.229 I/ReactNativeJS( 7127): [rowprobe] item Bf7r0d1BVDL3w1Mp h=212.00001525878906
08-08 17:22:39.233 I/ReactNativeJS( 7127): [rowprobe] item RGOTM0MPqA6jqzOo h=212.00001525878906
08-08 17:22:39.235 I/ReactNativeJS( 7127): [rowprobe] item IOWzMrVTADFmzmr4 h=212.00001525878906
08-08 17:22:39.618 I/ReactNativeJS( 7127): [rowprobe] item RGOTM0MPqA6jqzOo h=212.00001525878906
08-08 17:22:39.621 I/ReactNativeJS( 7127): [rowprobe] item IOWzMrVTADFmzmr4 h=212.00001525878906
08-08 17:22:39.623 I/ReactNativeJS( 7127): [rowprobe] item Bf7r0d1BVDL3w1Mp h=212.00001525878906
08-08 17:22:39.993 I/ReactNativeJS( 7127): [rowprobe] item 3VThF3VuWac3xEtA h=212.00001525878906
08-08 17:22:39.995 I/ReactNativeJS( 7127): [rowprobe] item IOWzMrVTADFmzmr4 h=212.00001525878906
08-08 17:22:39.997 I/ReactNativeJS( 7127): [rowprobe] item RGOTM0MPqA6jqzOo h=212.00001525878906
08-08 17:22:40.374 I/ReactNativeJS( 7127): [rowprobe] item IOWzMrVTADFmzmr4 h=212.00001525878906
08-08 17:22:40.376 I/ReactNativeJS( 7127): [rowprobe] item uTmSeqZSUKULxxIU h=212.00001525878906
08-08 17:22:40.377 I/ReactNativeJS( 7127): [rowprobe] item Bf7r0d1BVDL3w1Mp h=212.00001525878906
08-08 17:22:40.784 I/ReactNativeJS( 7127): [rowprobe] item xcvPOcEDbp7jcBkI h=212.00001525878906
08-08 17:22:40.786 I/ReactNativeJS( 7127): [rowprobe] item IOWzMrVTADFmzmr4 h=212.00001525878906
08-08 17:22:40.788 I/ReactNativeJS( 7127): [rowprobe] item Bf7r0d1BVDL3w1Mp h=212.00001525878906
08-08 17:22:41.187 I/ReactNativeJS( 7127): [rowprobe] item cdMnhUie8BYtPI68 h=212.00001525878906
08-08 17:22:41.189 I/ReactNativeJS( 7127): [rowprobe] item Bf7r0d1BVDL3w1Mp h=212.00001525878906
08-08 17:22:42.493 I/ReactNativeJS( 7127): [rowprobe] item 3VThF3VuWac3xEtA h=212.00001525878906
08-08 17:22:59.908 I/ReactNativeJS( 7127): [rowprobe] item n5o5j0MkzzexrPJu h=212.00001525878906
08-08 17:22:59.910 I/ReactNativeJS( 7127): [rowprobe] item SFxB4KbBwaLJkJTw h=212.00001525878906
08-08 17:23:00.350 I/ReactNativeJS( 7127): [rowprobe] item SFxB4KbBwaLJkJTw h=212.00001525878906
08-08 17:23:00.353 I/ReactNativeJS( 7127): [rowprobe] item n5o5j0MkzzexrPJu h=212.00001525878906
08-08 17:23:00.792 I/ReactNativeJS( 7127): [rowprobe] item n5o5j0MkzzexrPJu h=212.00001525878906
08-08 17:23:01.801 I/ReactNativeJS( 7127): [rowprobe] item g2sru83nZ51VFaLo h=212.00001525878906
08-08 17:23:01.803 I/ReactNativeJS( 7127): [rowprobe] item n5o5j0MkzzexrPJu h=212.00001525878906
08-08 17:23:02.990 I/ReactNativeJS( 7127): [rowprobe] item cpvfXKd9qkYyGcM4 h=212.00001525878906
08-08 17:23:11.628 I/ReactNativeJS( 7127): [rowprobe] item Vlcau3WF00HLQJUM h=212.00001525878906
08-08 17:23:12.430 I/ReactNativeJS( 7127): [rowprobe] item Vlcau3WF00HLQJUM h=212.00001525878906
08-08 17:23:12.998 I/ReactNativeJS( 7127): [rowprobe] item Vlcau3WF00HLQJUM h=212.00001525878906
08-08 17:23:14.434 I/ReactNativeJS( 7127): [rowprobe] item YLSsG1zZ1wY5Ouz3 h=212.00001525878906
08-08 17:23:14.436 I/ReactNativeJS( 7127): [rowprobe] item Vlcau3WF00HLQJUM h=212.00001525878906
08-08 17:23:14.863 I/ReactNativeJS( 7127): [rowprobe] item MhX9hlMCQG7RKEZB h=212.00001525878906
08-08 17:23:18.021 I/ReactNativeJS( 7127): [rowprobe] item pBsN3VPpfl7fG0k4 h=212.00001525878906
08-08 17:23:18.023 I/ReactNativeJS( 7127): [rowprobe] item 29JMJJI8aU5amuYA h=212.00001525878906
08-08 17:23:18.313 I/ReactNativeJS( 7127): [rowprobe] item 2REhccklMxJX2aB7 h=212.00001525878906
08-08 17:23:18.316 I/ReactNativeJS( 7127): [rowprobe] item 29JMJJI8aU5amuYA h=212.00001525878906
08-08 17:23:18.318 I/ReactNativeJS( 7127): [rowprobe] item s3vVaQyilGomPLAJ h=212.00001525878906
08-08 17:23:18.319 I/ReactNativeJS( 7127): [rowprobe] item FFeRM41pBRTnG9ai h=212.00001525878906
08-08 17:23:18.593 I/ReactNativeJS( 7127): [rowprobe] item FFeRM41pBRTnG9ai h=212.00001525878906
08-08 17:23:18.597 I/ReactNativeJS( 7127): [rowprobe] item 2REhccklMxJX2aB7 h=212.00001525878906
08-08 17:23:18.599 I/ReactNativeJS( 7127): [rowprobe] item pBsN3VPpfl7fG0k4 h=212.00001525878906
08-08 17:23:18.601 I/ReactNativeJS( 7127): [rowprobe] item 61RMHi8qXY3Z8eaN h=212.00001525878906
08-08 17:23:18.802 I/ReactNativeJS( 7127): [rowprobe] item s3vVaQyilGomPLAJ h=212.00001525878906
08-08 17:23:18.804 I/ReactNativeJS( 7127): [rowprobe] item 61RMHi8qXY3Z8eaN h=212.00001525878906
08-08 17:23:19.118 I/ReactNativeJS( 7127): [rowprobe] item pBsN3VPpfl7fG0k4 h=212.00001525878906
08-08 17:23:19.123 I/ReactNativeJS( 7127): [rowprobe] item s3vVaQyilGomPLAJ h=212.00001525878906
08-08 17:23:19.869 I/ReactNativeJS( 7127): [rowprobe] item zUtDQ8DE28omUFi8 h=212.00001525878906
08-08 17:23:19.871 I/ReactNativeJS( 7127): [rowprobe] item GXV4dfJwakZW5uGj h=212.00001525878906
08-08 17:23:19.873 I/ReactNativeJS( 7127): [rowprobe] item s3vVaQyilGomPLAJ h=212.00001525878906
08-08 17:23:19.875 I/ReactNativeJS( 7127): [rowprobe] item 61RMHi8qXY3Z8eaN h=212.00001525878906
08-08 17:23:20.090 I/ReactNativeJS( 7127): [rowprobe] item 61RMHi8qXY3Z8eaN h=212.00001525878906
08-08 17:23:20.093 I/ReactNativeJS( 7127): [rowprobe] item MWcSmgoT2hXjR8ng h=212.00001525878906
08-08 17:23:20.705 I/ReactNativeJS( 7127): [rowprobe] item hCBT6Jlc0xVmzAz6 h=212.00001525878906
08-08 17:23:30.423 I/ReactNativeJS( 7127): [rowprobe] item r9AaA7Fr3lFLCUyS h=212.00001525878906
08-08 17:23:30.427 I/ReactNativeJS( 7127): [rowprobe] item oKL1Z0d6pS6cvRxc h=212.00001525878906
08-08 17:23:30.429 I/ReactNativeJS( 7127): [rowprobe] item z3UlzLWVbLa8wHkU h=212.00001525878906
08-08 17:23:32.223 I/ReactNativeJS( 7127): [rowprobe] item q71A3UAtbj3EQvP6 h=212.00001525878906
08-08 17:23:32.226 I/ReactNativeJS( 7127): [rowprobe] item jxPqf116bkIyHxbD h=212.00001525878906
08-08 17:23:32.228 I/ReactNativeJS( 7127): [rowprobe] item z3UlzLWVbLa8wHkU h=212.00001525878906
08-08 17:23:32.230 I/ReactNativeJS( 7127): [rowprobe] item r9AaA7Fr3lFLCUyS h=212.00001525878906
08-08 17:23:32.731 I/ReactNativeJS( 7127): [rowprobe] item r9AaA7Fr3lFLCUyS h=212.00001525878906
08-08 17:23:32.733 I/ReactNativeJS( 7127): [rowprobe] item z3UlzLWVbLa8wHkU h=212.00001525878906
08-08 17:23:32.735 I/ReactNativeJS( 7127): [rowprobe] item nslm3xo8H5UMoGsv h=212.00001525878906
08-08 17:23:32.737 I/ReactNativeJS( 7127): [rowprobe] item q71A3UAtbj3EQvP6 h=212.00001525878906
08-08 17:23:33.012 I/ReactNativeJS( 7127): [rowprobe] item r9AaA7Fr3lFLCUyS h=212.00001525878906
08-08 17:23:33.014 I/ReactNativeJS( 7127): [rowprobe] item q71A3UAtbj3EQvP6 h=212.00001525878906
08-08 17:23:33.356 I/ReactNativeJS( 7127): [rowprobe] item q71A3UAtbj3EQvP6 h=212.00001525878906
08-08 17:23:33.616 I/ReactNativeJS( 7127): [rowprobe] item Ue5CGzz9R0u9DD6c h=212.00001525878906
08-08 17:23:33.620 I/ReactNativeJS( 7127): [rowprobe] item r9AaA7Fr3lFLCUyS h=212.00001525878906
08-08 17:23:34.089 I/ReactNativeJS( 7127): [rowprobe] item YPQfzTtwzYw0FN4O h=212.00001525878906
08-08 17:23:34.092 I/ReactNativeJS( 7127): [rowprobe] item q71A3UAtbj3EQvP6 h=212.00001525878906
08-08 17:23:34.462 I/ReactNativeJS( 7127): [rowprobe] item Yr6ReEjj19D0wKsM h=212.00001525878906
08-08 17:23:34.707 I/ReactNativeJS( 7127): [rowprobe] item d8re3OvUXunpYHa8 h=212.00001525878906
08-08 17:23:37.833 I/ReactNativeJS( 7127): [rowprobe] item lTOx5biKS8wYlFUq h=212.00001525878906
08-08 17:23:37.836 I/ReactNativeJS( 7127): [rowprobe] item Rah6xemHaBjmEMTQ h=212.00001525878906
08-08 17:23:37.838 I/ReactNativeJS( 7127): [rowprobe] item VKNtmwnSlhasmr33 h=212.00001525878906
08-08 17:23:38.220 I/ReactNativeJS( 7127): [rowprobe] item Rah6xemHaBjmEMTQ h=212.00001525878906
08-08 17:23:38.222 I/ReactNativeJS( 7127): [rowprobe] item amDmeKV7gCnuaeQI h=212.00001525878906
08-08 17:23:38.224 I/ReactNativeJS( 7127): [rowprobe] item LsoTnyVDFjXeY2Ue h=212.00001525878906
08-08 17:23:38.226 I/ReactNativeJS( 7127): [rowprobe] item lTOx5biKS8wYlFUq h=212.00001525878906
08-08 17:23:38.551 I/ReactNativeJS( 7127): [rowprobe] item Rah6xemHaBjmEMTQ h=212.00001525878906
08-08 17:23:38.554 I/ReactNativeJS( 7127): [rowprobe] item lTOx5biKS8wYlFUq h=212.00001525878906
08-08 17:23:38.556 I/ReactNativeJS( 7127): [rowprobe] item Vbw9CVK3ZMk5rAbv h=212.00001525878906
08-08 17:23:39.282 I/ReactNativeJS( 7127): [rowprobe] item d2HDLb6p2nVaHo0J h=212.00001525878906
08-08 17:23:39.286 I/ReactNativeJS( 7127): [rowprobe] item lTOx5biKS8wYlFUq h=212.00001525878906
08-08 17:23:39.595 I/ReactNativeJS( 7127): [rowprobe] item lTOx5biKS8wYlFUq h=212.00001525878906
08-08 17:23:40.993 I/ReactNativeJS( 7127): [rowprobe] item 1PAa5BmiPy1LdXjz h=212.00001525878906
08-08 17:23:40.996 I/ReactNativeJS( 7127): [rowprobe] item lTOx5biKS8wYlFUq h=212.00001525878906
08-08 17:23:41.382 I/ReactNativeJS( 7127): [rowprobe] item dRJufTORznHgGH95 h=212.00001525878906
08-08 17:23:41.384 I/ReactNativeJS( 7127): [rowprobe] item amDmeKV7gCnuaeQI h=212.00001525878906
08-08 17:23:41.386 I/ReactNativeJS( 7127): [rowprobe] item d2HDLb6p2nVaHo0J h=212.00001525878906
08-08 17:23:41.388 I/ReactNativeJS( 7127): [rowprobe] item 1PAa5BmiPy1LdXjz h=212.00001525878906
08-08 17:23:43.196 I/ReactNativeJS( 7127): [rowprobe] item d2HDLb6p2nVaHo0J h=212.00001525878906
08-08 17:23:43.200 I/ReactNativeJS( 7127): [rowprobe] item 1PAa5BmiPy1LdXjz h=212.00001525878906
08-08 17:23:43.202 I/ReactNativeJS( 7127): [rowprobe] item RUriRSH9xWIZPYbz h=212.00001525878906
08-08 17:23:43.204 I/ReactNativeJS( 7127): [rowprobe] item dRJufTORznHgGH95 h=212.00001525878906
08-08 17:23:44.022 I/ReactNativeJS( 7127): [rowprobe] item nAxNK8Qsdjb3i67Y h=212.00001525878906
08-08 17:23:44.026 I/ReactNativeJS( 7127): [rowprobe] item 1PAa5BmiPy1LdXjz h=212.00001525878906
08-08 17:23:44.028 I/ReactNativeJS( 7127): [rowprobe] item dRJufTORznHgGH95 h=212.00001525878906
08-08 17:23:44.031 I/ReactNativeJS( 7127): [rowprobe] item RUriRSH9xWIZPYbz h=212.00001525878906
08-08 17:23:44.034 I/ReactNativeJS( 7127): [rowprobe] item d2HDLb6p2nVaHo0J h=212.00001525878906
08-08 17:23:44.245 I/ReactNativeJS( 7127): [rowprobe] item 1PAa5BmiPy1LdXjz h=212.00001525878906
08-08 17:23:44.249 I/ReactNativeJS( 7127): [rowprobe] item RUriRSH9xWIZPYbz h=212.00001525878906
08-08 17:23:44.251 I/ReactNativeJS( 7127): [rowprobe] item dRJufTORznHgGH95 h=212.00001525878906
08-08 17:23:44.699 I/ReactNativeJS( 7127): [rowprobe] item dRJufTORznHgGH95 h=212.00001525878906
08-08 17:23:45.156 I/ReactNativeJS( 7127): [rowprobe] item D9PyDPV9sctvrDMF h=212.00001525878906
08-08 17:23:45.160 I/ReactNativeJS( 7127): [rowprobe] item dRJufTORznHgGH95 h=212.00001525878906
08-08 17:23:46.720 I/ReactNativeJS( 7127): [rowprobe] item DCpPLCvIlLGFDcnt h=212.00001525878906
08-08 17:23:56.367 I/ReactNativeJS( 7127): [rowprobe] item TMGCsubo83SbGZFJ h=212.00001525878906
08-08 17:23:56.370 I/ReactNativeJS( 7127): [rowprobe] item yCADqGWxdxtNsq35 h=212.00001525878906
08-08 17:23:56.811 I/ReactNativeJS( 7127): [rowprobe] item U6RHG0v3nljHO1RH h=212.00001525878906
08-08 17:23:56.813 I/ReactNativeJS( 7127): [rowprobe] item yCADqGWxdxtNsq35 h=212.00001525878906
08-08 17:23:56.815 I/ReactNativeJS( 7127): [rowprobe] item 02HtgxqZDRThNdvm h=212.00001525878906
08-08 17:23:56.816 I/ReactNativeJS( 7127): [rowprobe] item VYFbMm2hUJJFkduw h=212.00001525878906
08-08 17:23:57.339 I/ReactNativeJS( 7127): [rowprobe] item VYFbMm2hUJJFkduw h=212.00001525878906
08-08 17:23:57.341 I/ReactNativeJS( 7127): [rowprobe] item TMGCsubo83SbGZFJ h=212.00001525878906
08-08 17:23:57.343 I/ReactNativeJS( 7127): [rowprobe] item jiy3GVpDhwzX9jiJ h=212.00001525878906
08-08 17:23:57.345 I/ReactNativeJS( 7127): [rowprobe] item U6RHG0v3nljHO1RH h=212.00001525878906
08-08 17:23:57.915 I/ReactNativeJS( 7127): [rowprobe] item OII5s7FdOKSjBu9l h=212.00001525878906
08-08 17:23:57.917 I/ReactNativeJS( 7127): [rowprobe] item VYFbMm2hUJJFkduw h=212.00001525878906
08-08 17:23:57.919 I/ReactNativeJS( 7127): [rowprobe] item TMGCsubo83SbGZFJ h=212.00001525878906
08-08 17:23:57.922 I/ReactNativeJS( 7127): [rowprobe] item 02HtgxqZDRThNdvm h=212.00001525878906
08-08 17:23:57.925 I/ReactNativeJS( 7127): [rowprobe] item jiy3GVpDhwzX9jiJ h=212.00001525878906
08-08 17:23:57.927 I/ReactNativeJS( 7127): [rowprobe] item wcF7cbCyaY6cDi19 h=212.00001525878906
08-08 17:23:58.394 I/ReactNativeJS( 7127): [rowprobe] item 0ieUVuvsusykjxNh h=212.00001525878906
08-08 17:23:58.396 I/ReactNativeJS( 7127): [rowprobe] item TMGCsubo83SbGZFJ h=212.00001525878906
08-08 17:23:58.399 I/ReactNativeJS( 7127): [rowprobe] item jiy3GVpDhwzX9jiJ h=212.00001525878906
08-08 17:23:58.401 I/ReactNativeJS( 7127): [rowprobe] item 02HtgxqZDRThNdvm h=212.00001525878906
08-08 17:23:58.402 I/ReactNativeJS( 7127): [rowprobe] item wcF7cbCyaY6cDi19 h=212.00001525878906
08-08 17:23:58.404 I/ReactNativeJS( 7127): [rowprobe] item OII5s7FdOKSjBu9l h=212.00001525878906
08-08 17:23:59.069 I/ReactNativeJS( 7127): [rowprobe] item OII5s7FdOKSjBu9l h=212.00001525878906
08-08 17:23:59.070 I/ReactNativeJS( 7127): [rowprobe] item dADfcSZzXUdgOdaS h=212.00001525878906
08-08 17:23:59.072 I/ReactNativeJS( 7127): [rowprobe] item 02HtgxqZDRThNdvm h=212.00001525878906
08-08 17:23:59.074 I/ReactNativeJS( 7127): [rowprobe] item wcF7cbCyaY6cDi19 h=212.00001525878906
08-08 17:23:59.076 I/ReactNativeJS( 7127): [rowprobe] item 0ieUVuvsusykjxNh h=212.00001525878906
08-08 17:24:00.570 I/ReactNativeJS( 7127): [rowprobe] item OII5s7FdOKSjBu9l h=212.00001525878906
08-08 17:24:00.573 I/ReactNativeJS( 7127): [rowprobe] item 0ieUVuvsusykjxNh h=212.00001525878906
08-08 17:24:00.575 I/ReactNativeJS( 7127): [rowprobe] item 88XbStVeuN9y8rHu h=212.00001525878906
08-08 17:24:00.577 I/ReactNativeJS( 7127): [rowprobe] item wcF7cbCyaY6cDi19 h=212.00001525878906
08-08 17:24:00.994 I/ReactNativeJS( 7127): [rowprobe] item OII5s7FdOKSjBu9l h=212.00001525878906
08-08 17:24:00.997 I/ReactNativeJS( 7127): [rowprobe] item 0ieUVuvsusykjxNh h=212.00001525878906
08-08 17:24:00.999 I/ReactNativeJS( 7127): [rowprobe] item dADfcSZzXUdgOdaS h=212.00001525878906
08-08 17:24:01.001 I/ReactNativeJS( 7127): [rowprobe] item O2t1P27GlB2lb0ba h=212.00001525878906
08-08 17:24:01.002 I/ReactNativeJS( 7127): [rowprobe] item wcF7cbCyaY6cDi19 h=212.00001525878906
08-08 17:24:02.393 I/ReactNativeJS( 7127): [rowprobe] item wQMCpbrCvlJDmtDW h=212.00001525878906
08-08 17:24:02.397 I/ReactNativeJS( 7127): [rowprobe] item OII5s7FdOKSjBu9l h=212.00001525878906
08-08 17:24:02.399 I/ReactNativeJS( 7127): [rowprobe] item dADfcSZzXUdgOdaS h=212.00001525878906
08-08 17:24:02.401 I/ReactNativeJS( 7127): [rowprobe] item 0ieUVuvsusykjxNh h=212.00001525878906
08-08 17:24:02.409 I/ReactNativeJS( 7127): [rowprobe] item 88XbStVeuN9y8rHu h=212.00001525878906
08-08 17:24:03.897 I/ReactNativeJS( 7127): [rowprobe] item SmdTrp3tQr85OSoh h=212.00001525878906
08-08 17:24:03.899 I/ReactNativeJS( 7127): [rowprobe] item dADfcSZzXUdgOdaS h=212.00001525878906
08-08 17:24:03.901 I/ReactNativeJS( 7127): [rowprobe] item 88XbStVeuN9y8rHu h=212.00001525878906
08-08 17:24:05.053 I/ReactNativeJS( 7127): [rowprobe] item wQMCpbrCvlJDmtDW h=212.00001525878906
08-08 17:24:09.952 I/ReactNativeJS( 7127): [rowprobe] item a5gCiCLHqVMGUf4c h=212.00001525878906
08-08 17:24:10.403 I/ReactNativeJS( 7127): [rowprobe] item PFeTSp9F1zcKcEW4 h=212.00001525878906
08-08 17:24:11.048 I/ReactNativeJS( 7127): [rowprobe] item YvpBjvDp1U1XCPUv h=212.00001525878906
08-08 17:24:11.052 I/ReactNativeJS( 7127): [rowprobe] item PFeTSp9F1zcKcEW4 h=212.00001525878906
08-08 17:24:11.594 I/ReactNativeJS( 7127): [rowprobe] item YvpBjvDp1U1XCPUv h=212.00001525878906
08-08 17:24:11.596 I/ReactNativeJS( 7127): [rowprobe] item fCFqjkkmtGhSSuXY h=212.00001525878906
08-08 17:24:11.598 I/ReactNativeJS( 7127): [rowprobe] item PFeTSp9F1zcKcEW4 h=212.00001525878906
08-08 17:24:11.599 I/ReactNativeJS( 7127): [rowprobe] item 4PiqHMPdSEyjMl96 h=212.00001525878906
08-08 17:24:12.079 I/ReactNativeJS( 7127): [rowprobe] item YvpBjvDp1U1XCPUv h=212.00001525878906
08-08 17:24:12.082 I/ReactNativeJS( 7127): [rowprobe] item 4PiqHMPdSEyjMl96 h=212.00001525878906
08-08 17:24:12.090 I/ReactNativeJS( 7127): [rowprobe] item a5gCiCLHqVMGUf4c h=212.00001525878906
08-08 17:24:12.092 I/ReactNativeJS( 7127): [rowprobe] item PFeTSp9F1zcKcEW4 h=212.00001525878906
08-08 17:24:12.094 I/ReactNativeJS( 7127): [rowprobe] item fCFqjkkmtGhSSuXY h=212.00001525878906
08-08 17:24:12.590 I/ReactNativeJS( 7127): [rowprobe] item fCFqjkkmtGhSSuXY h=212.00001525878906
08-08 17:24:12.592 I/ReactNativeJS( 7127): [rowprobe] item a5gCiCLHqVMGUf4c h=212.00001525878906
08-08 17:24:12.593 I/ReactNativeJS( 7127): [rowprobe] item PFeTSp9F1zcKcEW4 h=212.00001525878906
08-08 17:24:13.483 I/ReactNativeJS( 7127): [rowprobe] item YvpBjvDp1U1XCPUv h=212.00001525878906
08-08 17:24:13.485 I/ReactNativeJS( 7127): [rowprobe] item LYXBIo9neFPGJH9G h=212.00001525878906
08-08 17:24:13.487 I/ReactNativeJS( 7127): [rowprobe] item fCFqjkkmtGhSSuXY h=212.00001525878906
08-08 17:24:14.164 I/ReactNativeJS( 7127): [rowprobe] item UyIkPfqBoBRD8K5Q h=212.00001525878906
08-08 17:24:14.167 I/ReactNativeJS( 7127): [rowprobe] item fCFqjkkmtGhSSuXY h=212.00001525878906
08-08 17:24:14.654 I/ReactNativeJS( 7127): [rowprobe] item oxfjHPKHYiHdIKDM h=212.00001525878906
08-08 17:24:14.656 I/ReactNativeJS( 7127): [rowprobe] item fCFqjkkmtGhSSuXY h=212.00001525878906
08-08 17:24:15.280 I/ReactNativeJS( 7127): [rowprobe] item l8sS8fkAtoc9rsvG h=212.00001525878906
08-08 17:24:38.444 I/ReactNativeJS( 7127): [rowprobe] item O6dCyB7GvfV3OCSw h=212.00001525878906
08-08 17:24:38.998 I/ReactNativeJS( 7127): [rowprobe] item Y1kBMMhXo1TIsTDd h=212.00001525878906
08-08 17:24:39.602 I/ReactNativeJS( 7127): [rowprobe] item bfHaTVRSplaDpMFC h=212.00001525878906
08-08 17:24:40.068 I/ReactNativeJS( 7127): [rowprobe] item xxPrjsX3kToCcrlB h=212.00001525878906
08-08 17:24:40.603 I/ReactNativeJS( 7127): [rowprobe] item sPrH8L6yuIlfPH1G h=212.00001525878906
08-08 17:24:41.150 I/ReactNativeJS( 7127): [rowprobe] item jrLJMrWUcO8uxUl1 h=212.00001525878906
08-08 17:24:41.154 I/ReactNativeJS( 7127): [rowprobe] item tEN05DKSgaFRDRhc h=212.00001525878906
08-08 17:24:41.706 I/ReactNativeJS( 7127): [rowprobe] item Y9QZ947RJ3gAeUwZ h=212.00001525878906
08-08 17:24:42.187 I/ReactNativeJS( 7127): [rowprobe] item Smrn1qzPEf1SEFWa h=212.00001525878906
08-08 17:24:42.190 I/ReactNativeJS( 7127): [rowprobe] item jrLJMrWUcO8uxUl1 h=212.00001525878906
08-08 17:24:42.192 I/ReactNativeJS( 7127): [rowprobe] item Y9QZ947RJ3gAeUwZ h=212.00001525878906
08-08 17:24:42.688 I/ReactNativeJS( 7127): [rowprobe] item jrLJMrWUcO8uxUl1 h=212.00001525878906
08-08 17:24:42.691 I/ReactNativeJS( 7127): [rowprobe] item 6RKycD9bpv03K5Z6 h=212.00001525878906
08-08 17:24:42.693 I/ReactNativeJS( 7127): [rowprobe] item Y9QZ947RJ3gAeUwZ h=212.00001525878906
08-08 17:24:42.695 I/ReactNativeJS( 7127): [rowprobe] item xxPrjsX3kToCcrlB h=212.00001525878906
08-08 17:24:43.264 I/ReactNativeJS( 7127): [rowprobe] item Smrn1qzPEf1SEFWa h=212.00001525878906
08-08 17:24:43.266 I/ReactNativeJS( 7127): [rowprobe] item NlenBcwErVI5itEv h=212.00001525878906
08-08 17:24:43.269 I/ReactNativeJS( 7127): [rowprobe] item sPrH8L6yuIlfPH1G h=212.00001525878906
08-08 17:24:43.271 I/ReactNativeJS( 7127): [rowprobe] item xxPrjsX3kToCcrlB h=212.00001525878906
08-08 17:24:43.273 I/ReactNativeJS( 7127): [rowprobe] item Y9QZ947RJ3gAeUwZ h=212.00001525878906
08-08 17:24:43.769 I/ReactNativeJS( 7127): [rowprobe] item Smrn1qzPEf1SEFWa h=212.00001525878906
08-08 17:24:43.771 I/ReactNativeJS( 7127): [rowprobe] item sPrH8L6yuIlfPH1G h=212.00001525878906
08-08 17:24:43.773 I/ReactNativeJS( 7127): [rowprobe] item jrLJMrWUcO8uxUl1 h=212.00001525878906
08-08 17:24:43.775 I/ReactNativeJS( 7127): [rowprobe] item 6RKycD9bpv03K5Z6 h=212.00001525878906
08-08 17:24:43.777 I/ReactNativeJS( 7127): [rowprobe] item ZauojeVKHwv2IeXl h=212.00001525878906
08-08 17:24:44.230 I/ReactNativeJS( 7127): [rowprobe] item NlenBcwErVI5itEv h=212.00001525878906
08-08 17:24:44.232 I/ReactNativeJS( 7127): [rowprobe] item xtZcVzMxfiROOkzk h=212.00001525878906
08-08 17:24:44.234 I/ReactNativeJS( 7127): [rowprobe] item jrLJMrWUcO8uxUl1 h=212.00001525878906
08-08 17:24:44.236 I/ReactNativeJS( 7127): [rowprobe] item 6RKycD9bpv03K5Z6 h=212.00001525878906
08-08 17:24:44.238 I/ReactNativeJS( 7127): [rowprobe] item Y9QZ947RJ3gAeUwZ h=212.00001525878906
08-08 17:24:44.766 I/ReactNativeJS( 7127): [rowprobe] item Smrn1qzPEf1SEFWa h=212.00001525878906
08-08 17:24:44.768 I/ReactNativeJS( 7127): [rowprobe] item NlenBcwErVI5itEv h=212.00001525878906
08-08 17:24:44.770 I/ReactNativeJS( 7127): [rowprobe] item g5xwi644SfG4zCva h=212.00001525878906
08-08 17:24:44.772 I/ReactNativeJS( 7127): [rowprobe] item ZauojeVKHwv2IeXl h=212.00001525878906
08-08 17:24:44.774 I/ReactNativeJS( 7127): [rowprobe] item Y9QZ947RJ3gAeUwZ h=212.00001525878906
08-08 17:24:45.255 I/ReactNativeJS( 7127): [rowprobe] item Smrn1qzPEf1SEFWa h=212.00001525878906
08-08 17:24:45.259 I/ReactNativeJS( 7127): [rowprobe] item NlenBcwErVI5itEv h=212.00001525878906
08-08 17:24:45.261 I/ReactNativeJS( 7127): [rowprobe] item xtZcVzMxfiROOkzk h=212.00001525878906
08-08 17:24:45.263 I/ReactNativeJS( 7127): [rowprobe] item 6RKycD9bpv03K5Z6 h=212.00001525878906
08-08 17:24:45.265 I/ReactNativeJS( 7127): [rowprobe] item ZauojeVKHwv2IeXl h=212.00001525878906
08-08 17:24:45.266 I/ReactNativeJS( 7127): [rowprobe] item K7P5sLea1VMY8MQb h=212.00001525878906
08-08 17:24:45.856 I/ReactNativeJS( 7127): [rowprobe] item sUga95XdMQXcoRSf h=212.00001525878906
08-08 17:24:45.860 I/ReactNativeJS( 7127): [rowprobe] item NlenBcwErVI5itEv h=212.00001525878906
08-08 17:24:45.862 I/ReactNativeJS( 7127): [rowprobe] item xtZcVzMxfiROOkzk h=212.00001525878906
08-08 17:24:45.864 I/ReactNativeJS( 7127): [rowprobe] item g5xwi644SfG4zCva h=212.00001525878906
08-08 17:24:45.866 I/ReactNativeJS( 7127): [rowprobe] item 6RKycD9bpv03K5Z6 h=212.00001525878906
08-08 17:24:46.427 I/ReactNativeJS( 7127): [rowprobe] item NlenBcwErVI5itEv h=212.00001525878906
08-08 17:24:46.429 I/ReactNativeJS( 7127): [rowprobe] item xtZcVzMxfiROOkzk h=212.00001525878906
08-08 17:24:46.431 I/ReactNativeJS( 7127): [rowprobe] item g5xwi644SfG4zCva h=212.00001525878906
08-08 17:24:46.433 I/ReactNativeJS( 7127): [rowprobe] item WrWCexmuxsi6DiX0 h=212.00001525878906
08-08 17:24:46.435 I/ReactNativeJS( 7127): [rowprobe] item ZauojeVKHwv2IeXl h=212.00001525878906
08-08 17:24:46.437 I/ReactNativeJS( 7127): [rowprobe] item K7P5sLea1VMY8MQb h=212.00001525878906
08-08 17:24:47.030 I/ReactNativeJS( 7127): [rowprobe] item sUga95XdMQXcoRSf h=212.00001525878906
08-08 17:24:47.036 I/ReactNativeJS( 7127): [rowprobe] item 0MKtks3Ag9V5t0HK h=212.00001525878906
08-08 17:24:47.038 I/ReactNativeJS( 7127): [rowprobe] item xtZcVzMxfiROOkzk h=212.00001525878906
08-08 17:24:47.041 I/ReactNativeJS( 7127): [rowprobe] item g5xwi644SfG4zCva h=212.00001525878906
08-08 17:24:47.044 I/ReactNativeJS( 7127): [rowprobe] item ZauojeVKHwv2IeXl h=212.00001525878906
08-08 17:24:47.544 I/ReactNativeJS( 7127): [rowprobe] item sUga95XdMQXcoRSf h=212.00001525878906
08-08 17:24:47.546 I/ReactNativeJS( 7127): [rowprobe] item WrWCexmuxsi6DiX0 h=212.00001525878906
08-08 17:24:47.548 I/ReactNativeJS( 7127): [rowprobe] item wiTDaD57JLzwUFYJ h=212.00001525878906
08-08 17:24:48.003 I/ReactNativeJS( 7127): [rowprobe] item 0MKtks3Ag9V5t0HK h=212.00001525878906
08-08 17:24:48.006 I/ReactNativeJS( 7127): [rowprobe] item 5CxkPDySbo0AkPx7 h=212.00001525878906
08-08 17:24:48.015 I/ReactNativeJS( 7127): [rowprobe] item K7P5sLea1VMY8MQb h=212.00001525878906
08-08 17:24:48.506 I/ReactNativeJS( 7127): [rowprobe] item 0MKtks3Ag9V5t0HK h=212.00001525878906
08-08 17:24:48.508 I/ReactNativeJS( 7127): [rowprobe] item PSFpfYRlGo0tKfpz h=212.00001525878906
08-08 17:24:48.510 I/ReactNativeJS( 7127): [rowprobe] item wiTDaD57JLzwUFYJ h=212.00001525878906
08-08 17:24:48.512 I/ReactNativeJS( 7127): [rowprobe] item K7P5sLea1VMY8MQb h=212.00001525878906
08-08 17:24:48.514 I/ReactNativeJS( 7127): [rowprobe] item 5CxkPDySbo0AkPx7 h=212.00001525878906
08-08 17:24:49.035 I/ReactNativeJS( 7127): [rowprobe] item wiTDaD57JLzwUFYJ h=212.00001525878906
08-08 17:24:49.037 I/ReactNativeJS( 7127): [rowprobe] item CzAiLc36ZphjhgFS h=212.00001525878906
08-08 17:24:49.039 I/ReactNativeJS( 7127): [rowprobe] item 0MKtks3Ag9V5t0HK h=212.00001525878906
08-08 17:24:49.041 I/ReactNativeJS( 7127): [rowprobe] item PSFpfYRlGo0tKfpz h=212.00001525878906
08-08 17:24:49.043 I/ReactNativeJS( 7127): [rowprobe] item WrWCexmuxsi6DiX0 h=212.00001525878906
08-08 17:24:49.643 I/ReactNativeJS( 7127): [rowprobe] item YiI46N65DF22YzOa h=212.00001525878906
08-08 17:24:49.645 I/ReactNativeJS( 7127): [rowprobe] item 0MKtks3Ag9V5t0HK h=212.00001525878906
08-08 17:24:49.647 I/ReactNativeJS( 7127): [rowprobe] item PSFpfYRlGo0tKfpz h=212.00001525878906
08-08 17:24:49.649 I/ReactNativeJS( 7127): [rowprobe] item WrWCexmuxsi6DiX0 h=212.00001525878906
08-08 17:24:49.651 I/ReactNativeJS( 7127): [rowprobe] item wiTDaD57JLzwUFYJ h=212.00001525878906
08-08 17:24:49.653 I/ReactNativeJS( 7127): [rowprobe] item CzAiLc36ZphjhgFS h=212.00001525878906
08-08 17:24:50.211 I/ReactNativeJS( 7127): [rowprobe] item 0MKtks3Ag9V5t0HK h=212.00001525878906
08-08 17:24:50.214 I/ReactNativeJS( 7127): [rowprobe] item PSFpfYRlGo0tKfpz h=212.00001525878906
08-08 17:24:50.216 I/ReactNativeJS( 7127): [rowprobe] item LA9PbKFqdpcnvXP5 h=212.00001525878906
08-08 17:24:50.218 I/ReactNativeJS( 7127): [rowprobe] item wiTDaD57JLzwUFYJ h=212.00001525878906
08-08 17:24:50.220 I/ReactNativeJS( 7127): [rowprobe] item CzAiLc36ZphjhgFS h=212.00001525878906
08-08 17:24:50.609 I/ReactNativeJS( 7127): [rowprobe] item YiI46N65DF22YzOa h=212.00001525878906
08-08 17:24:50.611 I/ReactNativeJS( 7127): [rowprobe] item 7KFwrwvtHdB7zxcQ h=212.00001525878906
08-08 17:24:50.613 I/ReactNativeJS( 7127): [rowprobe] item 5CxkPDySbo0AkPx7 h=212.00001525878906
08-08 17:24:50.615 I/ReactNativeJS( 7127): [rowprobe] item CzAiLc36ZphjhgFS h=212.00001525878906
08-08 17:24:51.223 I/ReactNativeJS( 7127): [rowprobe] item YiI46N65DF22YzOa h=212.00001525878906
08-08 17:24:51.225 I/ReactNativeJS( 7127): [rowprobe] item 5CxkPDySbo0AkPx7 h=212.00001525878906
08-08 17:24:51.227 I/ReactNativeJS( 7127): [rowprobe] item PSFpfYRlGo0tKfpz h=212.00001525878906
08-08 17:24:51.229 I/ReactNativeJS( 7127): [rowprobe] item LA9PbKFqdpcnvXP5 h=212.00001525878906
08-08 17:24:51.230 I/ReactNativeJS( 7127): [rowprobe] item 4DRhQmUAncPOe7wA h=212.00001525878906
08-08 17:24:51.232 I/ReactNativeJS( 7127): [rowprobe] item CzAiLc36ZphjhgFS h=212.00001525878906
08-08 17:24:51.816 I/ReactNativeJS( 7127): [rowprobe] item YiI46N65DF22YzOa h=212.00001525878906
08-08 17:24:51.819 I/ReactNativeJS( 7127): [rowprobe] item 7KFwrwvtHdB7zxcQ h=212.00001525878906
08-08 17:24:51.822 I/ReactNativeJS( 7127): [rowprobe] item pLTTKtTq9RbIOhVi h=212.00001525878906
08-08 17:24:51.824 I/ReactNativeJS( 7127): [rowprobe] item LA9PbKFqdpcnvXP5 h=212.00001525878906
08-08 17:24:51.828 I/ReactNativeJS( 7127): [rowprobe] item CzAiLc36ZphjhgFS h=212.00001525878906
08-08 17:24:52.345 I/ReactNativeJS( 7127): [rowprobe] item 7KFwrwvtHdB7zxcQ h=212.00001525878906
08-08 17:24:52.347 I/ReactNativeJS( 7127): [rowprobe] item pLTTKtTq9RbIOhVi h=212.00001525878906
08-08 17:24:52.349 I/ReactNativeJS( 7127): [rowprobe] item tgxFUryKgu5ifl5x h=212.00001525878906
08-08 17:24:52.352 I/ReactNativeJS( 7127): [rowprobe] item 4DRhQmUAncPOe7wA h=212.00001525878906
08-08 17:24:52.354 I/ReactNativeJS( 7127): [rowprobe] item CzAiLc36ZphjhgFS h=212.00001525878906
08-08 17:24:52.893 I/ReactNativeJS( 7127): [rowprobe] item 3xfPLkuZ4DAwBoYa h=212.00001525878906
08-08 17:24:52.900 I/ReactNativeJS( 7127): [rowprobe] item 7KFwrwvtHdB7zxcQ h=212.00001525878906
08-08 17:24:52.902 I/ReactNativeJS( 7127): [rowprobe] item pLTTKtTq9RbIOhVi h=212.00001525878906
08-08 17:24:52.904 I/ReactNativeJS( 7127): [rowprobe] item LA9PbKFqdpcnvXP5 h=212.00001525878906
08-08 17:24:52.906 I/ReactNativeJS( 7127): [rowprobe] item 4DRhQmUAncPOe7wA h=212.00001525878906
08-08 17:24:52.907 I/ReactNativeJS( 7127): [rowprobe] item YiI46N65DF22YzOa h=212.00001525878906
08-08 17:24:52.909 I/ReactNativeJS( 7127): [rowprobe] item tgxFUryKgu5ifl5x h=212.00001525878906
08-08 17:24:53.533 I/ReactNativeJS( 7127): [rowprobe] item 7KFwrwvtHdB7zxcQ h=212.00001525878906
08-08 17:24:53.537 I/ReactNativeJS( 7127): [rowprobe] item pLTTKtTq9RbIOhVi h=212.00001525878906
08-08 17:24:53.539 I/ReactNativeJS( 7127): [rowprobe] item tgxFUryKgu5ifl5x h=212.00001525878906
08-08 17:24:53.541 I/ReactNativeJS( 7127): [rowprobe] item Wif3Oe6BmBhvgvFb h=212.00001525878906
08-08 17:24:53.543 I/ReactNativeJS( 7127): [rowprobe] item LA9PbKFqdpcnvXP5 h=212.00001525878906
08-08 17:24:54.097 I/ReactNativeJS( 7127): [rowprobe] item 3xfPLkuZ4DAwBoYa h=212.00001525878906
08-08 17:24:54.100 I/ReactNativeJS( 7127): [rowprobe] item phgYHtIkfVX3f89Z h=212.00001525878906
08-08 17:24:54.102 I/ReactNativeJS( 7127): [rowprobe] item tgxFUryKgu5ifl5x h=212.00001525878906
08-08 17:24:54.105 I/ReactNativeJS( 7127): [rowprobe] item 4DRhQmUAncPOe7wA h=212.00001525878906
08-08 17:24:54.107 I/ReactNativeJS( 7127): [rowprobe] item 7KFwrwvtHdB7zxcQ h=212.00001525878906
08-08 17:24:54.663 I/ReactNativeJS( 7127): [rowprobe] item pLTTKtTq9RbIOhVi h=212.00001525878906
08-08 17:24:54.666 I/ReactNativeJS( 7127): [rowprobe] item tgxFUryKgu5ifl5x h=212.00001525878906
08-08 17:24:54.668 I/ReactNativeJS( 7127): [rowprobe] item Wif3Oe6BmBhvgvFb h=212.00001525878906
08-08 17:24:54.670 I/ReactNativeJS( 7127): [rowprobe] item t59p8nB3X5pLUrh1 h=212.00001525878906
08-08 17:24:54.672 I/ReactNativeJS( 7127): [rowprobe] item 4DRhQmUAncPOe7wA h=212.00001525878906
08-08 17:24:55.211 I/ReactNativeJS( 7127): [rowprobe] item phgYHtIkfVX3f89Z h=212.00001525878906
08-08 17:24:55.215 I/ReactNativeJS( 7127): [rowprobe] item Ig6Hh4pvpG6kmH8n h=212.00001525878906
08-08 17:24:55.217 I/ReactNativeJS( 7127): [rowprobe] item tgxFUryKgu5ifl5x h=212.00001525878906
08-08 17:24:55.219 I/ReactNativeJS( 7127): [rowprobe] item pLTTKtTq9RbIOhVi h=212.00001525878906
08-08 17:24:55.620 I/ReactNativeJS( 7127): [rowprobe] item 3xfPLkuZ4DAwBoYa h=212.00001525878906
08-08 17:24:55.624 I/ReactNativeJS( 7127): [rowprobe] item phgYHtIkfVX3f89Z h=212.00001525878906
08-08 17:24:55.627 I/ReactNativeJS( 7127): [rowprobe] item gy4HTALYpi5Ax89V h=212.00001525878906
08-08 17:24:55.629 I/ReactNativeJS( 7127): [rowprobe] item t59p8nB3X5pLUrh1 h=212.00001525878906
08-08 17:24:55.632 I/ReactNativeJS( 7127): [rowprobe] item tgxFUryKgu5ifl5x h=212.00001525878906
08-08 17:24:55.634 I/ReactNativeJS( 7127): [rowprobe] item Ig6Hh4pvpG6kmH8n h=212.00001525878906
08-08 17:24:55.636 I/ReactNativeJS( 7127): [rowprobe] item Wif3Oe6BmBhvgvFb h=212.00001525878906
08-08 17:24:56.183 I/ReactNativeJS( 7127): [rowprobe] item 1Yh7Sc7sJkUnSaJb h=212.00001525878906
08-08 17:24:56.187 I/ReactNativeJS( 7127): [rowprobe] item Wif3Oe6BmBhvgvFb h=212.00001525878906
08-08 17:24:56.190 I/ReactNativeJS( 7127): [rowprobe] item 3xfPLkuZ4DAwBoYa h=212.00001525878906
08-08 17:24:56.193 I/ReactNativeJS( 7127): [rowprobe] item phgYHtIkfVX3f89Z h=212.00001525878906
08-08 17:24:56.196 I/ReactNativeJS( 7127): [rowprobe] item Ig6Hh4pvpG6kmH8n h=212.00001525878906
08-08 17:24:56.198 I/ReactNativeJS( 7127): [rowprobe] item gy4HTALYpi5Ax89V h=212.00001525878906
08-08 17:24:56.201 I/ReactNativeJS( 7127): [rowprobe] item t59p8nB3X5pLUrh1 h=212.00001525878906
08-08 17:24:56.578 I/ReactNativeJS( 7127): [rowprobe] item phgYHtIkfVX3f89Z h=212.00001525878906
08-08 17:24:56.581 I/ReactNativeJS( 7127): [rowprobe] item Ig6Hh4pvpG6kmH8n h=212.00001525878906
08-08 17:24:56.583 I/ReactNativeJS( 7127): [rowprobe] item gy4HTALYpi5Ax89V h=212.00001525878906
08-08 17:24:56.585 I/ReactNativeJS( 7127): [rowprobe] item 0ZPJwuL43JkpN1xj h=212.00001525878906
08-08 17:24:56.587 I/ReactNativeJS( 7127): [rowprobe] item t59p8nB3X5pLUrh1 h=212.00001525878906
08-08 17:24:56.589 I/ReactNativeJS( 7127): [rowprobe] item Wif3Oe6BmBhvgvFb h=212.00001525878906
08-08 17:24:56.979 I/ReactNativeJS( 7127): [rowprobe] item 1Yh7Sc7sJkUnSaJb h=212.00001525878906
08-08 17:24:56.982 I/ReactNativeJS( 7127): [rowprobe] item kbFVPqhTWlZmLu1q h=212.00001525878906
08-08 17:24:56.984 I/ReactNativeJS( 7127): [rowprobe] item t59p8nB3X5pLUrh1 h=212.00001525878906
08-08 17:24:56.986 I/ReactNativeJS( 7127): [rowprobe] item phgYHtIkfVX3f89Z h=212.00001525878906
08-08 17:24:56.989 I/ReactNativeJS( 7127): [rowprobe] item Ig6Hh4pvpG6kmH8n h=212.00001525878906
08-08 17:24:57.548 I/ReactNativeJS( 7127): [rowprobe] item 1Yh7Sc7sJkUnSaJb h=212.00001525878906
08-08 17:24:57.551 I/ReactNativeJS( 7127): [rowprobe] item kbFVPqhTWlZmLu1q h=212.00001525878906
08-08 17:24:57.554 I/ReactNativeJS( 7127): [rowprobe] item Ig6Hh4pvpG6kmH8n h=212.00001525878906
08-08 17:24:57.557 I/ReactNativeJS( 7127): [rowprobe] item 0ZPJwuL43JkpN1xj h=212.00001525878906
08-08 17:24:57.560 I/ReactNativeJS( 7127): [rowprobe] item pVqVhnZmzKlNnTbB h=212.00001525878906
08-08 17:24:57.562 I/ReactNativeJS( 7127): [rowprobe] item t59p8nB3X5pLUrh1 h=212.00001525878906
08-08 17:24:58.005 I/ReactNativeJS( 7127): [rowprobe] item kbFVPqhTWlZmLu1q h=212.00001525878906
08-08 17:24:58.009 I/ReactNativeJS( 7127): [rowprobe] item j4qusvb1z3U8bSix h=212.00001525878906
08-08 17:24:58.012 I/ReactNativeJS( 7127): [rowprobe] item 0ZPJwuL43JkpN1xj h=212.00001525878906
08-08 17:24:58.016 I/ReactNativeJS( 7127): [rowprobe] item Ig6Hh4pvpG6kmH8n h=212.00001525878906
08-08 17:24:58.018 I/ReactNativeJS( 7127): [rowprobe] item 1Yh7Sc7sJkUnSaJb h=212.00001525878906
08-08 17:24:59.550 I/ReactNativeJS( 7127): [rowprobe] item 1Yh7Sc7sJkUnSaJb h=212.00001525878906
08-08 17:24:59.552 I/ReactNativeJS( 7127): [rowprobe] item kbFVPqhTWlZmLu1q h=212.00001525878906
08-08 17:24:59.556 I/ReactNativeJS( 7127): [rowprobe] item h7TWfbGTePS7JFxF h=212.00001525878906
08-08 17:24:59.559 I/ReactNativeJS( 7127): [rowprobe] item 0ZPJwuL43JkpN1xj h=212.00001525878906
08-08 17:24:59.561 I/ReactNativeJS( 7127): [rowprobe] item pVqVhnZmzKlNnTbB h=212.00001525878906
08-08 17:24:59.564 I/ReactNativeJS( 7127): [rowprobe] item gy4HTALYpi5Ax89V h=212.00001525878906
08-08 17:24:59.567 I/ReactNativeJS( 7127): [rowprobe] item j4qusvb1z3U8bSix h=212.00001525878906
08-08 17:25:00.098 I/ReactNativeJS( 7127): [rowprobe] item VHqoVW1K7RrP28np h=212.00001525878906
08-08 17:25:00.103 I/ReactNativeJS( 7127): [rowprobe] item kbFVPqhTWlZmLu1q h=212.00001525878906
08-08 17:25:00.105 I/ReactNativeJS( 7127): [rowprobe] item 0ZPJwuL43JkpN1xj h=212.00001525878906
08-08 17:25:00.107 I/ReactNativeJS( 7127): [rowprobe] item pVqVhnZmzKlNnTbB h=212.00001525878906
08-08 17:25:00.109 I/ReactNativeJS( 7127): [rowprobe] item 1Yh7Sc7sJkUnSaJb h=212.00001525878906
08-08 17:25:00.705 I/ReactNativeJS( 7127): [rowprobe] item wTXt6cl5zMxXqQg8 h=212.00001525878906
08-08 17:25:00.708 I/ReactNativeJS( 7127): [rowprobe] item 0ZPJwuL43JkpN1xj h=212.00001525878906
08-08 17:25:00.711 I/ReactNativeJS( 7127): [rowprobe] item pVqVhnZmzKlNnTbB h=212.00001525878906
08-08 17:25:00.714 I/ReactNativeJS( 7127): [rowprobe] item kbFVPqhTWlZmLu1q h=212.00001525878906
08-08 17:25:00.717 I/ReactNativeJS( 7127): [rowprobe] item j4qusvb1z3U8bSix h=212.00001525878906
08-08 17:25:01.169 I/ReactNativeJS( 7127): [rowprobe] item j4qusvb1z3U8bSix h=212.00001525878906
08-08 17:25:01.173 I/ReactNativeJS( 7127): [rowprobe] item GRaQyMI2x81GU6v2 h=212.00001525878906
08-08 17:25:01.470 I/ReactNativeJS( 7127): [rowprobe] item NeG9STwYtXEJdkO5 h=212.00001525878906
08-08 17:25:01.473 I/ReactNativeJS( 7127): [rowprobe] item j4qusvb1z3U8bSix h=212.00001525878906
08-08 17:25:01.476 I/ReactNativeJS( 7127): [rowprobe] item h7TWfbGTePS7JFxF h=212.00001525878906
08-08 17:25:01.880 I/ReactNativeJS( 7127): [rowprobe] item j4qusvb1z3U8bSix h=212.00001525878906
08-08 17:25:01.883 I/ReactNativeJS( 7127): [rowprobe] item VHqoVW1K7RrP28np h=212.00001525878906
08-08 17:25:02.480 I/ReactNativeJS( 7127): [rowprobe] item wTXt6cl5zMxXqQg8 h=212.00001525878906
08-08 17:25:07.927 I/ReactNativeJS( 7127): [rowprobe] item pBdd0cCdLhhS4dPD h=212.00001525878906
08-08 17:25:07.931 I/ReactNativeJS( 7127): [rowprobe] item XcpgLSN4nx7OJysw h=212.00001525878906
08-08 17:25:08.573 I/ReactNativeJS( 7127): [rowprobe] item wuwOdv9F45DEW9ZI h=212.00001525878906
08-08 17:25:08.576 I/ReactNativeJS( 7127): [rowprobe] item 402jMix23bhYyVl5 h=212.00001525878906
08-08 17:25:08.578 I/ReactNativeJS( 7127): [rowprobe] item Hgfgu0ONnNnnd7er h=212.00001525878906
08-08 17:25:08.581 I/ReactNativeJS( 7127): [rowprobe] item khB18AbnJYwlD5Zs h=212.00001525878906
08-08 17:25:08.583 I/ReactNativeJS( 7127): [rowprobe] item vBwIIOLLiskXP9Tu h=212.00001525878906
08-08 17:25:09.172 I/ReactNativeJS( 7127): [rowprobe] item mtwjBYcpSJBu9VDa h=212.00001525878906
08-08 17:25:09.175 I/ReactNativeJS( 7127): [rowprobe] item khB18AbnJYwlD5Zs h=212.00001525878906
08-08 17:25:09.178 I/ReactNativeJS( 7127): [rowprobe] item pBdd0cCdLhhS4dPD h=212.00001525878906
08-08 17:25:09.181 I/ReactNativeJS( 7127): [rowprobe] item vBwIIOLLiskXP9Tu h=212.00001525878906
08-08 17:25:09.814 I/ReactNativeJS( 7127): [rowprobe] item mtwjBYcpSJBu9VDa h=212.00001525878906
08-08 17:25:09.817 I/ReactNativeJS( 7127): [rowprobe] item xcGAoB3rPEGfFSIr h=212.00001525878906
08-08 17:25:09.820 I/ReactNativeJS( 7127): [rowprobe] item pBdd0cCdLhhS4dPD h=212.00001525878906
08-08 17:25:09.823 I/ReactNativeJS( 7127): [rowprobe] item vBwIIOLLiskXP9Tu h=212.00001525878906
08-08 17:25:09.826 I/ReactNativeJS( 7127): [rowprobe] item wuwOdv9F45DEW9ZI h=212.00001525878906
08-08 17:25:10.745 I/ReactNativeJS( 7127): [rowprobe] item mtwjBYcpSJBu9VDa h=212.00001525878906
08-08 17:25:10.750 I/ReactNativeJS( 7127): [rowprobe] item pBdd0cCdLhhS4dPD h=212.00001525878906
08-08 17:25:10.753 I/ReactNativeJS( 7127): [rowprobe] item VOgamGjY0ARByuSw h=212.00001525878906
08-08 17:25:10.756 I/ReactNativeJS( 7127): [rowprobe] item wuwOdv9F45DEW9ZI h=212.00001525878906
08-08 17:25:10.759 I/ReactNativeJS( 7127): [rowprobe] item xcGAoB3rPEGfFSIr h=212.00001525878906
08-08 17:25:11.566 I/ReactNativeJS( 7127): [rowprobe] item mtwjBYcpSJBu9VDa h=212.00001525878906
08-08 17:25:11.569 I/ReactNativeJS( 7127): [rowprobe] item Rlo4YIcucfpj943l h=212.00001525878906
08-08 17:25:11.571 I/ReactNativeJS( 7127): [rowprobe] item wuwOdv9F45DEW9ZI h=212.00001525878906
08-08 17:25:11.573 I/ReactNativeJS( 7127): [rowprobe] item pBdd0cCdLhhS4dPD h=212.00001525878906
08-08 17:25:11.717 W/ReactNativeJS( 7127): [series] 0 books sit under no configured root and 1 have no first chapter — all dropped before detection, out of 352
08-08 17:25:11.958 I/ReactNativeJS( 7127): [series] "Discworld"  41 books  (new)
08-08 17:25:11.958 I/ReactNativeJS( 7127):         #1  Discworld 01 - The Colour of Magic                      certain  alb.name-num-dash folder:name-corroborated split:number-collision(49% dupes -> 2 folders)
08-08 17:25:11.958 I/ReactNativeJS( 7127):         #2  Discworld 02 - The Light Fantastic                      certain  alb.name-num-dash folder:name-corroborated split:number-collision(49% dupes -> 2 folders)
08-08 17:25:11.958 I/ReactNativeJS( 7127):         #3  Discworld 03 - Equal Rites                              certain  alb.name-num-dash folder:name-corroborated split:number-collision(49% dupes -> 2 folders)
08-08 17:25:11.958 I/ReactNativeJS( 7127):         #4  Discworld 04 - Mort                                     certain  alb.name-num-dash folder:name-corroborated split:number-collision(49% dupes -> 2 folders)
08-08 17:25:11.958 I/ReactNativeJS( 7127):         #5  Discworld 05 - Sourcery                                 certain  alb.name-num-dash folder:name-corroborated split:number-collision(49% dupes -> 2 folders)
08-08 17:25:11.958 I/ReactNativeJS( 7127):         #6  Discworld 06 -  Wyrd Sisters                            certain  alb.name-num-dash folder:name-corroborated split:number-collision(49% dupes -> 2 folders)
08-08 17:25:11.958 I/ReactNativeJS( 7127):         #7  Discworld 07 - Pyramids                                 certain  alb.name-num-dash folder:name-corroborated split:number-collision(49% dupes -> 2 folders)
08-08 17:25:11.958 I/ReactNativeJS( 7127):         #8  Discworld 08 - Guards! Guards!                          certain  alb.name-num-dash folder:name-corroborated split:number-collision(49% dupes -> 2 folders)
08-08 17:25:11.958 I/ReactNativeJS( 7127):         #9  Discworld 09 - Eric                                     certain  alb.name-num-dash folder:name-corroborated split:number-collision(49% dupes -> 2 folders)
08-08 17:25:11.958 I/ReactNativeJS( 7127):        #10  Discworld 10 - Moving Pictures                          certain  alb.name-num-dash folder:name-corroborated split:number-collision(49% dupes -> 2 folders)
08-08 17:25:11.958 I/ReactNativeJS( 7127):        #11  Discworld 11 - Reaper Man                               certain  alb.name-num-dash folder:name-corroborated split:number-collision(49% dupes -> 2 folders)
08-08 17:25:11.958 I/ReactNativeJS( 7127):        #12  Discworld 12 - Witches Abroad                           certain  alb.name-num-dash folder:name-corroborated split:number-collision(49% dupes -> 2 folders)
08-08 17:25:11.958 I/ReactNativeJS( 7127):        #13  Discworld 13 - Small Gods                               certain  tag.Grouping+bare-num alb.name-num-dash folder:name-corroborated split:number-collision(49% dupes -> 2 folders)
08-08 17:25:11.958 I/ReactNativeJS( 7127):        #14  Discworld 14 - Lords and Ladies                         certain  alb.name-num-dash folder:name-corroborated split:number-collision(49% dupes -> 2 folders)
08-08 17:25:11.958 I/ReactNativeJS( 7127):        #15  Discworld 15 - Men At Arms                              certain  alb.name-num-dash folder:name-corroborated split:number-collision(49% dupes -> 2 folders)
08-08 17:25:11.958 I/ReactNativeJS( 7127):        #16  Discworld 16 - Soul Music                               certain  alb.name-num-dash folder:name-corroborated split:number-collision(49% dupes -> 2 folders)
08-08 17:25:11.958 I/ReactNativeJS( 7127):        #17  Discworld 17 - Interesting Times                        certain  alb.name-num-dash folder:name-corroborated split:number-collision(49% dupes -> 2 folders)
08-08 17:25:11.958 I/ReactNativeJS( 7127):        #18  Discworld 18 - Maskerade                                certain  alb.name-num-dash folder:name-corroborated split:number-collision(49% dupes -> 2 folders)
08-08 17:25:11.958 I/ReactNativeJS( 7127):        #19  Discworld 19 - Feet of Clay                             certain  alb.name-num-dash folder:name-corroborated split:number-collision(49% dupes -> 2 folders)
08-08 17:25:11.958 I/ReactNativeJS( 7127):        #20  Discworld 20 - Hogfather                                certain  alb.name-num-dash folder:name-corroborated split:number-collision(49% dupes -> 2 folders)
08-08 17:25:11.958 I/ReactNativeJS( 7127):        #21  Discworld 21 - Jingo                                    certain  alb.name-num-dash folder:name-corroborated split:number-collision(49% dupes -> 2 folders)
08-08 17:25:11.958 I/ReactNativeJS( 7127):        #22  Discworld 22 - The Last Continent                       certain  alb.name-num-dash folder:name-corroborated split:number-collision(49% dupes -> 2 folders)
08-08 17:25:11.958 I/ReactNativeJS( 7127):        #23  Discworld 23 - Carpe Jugulum                            certain  alb.name-num-dash folder:name-corroborated split:number-collision(49% dupes -> 2 folders)
08-08 17:25:11.958 I/ReactNativeJS( 7127):        #24  Discworld 24 - The Fifth Elephant                       certain  alb.name-num-dash folder:name-corroborated split:number-collision(49% dupes -> 2 folders)
08-08 17:25:11.958 I/ReactNativeJS( 7127):        #25  Discworld 25 - The Truth                                certain  alb.name-num-dash folder:name-corroborated split:number-collision(49% dupes -> 2 folders)
08-08 17:25:11.958 I/ReactNativeJS( 7127):        #26  Discworld 26 - Thief of Time                            certain  alb.name-num-dash folder:name-corroborated split:number-collision(49% dupes -> 2 folders)
08-08 17:25:11.958 I/ReactNativeJS( 7127):        #27  Discworld 27 - The Last Hero                            certain  alb.name-num-dash folder:name-corroborated split:number-collision(49% dupes -> 2 folders)
08-08 17:25:11.958 I/ReactNativeJS( 7127):        #28  Discworld 28 - The Amazing Maurice and His Educated Ro  certain  alb.name-num-dash folder:name-corroborated split:number-collision(49% dupes -> 2 folders)
08-08 17:25:11.958 I/ReactNativeJS( 7127):        #29  Discworld 29 - Night Watch                              certain  alb.name-num-dash folder:name-corroborated split:number-collision(49% dupes -> 2 folders)
08-08 17:25:11.958 I/ReactNativeJS( 7127):        #30  Discworld 30 - The Wee Free Men                         certain  alb.name-num-dash folder:name-corroborated split:number-collision(49% dupes -> 2 folders)
08-08 17:25:11.958 I/ReactNativeJS( 7127):        #31  Discworld 31 - Monstrous Regiment                       certain  alb.name-num-dash folder:name-corroborated split:number-collision(49% dupes -> 2 folders)
08-08 17:25:11.958 I/ReactNativeJS( 7127):        #32  Discworld 32 - A Hat Full of Sky                        certain  alb.name-num-dash folder:name-corroborated split:number-collision(49% dupes -> 2 folders)
08-08 17:25:11.958 I/ReactNativeJS( 7127):        #33  Discworld 33 - Going Postal                             certain  alb.name-num-dash folder:name-corroborated split:number-collision(49% dupes -> 2 folders)
08-08 17:25:11.958 I/ReactNativeJS( 7127):        #34  Discworld 34 - Thud!                                    certain  alb.name-num-dash folder:name-corroborated split:number-collision(49% dupes -> 2 folders)
08-08 17:25:11.958 I/ReactNativeJS( 7127):        #35  Discworld 35 - Wintersmith                              certain  alb.name-num-dash folder:name-corroborated split:number-collision(49% dupes -> 2 folders)
08-08 17:25:11.958 I/ReactNativeJS( 7127):        #36  Discworld 36 - Making Money                             certain  alb.name-num-dash folder:name-corroborated split:number-collision(49% dupes -> 2 folders)
08-08 17:25:11.958 I/ReactNativeJS( 7127):        #37  Discworld 37 - Unseen Academicals                       certain  tag.Grouping+bare-num alb.name-num-dash folder:name-corroborated split:number-collision(49% dupes -> 2 folders)
08-08 17:25:11.958 I/ReactNativeJS( 7127):        #38  DW38-I Shall Wear Midnight                              possible folder:name-corroborated(37/41) num:folder split:number-collision(49% dupes -> 2 folders)
08-08 17:25:11.958 I/ReactNativeJS( 7127):        #39  Snuff                                                   possible folder:name-corroborated(37/41) num:folder split:number-collision(49% dupes -> 2 folders)
08-08 17:25:11.958 I/ReactNativeJS( 7127):        #40  Raising Steam                                           possible folder:name-corroborated(37/41) num:folder split:number-collision(49% dupes -> 2 folders)
08-08 17:25:11.958 I/ReactNativeJS( 7127):        #41  The Shepherd's Crown                                    possible folder:name-corroborated(37/41) num:folder split:number-collision(49% dupes -> 2 folders)
08-08 17:25:11.962 I/ReactNativeJS( 7127): [series] "Discworld (2022)"  39 books  (new)
08-08 17:25:11.962 I/ReactNativeJS( 7127):         #1  The Colour of Magic                                     possible folder:name-corroborated(10/39) num:folder split:number-collision(49% dupes -> 2 folders)
08-08 17:25:11.962 I/ReactNativeJS( 7127):         #2  The Light Fantastic                                     possible folder:name-corroborated(10/39) num:folder split:number-collision(49% dupes -> 2 folders)
08-08 17:25:11.962 I/ReactNativeJS( 7127):         #3  Equal Rites                                             possible folder:name-corroborated(10/39) num:folder split:number-collision(49% dupes -> 2 folders)
08-08 17:25:11.962 I/ReactNativeJS( 7127):         #4  Mort (#4)                                               possible folder:name-corroborated(10/39) split:number-collision(49% dupes -> 2 folders)
08-08 17:25:11.962 I/ReactNativeJS( 7127):         #5  Sourcery (#5)                                           possible folder:name-corroborated(10/39) split:number-collision(49% dupes -> 2 folders)
08-08 17:25:11.962 I/ReactNativeJS( 7127):         #7  Pyramids: Discworld, Book 7                             certain  alb.book-suffix folder:name-corroborated split:number-collision(49% dupes -> 2 folders)
08-08 17:25:11.962 I/ReactNativeJS( 7127):         #8  Guards! Guards! (Unabridged)                            possible folder:name-corroborated(10/39) num:folder split:number-collision(49% dupes -> 2 folders)
08-08 17:25:11.962 I/ReactNativeJS( 7127):         #9  (#9) Eric                                               possible folder:name-corroborated(10/39) split:number-collision(49% dupes -> 2 folders)
08-08 17:25:11.962 I/ReactNativeJS( 7127):        #10  Moving Pictures: Discworld, Book 10                     certain  alb.book-suffix folder:name-corroborated split:number-collision(49% dupes -> 2 folders)
08-08 17:25:11.962 I/ReactNativeJS( 7127):        #11  (#11) Reaper Man                                        possible folder:name-corroborated(10/39) split:number-collision(49% dupes -> 2 folders)
08-08 17:25:11.962 I/ReactNativeJS( 7127):        #12  Witches Abroad                                          possible folder:name-corroborated(10/39) num:folder split:number-collision(49% dupes -> 2 folders)
08-08 17:25:11.962 I/ReactNativeJS( 7127):        #13  Small Gods (#13)                                        possible folder:name-corroborated(10/39) split:number-collision(49% dupes -> 2 folders)
08-08 17:25:11.962 I/ReactNativeJS( 7127):        #14  Lords and Ladies                                        possible folder:name-corroborated(10/39) num:folder split:number-collision(49% dupes -> 2 folders)
08-08 17:25:11.962 I/ReactNativeJS( 7127):        #15  Men at Arms (Unabridged)                                possible folder:name-corroborated(10/39) num:folder split:number-collision(49% dupes -> 2 folders)
08-08 17:25:11.962 I/ReactNativeJS( 7127):        #16  (#16) Soul Music                                        possible folder:name-corroborated(10/39) split:number-collision(49% dupes -> 2 folders)
08-08 17:25:11.962 I/ReactNativeJS( 7127):        #17  (#17) Interesting Times                                 possible folder:name-corroborated(10/39) split:number-collision(49% dupes -> 2 folders)
08-08 17:25:11.962 I/ReactNativeJS( 7127):        #18  Maskerade                                               possible folder:name-corroborated(10/39) num:folder split:number-collision(49% dupes -> 2 folders)
08-08 17:25:11.962 I/ReactNativeJS( 7127):        #19  Feet of Clay (Unabridged)                               possible folder:name-corroborated(10/39) num:folder split:number-collision(49% dupes -> 2 folders)
08-08 17:25:11.962 I/ReactNativeJS( 7127):        #20  Hogfather: Discworld, Book 20                           certain  alb.book-suffix folder:name-corroborated split:number-collision(49% dupes -> 2 folders)
08-08 17:25:11.962 I/ReactNativeJS( 7127):        #21  Jingo (Unabridged)                                      possible folder:name-corroborated(10/39) num:folder split:number-collision(49% dupes -> 2 folders)
08-08 17:25:11.962 I/ReactNativeJS( 7127):        #22  The Last Continent: Discworld, Book 22                  certain  alb.book-suffix folder:name-corroborated split:number-collision(49% dupes -> 2 folders)
08-08 17:25:11.962 I/ReactNativeJS( 7127):        #23  Carpe Jugulum                                           possible folder:name-corroborated(10/39) num:folder split:number-collision(49% dupes -> 2 folders)
08-08 17:25:11.962 I/ReactNativeJS( 7127):        #24  The Fifth Elephant (Unabridged)                         possible folder:name-corroborated(10/39) num:folder split:number-collision(49% dupes -> 2 folders)
08-08 17:25:11.962 I/ReactNativeJS( 7127):        #25  The Truth (Unabridged)                                  possible folder:name-corroborated(10/39) num:folder split:number-collision(49% dupes -> 2 folders)
08-08 17:25:11.962 I/ReactNativeJS( 7127):        #26  Thief of Time (#26)                                     possible folder:name-corroborated(10/39) split:number-collision(49% dupes -> 2 folders)
08-08 17:25:11.962 I/ReactNativeJS( 7127):        #28  The Amazing Maurice and His Educated Rodents (#28)      possible folder:name-corroborated(10/39) split:number-collision(49% dupes -> 2 folders)
08-08 17:25:11.962 I/ReactNativeJS( 7127):        #29  Night Watch: Discworld, Book 29                         certain  alb.book-suffix folder:name-corroborated split:number-collision(49% dupes -> 2 folders)
08-08 17:25:11.962 I/ReactNativeJS( 7127):        #30  The Wee Free Men: Discworld, Book 30                    certain  alb.book-suffix folder:name-corroborated split:number-collision(49% dupes -> 2 folders)
08-08 17:25:11.962 I/ReactNativeJS( 7127):        #31  (#31) Monstrous Regiment                                possible folder:name-corroborated(10/39) split:number-collision(49% dupes -> 2 folders)
08-08 17:25:11.962 I/ReactNativeJS( 7127):        #32  A Hat Full of Sky: Discworld, Book 32                   certain  alb.book-suffix folder:name-corroborated split:number-collision(49% dupes -> 2 folders)
08-08 17:25:11.962 I/ReactNativeJS( 7127):        #33  Going Postal (Unabridged)                               possible folder:name-corroborated(10/39) num:folder split:number-collision(49% dupes -> 2 folders)
08-08 17:25:11.962 I/ReactNativeJS( 7127):        #34  Thud!: Discworld, Book 34                               certain  alb.book-suffix folder:name-corroborated split:number-collision(49% dupes -> 2 folders)
08-08 17:25:11.962 I/ReactNativeJS( 7127):        #35  Wintersmith: Discworld, Book 35                         certain  alb.book-suffix folder:name-corroborated split:number-collision(49% dupes -> 2 folders)
08-08 17:25:11.962 I/ReactNativeJS( 7127):        #36  Making Money (Unabridged)                               possible folder:name-corroborated(10/39) num:folder split:number-collision(49% dupes -> 2 folders)
08-08 17:25:11.962 I/ReactNativeJS( 7127):        #37  Unseen Academicals: Discworld Book, 37                  possible folder:name-corroborated(10/39) num:folder split:number-collision(49% dupes -> 2 folders)
08-08 17:25:11.962 I/ReactNativeJS( 7127):        #38  I Shall Wear Midnight (Unabridged)                      possible folder:name-corroborated(10/39) num:folder split:number-collision(49% dupes -> 2 folders)
08-08 17:25:11.962 I/ReactNativeJS( 7127):        #39  Snuff: Discworld, Book 39                               certain  alb.book-suffix folder:name-corroborated split:number-collision(49% dupes -> 2 folders)
08-08 17:25:11.962 I/ReactNativeJS( 7127):        #40  Raising Steam (Unabridged)                              possible folder:name-corroborated(10/39) num:folder split:number-collision(49% dupes -> 2 folders)
08-08 17:25:11.962 I/ReactNativeJS( 7127):        #41  The Shepherd's Crown (Unabridged)                       possible folder:name-corroborated(10/39) num:folder split:number-collision(49% dupes -> 2 folders)
08-08 17:25:11.965 I/ReactNativeJS( 7127): [series] "Dresden Files"  22 books  (new)
08-08 17:25:11.965 I/ReactNativeJS( 7127):         #1  Storm Front: The Dresden Files, Book 1 (Unabridged)     certain  tag.extra.SERIES alb.book-suffix folder:name-corroborated
08-08 17:25:11.965 I/ReactNativeJS( 7127):         #2  Fool Moon: The Dresden Files, Book 2 (Unabridged)       certain  tag.extra.SERIES alb.book-suffix folder:name-corroborated
08-08 17:25:11.965 I/ReactNativeJS( 7127):         #3  Grave Peril: The Dresden Files, Book 3 (Unabridged)     certain  tag.extra.SERIES alb.book-suffix folder:name-corroborated
08-08 17:25:11.965 I/ReactNativeJS( 7127):         #4  Summer Knight: The Dresden Files, Book 4 (Unabridged)   certain  tag.extra.SERIES alb.book-suffix folder:name-corroborated
08-08 17:25:11.965 I/ReactNativeJS( 7127):         #5  Death Masks: The Dresden Files, Book 5 (Unabridged)     certain  tag.extra.SERIES alb.book-suffix folder:name-corroborated
08-08 17:25:11.965 I/ReactNativeJS( 7127):         #6  Blood Rites: The Dresden Files, Book 6 (Unabridged)     certain  tag.extra.SERIES alb.book-suffix folder:name-corroborated
08-08 17:25:11.965 I/ReactNativeJS( 7127):         #7  Dead Beat: The Dresden Files, Book 7 (Unabridged)       certain  tag.extra.SERIES alb.book-suffix folder:name-corroborated
08-08 17:25:11.965 I/ReactNativeJS( 7127):         #8  Proven Guilty: The Dresden Files, Book 8 (Unabridged)   certain  tag.extra.SERIES alb.book-suffix folder:name-corroborated
08-08 17:25:11.965 I/ReactNativeJS( 7127):         #9  White Night: The Dresden Files, Book 9 (Unabridged)     certain  tag.extra.SERIES alb.book-suffix folder:name-corroborated
08-08 17:25:11.965 I/ReactNativeJS( 7127):        #10  The Dresden Files #10: Small Favor                      certain  tag.Grouping alb.hash-colon folder:name-corroborated
08-08 17:25:11.965 I/ReactNativeJS( 7127):        #11  The Dresden Files #11: Turn Coat                        certain  tag.Grouping alb.hash-colon folder:name-corroborated
08-08 17:25:11.965 I/ReactNativeJS( 7127):        #12  The Dresden Files #12: Changes                          certain  tag.Grouping alb.hash-colon folder:name-corroborated
08-08 17:25:11.965 I/ReactNativeJS( 7127):      #12.5  The Dresden Files #12.5: Side Jobs                      certain  tag.Grouping alb.hash-colon folder:name-corroborated
08-08 17:25:11.965 I/ReactNativeJS( 7127):        #13  The Dresden Files #13: Ghost Story                      certain  tag.Grouping alb.hash-colon folder:name-corroborated
08-08 17:25:11.965 I/ReactNativeJS( 7127):        #14  The Dresden Files #14: Cold Days                        certain  tag.Grouping alb.hash-colon folder:name-corroborated
08-08 17:25:11.965 I/ReactNativeJS( 7127):        #15  The Dresden Files #15: Skin Game                        certain  tag.Grouping alb.hash-colon folder:name-corroborated
08-08 17:25:11.965 I/ReactNativeJS( 7127):      #15.5  Brief Cases (Unabridged)                                certain  tag.extra.SERIES folder:name-corroborated
08-08 17:25:11.965 I/ReactNativeJS( 7127):        #16  Peace Talks (Unabridged)                                certain  tag.extra.SERIES folder:name-corroborated
08-08 17:25:11.965 I/ReactNativeJS( 7127):        #17  Battle Ground (Unabridged)                              certain  tag.extra.SERIES folder:name-corroborated
08-08 17:25:11.965 I/ReactNativeJS( 7127):      #17.5  The Law                                                 certain  tag.extra.SERIES folder:name-corroborated
08-08 17:25:11.965 I/ReactNativeJS( 7127):        #18  Twelve Months (Unabridged)                              certain  tag.extra.SERIES folder:name-corroborated
08-08 17:25:11.965 I/ReactNativeJS( 7127):          —  Heroic Hearts (Unabridged)                              possible folder:name-corroborated(21/22)
08-08 17:25:11.969 I/ReactNativeJS( 7127): [series] "Demon Accords"  17 books  (new)
08-08 17:25:11.969 I/ReactNativeJS( 7127):         #1  Book 01 - God Touched - Demon Accords Series            certain  alb.book-dash-series folder:name-corroborated
08-08 17:25:11.969 I/ReactNativeJS( 7127):         #1  Volume 01 - The Demon Accords Compendium                possible folder:name-corroborated(14/17)
08-08 17:25:11.969 I/ReactNativeJS( 7127):         #2  Book 02 - Demon Driven - Demon Accords Series           certain  alb.book-dash-series folder:name-corroborated
08-08 17:25:11.969 I/ReactNativeJS( 7127):         #2  Volume 02 - The Demon Accords Compendium                possible folder:name-corroborated(14/17)
08-08 17:25:11.969 I/ReactNativeJS( 7127):         #3  Book 03 - Brutal Asset - Demon Accords Series           certain  alb.book-dash-series folder:name-corroborated
08-08 17:25:11.969 I/ReactNativeJS( 7127):         #3  Volume 3 - The Demon Accords Compendium                 possible folder:name-corroborated(14/17)
08-08 17:25:11.969 I/ReactNativeJS( 7127):       #3.5  Book 03.5 - Black Frost - Demon Accords Series          certain  alb.book-dash-series folder:name-corroborated
08-08 17:25:11.969 I/ReactNativeJS( 7127):         #4  Book 04 - Duel Nature - Demon Accords Series            certain  alb.book-dash-series folder:name-corroborated
08-08 17:25:11.969 I/ReactNativeJS( 7127):         #5  Book 05 - Fallen Stars - Demon Accords Series           certain  alb.book-dash-series folder:name-corroborated
08-08 17:25:11.969 I/ReactNativeJS( 7127):         #6  Book 06 - Executable - Demon Accords Series             certain  alb.book-dash-series folder:name-corroborated
08-08 17:25:11.969 I/ReactNativeJS( 7127):         #7  Book 07 - Forced Ascent - Demon Accords Series          certain  alb.book-dash-series folder:name-corroborated
08-08 17:25:11.969 I/ReactNativeJS( 7127):         #8  Book 08 Part 1 - College Arcane - Demon Accords Series  certain  alb.book-dash-series folder:name-corroborated
08-08 17:25:11.969 I/ReactNativeJS( 7127):         #8  Book 08 Part 2 - College Arcane - Demon Accords Series  certain  alb.book-dash-series folder:name-corroborated
08-08 17:25:11.969 I/ReactNativeJS( 7127):         #9  Book 09 - God Hammer - Demon Accords Series             certain  alb.book-dash-series folder:name-corroborated
08-08 17:25:11.969 I/ReactNativeJS( 7127):        #10  Book 10 - Rogues - Demon Accords Series                 certain  alb.book-dash-series folder:name-corroborated
08-08 17:25:11.969 I/ReactNativeJS( 7127):        #11  Book 11 - Snake Eyes - Demon Accords Series             certain  alb.book-dash-series folder:name-corroborated
08-08 17:25:11.969 I/ReactNativeJS( 7127):        #12  Book 12 - Winterfall - Demon Accords Series             certain  alb.book-dash-series folder:name-corroborated
08-08 17:25:11.972 I/ReactNativeJS( 7127): [series] "Dungeon Crawler Carl"  8 books  (new)
08-08 17:25:11.972 I/ReactNativeJS( 7127):         #1  Dungeon Crawler Carl (Unabridged)                       certain  tag.extra.SERIES folder:name-corroborated
08-08 17:25:11.972 I/ReactNativeJS( 7127):         #2  Carl's Doomsday Scenario: Dungeon Crawler Carl, Book 2  certain  alb.book-suffix folder:name-corroborated
08-08 17:25:11.972 I/ReactNativeJS( 7127):         #3  The Dungeon Anarchist's Cookbook: Dungeon Crawler Carl  certain  alb.book-suffix folder:name-corroborated
08-08 17:25:11.972 I/ReactNativeJS( 7127):         #4  The Gate of the Feral Gods: Dungeon Crawler Carl, Book  certain  alb.book-suffix folder:name-corroborated
08-08 17:25:11.972 I/ReactNativeJS( 7127):         #5  The Butcher's Masquerade: Dungeon Crawler Carl, Book 5  certain  alb.book-suffix folder:name-corroborated
08-08 17:25:11.972 I/ReactNativeJS( 7127):         #6  The Eye of the Bedlam Bride: Dungeon Crawler Carl, Boo  certain  alb.book-suffix folder:name-corroborated
08-08 17:25:11.972 I/ReactNativeJS( 7127):         #7  This Inevitable Ruin                                    certain  tag.extra.SERIES folder:name-corroborated
08-08 17:25:11.972 I/ReactNativeJS( 7127):          —  A Parade of Horribles                                   possible folder:name-corroborated(7/8)
08-08 17:25:11.975 I/ReactNativeJS( 7127): [series] "The Dark Tower"  8 books  (new)
08-08 17:25:11.975 I/ReactNativeJS( 7127):         #1  The Dark Tower I: The Gunslinger                        certain  alb.roman folder:name-corroborated
08-08 17:25:11.975 I/ReactNativeJS( 7127):         #2  The Dark Tower II: The Drawing Of The Three             certain  alb.roman folder:name-corroborated
08-08 17:25:11.975 I/ReactNativeJS( 7127):         #4  The Dark Tower IV: Wizard & Glass                       certain  alb.roman folder:name-corroborated
08-08 17:25:11.975 I/ReactNativeJS( 7127):         #5  The Dark Tower V: Wolves Of The Calla                   certain  alb.roman folder:name-corroborated
08-08 17:25:11.975 I/ReactNativeJS( 7127):         #6  The Dark Tower VI: Song Of Susannah                     certain  alb.roman folder:name-corroborated
08-08 17:25:11.975 I/ReactNativeJS( 7127):         #7  The Dark Tower VII: The Dark Tower                      certain  alb.roman folder:name-corroborated
08-08 17:25:11.975 I/ReactNativeJS( 7127):          —  1991 - The Waste Lands (DT3 - read by Frank Muller)     possible folder:name-corroborated(6/8)
08-08 17:25:11.975 I/ReactNativeJS( 7127):          —  LEGENDS - Stories by The Masters of Fantasy             possible folder:name-corroborated(6/8)
08-08 17:25:11.978 I/ReactNativeJS( 7127): [series] "The First Law"  7 books  (new)
08-08 17:25:11.978 I/ReactNativeJS( 7127):         #1  01 - The Blade Itself                                   guess    folder:number-corroborated(7/7)
08-08 17:25:11.978 I/ReactNativeJS( 7127):         #2  02 - Before They Are Hanged                             guess    folder:number-corroborated(7/7)
08-08 17:25:11.978 I/ReactNativeJS( 7127):         #3  03 - Last Argument of Kings                             guess    folder:number-corroborated(7/7)
08-08 17:25:11.978 I/ReactNativeJS( 7127):         #4  04 - Best Served Cold                                   guess    folder:number-corroborated(7/7)
08-08 17:25:11.978 I/ReactNativeJS( 7127):         #5  05 - The Heroes                                         guess    folder:number-corroborated(7/7)
08-08 17:25:11.978 I/ReactNativeJS( 7127):         #6  06 - Red Country                                        guess    folder:number-corroborated(7/7)
08-08 17:25:11.978 I/ReactNativeJS( 7127):         #7  07 - Sharp Ends: Stories from the World of the First L  guess    folder:number-corroborated(7/7)
08-08 17:25:11.981 I/ReactNativeJS( 7127): [series] "Mistborn"  6 books  (new)
08-08 17:25:11.981 I/ReactNativeJS( 7127):         #1  Mistborn 1 (Michael Kramer)                             likely   alb.name-num-sp
08-08 17:25:11.981 I/ReactNativeJS( 7127):         #2  Mistborn 2 (Michael Kramer)                             likely   alb.name-num-sp
08-08 17:25:11.981 I/ReactNativeJS( 7127):         #3  Mistborn 3 (Michael Kramer)                             likely   alb.name-num-sp
08-08 17:25:11.981 I/ReactNativeJS( 7127):         #4  Mistborn 4 (Michael Kramer)                             likely   alb.name-num-sp
08-08 17:25:11.981 I/ReactNativeJS( 7127):         #5  Mistborn 5 (Michael Kramer)                             likely   alb.name-num-sp
08-08 17:25:11.981 I/ReactNativeJS( 7127):         #6  Mistborn 6 (Michael Kramer)                             likely   alb.name-num-sp
08-08 17:25:11.984 I/ReactNativeJS( 7127): [series] "Shadow Saga"  6 books  (new)
08-08 17:25:11.984 I/ReactNativeJS( 7127):         #1  Shadow 1 - Ender's Shadow                               certain  alb.name-num-dash folder:name-corroborated
08-08 17:25:11.984 I/ReactNativeJS( 7127):         #3  Shadow 3 - Shadow Puppets                               certain  alb.name-num-dash folder:name-corroborated
08-08 17:25:11.984 I/ReactNativeJS( 7127):         #6  Shadow of the Hegemon                                   possible folder:name-corroborated(2/6) num:folder
08-08 17:25:11.984 I/ReactNativeJS( 7127):         #8  008 - Shadow of the Giant                               possible folder:name-corroborated(2/6)
08-08 17:25:11.984 I/ReactNativeJS( 7127):         #9  Shadows in Flight                                       possible folder:name-corroborated(2/6) num:folder
08-08 17:25:11.984 I/ReactNativeJS( 7127):        #10  The Last Shadow: Other Tales from the Ender Universe    possible folder:name-corroborated(2/6) num:folder
08-08 17:25:11.986 I/ReactNativeJS( 7127): [series] "Bobiverse"  5 books  (new)
08-08 17:25:11.986 I/ReactNativeJS( 7127):         #1  Bobiverse 01 We Are Legion (We Are Bob)                 certain  alb.name-num-sp folder:name-corroborated
08-08 17:25:11.986 I/ReactNativeJS( 7127):         #2  Bobiverse 02 For We Are Many                            certain  alb.name-num-sp folder:name-corroborated
08-08 17:25:11.986 I/ReactNativeJS( 7127):         #3  Bobiverse 03 All These Worlds                           certain  alb.name-num-sp folder:name-corroborated
08-08 17:25:11.986 I/ReactNativeJS( 7127):         #4  Bobiverse 04 Heaven's River                             certain  alb.name-num-sp folder:name-corroborated
08-08 17:25:11.986 I/ReactNativeJS( 7127):         #5  Bobiverse 05 Not Till We Are Lost                       certain  alb.name-num-sp folder:name-corroborated
08-08 17:25:11.989 I/ReactNativeJS( 7127): [series] "Long Earth"  5 books  (new)
08-08 17:25:11.989 I/ReactNativeJS( 7127):         #1  (Long Earth 01) The Long Earth                          certain  alb.paren-pre folder:name-corroborated
08-08 17:25:11.989 I/ReactNativeJS( 7127):         #2  (Long Earth 02) The Long War                            certain  alb.paren-pre folder:name-corroborated
08-08 17:25:11.989 I/ReactNativeJS( 7127):         #3  (Long Earth 03) The Long Mars                           certain  alb.paren-pre folder:name-corroborated
08-08 17:25:11.989 I/ReactNativeJS( 7127):         #4  (Long Earth 04) The Long Utopia                         certain  alb.paren-pre folder:name-corroborated
08-08 17:25:11.989 I/ReactNativeJS( 7127):         #5  (Long Earth 05) The Long Cosmos                         certain  alb.paren-pre folder:name-corroborated
08-08 17:25:11.991 I/ReactNativeJS( 7127): [series] "Lockwood and Co."  4 books  (new)
08-08 17:25:11.991 I/ReactNativeJS( 7127):         #1  Lockwood and Co Book 1 - The Screaming Staircase        certain  alb.series-book-n folder:name-corroborated
08-08 17:25:11.991 I/ReactNativeJS( 7127):         #2  Lockwood and Co Book 2 - The Whispering Skull           certain  alb.series-book-n folder:name-corroborated
08-08 17:25:11.991 I/ReactNativeJS( 7127):         #3  Lockwood and Co Book 3 - The Hollow Boy                 certain  alb.series-book-n folder:name-corroborated
08-08 17:25:11.991 I/ReactNativeJS( 7127):         #5  Lockwood & Co: The Empty Grave (Unabridged)             possible folder:name-corroborated(3/5) num:folder
08-08 17:25:11.994 I/ReactNativeJS( 7127): [series] "Memory, Sorrow & Thorn"  4 books  (new)
08-08 17:25:11.994 I/ReactNativeJS( 7127):         #1  01 The Dragonbone Chair                                 guess    folder:number-corroborated(4/4)
08-08 17:25:11.994 I/ReactNativeJS( 7127):         #2  02 The Stone of Farewell                                guess    folder:number-corroborated(4/4)
08-08 17:25:11.994 I/ReactNativeJS( 7127):         #3  03 To Green Angel Tower - Siege                         guess    folder:number-corroborated(4/4)
08-08 17:25:11.994 I/ReactNativeJS( 7127):         #4  04 To Green Angel Tower - Storm                         guess    folder:number-corroborated(4/4)
08-08 17:25:11.996 I/ReactNativeJS( 7127): [series] "The Murderbot Diaries"  4 books  (new)
08-08 17:25:11.996 I/ReactNativeJS( 7127):         #3  Rogue Protocol: The Murderbot Diaries, Book 3           likely   alb.book-suffix
08-08 17:25:11.996 I/ReactNativeJS( 7127):         #5  Network Effect                                          certain  tag.extra.SERIES
08-08 17:25:11.996 I/ReactNativeJS( 7127):         #6  The Murderbot Diaries 6: Fugitive Telemetry             likely   alb.name-num-dash
08-08 17:25:11.996 I/ReactNativeJS( 7127):         #7  Martha Wells - The Murderbot Diaries 07 - System Colla  likely   alb.name-num-dash
08-08 17:25:11.999 I/ReactNativeJS( 7127): [series] "Bromeliad"  3 books  (new)
08-08 17:25:11.999 I/ReactNativeJS( 7127):         #1  Bromeliad 01 - Truckers                                 certain  alb.name-num-dash folder:name-corroborated
08-08 17:25:11.999 I/ReactNativeJS( 7127):         #2  Bromeliad 02 - Diggers                                  certain  alb.name-num-dash folder:name-corroborated
08-08 17:25:11.999 I/ReactNativeJS( 7127):         #3  Bromeliad 03 - Wings                                    certain  alb.name-num-dash folder:name-corroborated
08-08 17:25:12.001 I/ReactNativeJS( 7127): [series] "Crouch, B"  3 books  (new)
08-08 17:25:12.001 I/ReactNativeJS( 7127):         #1  Crouch, B: 1 Pines                                      likely   alb.name-num-sp
08-08 17:25:12.001 I/ReactNativeJS( 7127):         #2  Crouch, B: 2 Wayward                                    likely   alb.name-num-sp
08-08 17:25:12.001 I/ReactNativeJS( 7127):         #3  Crouch, B: 3 The Last Town                              likely   alb.name-num-sp
08-08 17:25:12.004 I/ReactNativeJS( 7127): [series] "Lord of the Rings"  3 books  (new)
08-08 17:25:12.004 I/ReactNativeJS( 7127):         #1  The Fellowship of the Ring: Lord of the Rings, Book 1   likely   alb.book-suffix
08-08 17:25:12.004 I/ReactNativeJS( 7127):         #2  The Two Towers: Lord of the Rings, Book 2               likely   alb.book-suffix
08-08 17:25:12.004 I/ReactNativeJS( 7127):         #3  The Return of the King: Lord of the Rings, Book 3       likely   alb.book-suffix
08-08 17:25:12.006 I/ReactNativeJS( 7127): [series] "The Age of Madness"  3 books  (new)
08-08 17:25:12.006 I/ReactNativeJS( 7127):         #1  01 - A Little Hatred                                    guess    folder:number-corroborated(3/3)
08-08 17:25:12.006 I/ReactNativeJS( 7127):         #2  02 - The Trouble with Peace                             guess    folder:number-corroborated(3/3)
08-08 17:25:12.006 I/ReactNativeJS( 7127):         #3  03 - The Wisdom of Crowds                               guess    folder:number-corroborated(3/3)
08-08 17:25:12.009 I/ReactNativeJS( 7127): [series] "The Silo Saga"  3 books  (new)
08-08 17:25:12.009 I/ReactNativeJS( 7127):         #1  Wool: The Silo Saga, Book 1                             certain  tag.Grouping alb.book-suffix folder:name-corroborated
08-08 17:25:12.009 I/ReactNativeJS( 7127):         #2  Shift: The Silo Saga, Book 2                            certain  alb.book-suffix folder:name-corroborated
08-08 17:25:12.009 I/ReactNativeJS( 7127):         #3  Dust: The Silo Saga, Book 3                             certain  alb.book-suffix folder:name-corroborated
08-08 17:25:12.012 I/ReactNativeJS( 7127): [series] "TMC"  3 books  (new)
08-08 17:25:12.012 I/ReactNativeJS( 7127):         #1  TMC 01 Thursday Murder Club                             likely   alb.name-num-sp
08-08 17:25:12.012 I/ReactNativeJS( 7127):         #2  TMC 02 The Man Who Died Twice                           likely   alb.name-num-sp
08-08 17:25:12.012 I/ReactNativeJS( 7127):         #3  TMC 03 The Bullet That Missed                           likely   alb.name-num-sp
08-08 17:25:12.014 I/ReactNativeJS( 7127): [series] "Cerulean Chronicles"  2 books  (new)
08-08 17:25:12.014 I/ReactNativeJS( 7127):         #1  Cerulean Chronicles 01 - The House in the Cerulean Sea  certain  tag.extra.SERIES alb.name-num-dash
08-08 17:25:12.014 I/ReactNativeJS( 7127):         #2  Cerulean Chronicles 02 - Somewhere Beyond the Sea       certain  tag.extra.SERIES alb.name-num-dash
08-08 17:25:12.016 I/ReactNativeJS( 7127): [series] "Kingkiller Chronicle"  2 books  (new)
08-08 17:25:12.016 I/ReactNativeJS( 7127):         #1  Kingkiller Chronicle 01 The Name of the Wind            likely   alb.name-num-sp
08-08 17:25:12.016 I/ReactNativeJS( 7127):         #2  Kingkiller Chronicle 02 The Wise Man's Fear             likely   alb.name-num-sp
08-08 17:25:12.019 I/ReactNativeJS( 7127): [series] "Red Rising"  2 books  (new)
08-08 17:25:12.019 I/ReactNativeJS( 7127):         #5  Red Rising, Book 5 - Dark Age                           likely   alb.series-book-n
08-08 17:25:12.019 I/ReactNativeJS( 7127):         #6  Light Bringer: Red Rising, Book 6                       likely   alb.book-suffix
08-08 17:25:12.021 I/ReactNativeJS( 7127): [series] detection (conservative): 351 units → 23 series, 200 books placed · created 23 (200 rows) · inserted 0 · removed 0 · skipped 0 · 266ms
08-08 17:25:12.028 I/ReactNativeJS( 7127): [scan] 184285ms total · 3461 files, 3461 new (52.6ms/new file) — enumerate 1506ms · existing-urls 28ms · process 182191ms · cleanup 200ms · detect 338ms
08-08 17:29:47.331 W/ReactNativeJS( 7127): [series] 0 books sit under no configured root and 1 have no first chapter — all dropped before detection, out of 352
08-08 17:29:47.477 I/ReactNativeJS( 7127): [series] "Discworld"  41 books  (existing)
08-08 17:29:47.477 I/ReactNativeJS( 7127):         #1  Discworld 01 - The Colour of Magic                      certain  alb.name-num-dash folder:name-corroborated split:number-collision(49% dupes -> 2 folders)
08-08 17:29:47.477 I/ReactNativeJS( 7127):         #2  Discworld 02 - The Light Fantastic                      certain  alb.name-num-dash folder:name-corroborated split:number-collision(49% dupes -> 2 folders)
08-08 17:29:47.477 I/ReactNativeJS( 7127):         #3  Discworld 03 - Equal Rites                              certain  alb.name-num-dash folder:name-corroborated split:number-collision(49% dupes -> 2 folders)
08-08 17:29:47.477 I/ReactNativeJS( 7127):         #4  Discworld 04 - Mort                                     certain  alb.name-num-dash folder:name-corroborated split:number-collision(49% dupes -> 2 folders)
08-08 17:29:47.477 I/ReactNativeJS( 7127):         #5  Discworld 05 - Sourcery                                 certain  alb.name-num-dash folder:name-corroborated split:number-collision(49% dupes -> 2 folders)
08-08 17:29:47.477 I/ReactNativeJS( 7127):         #6  Discworld 06 -  Wyrd Sisters                            certain  alb.name-num-dash folder:name-corroborated split:number-collision(49% dupes -> 2 folders)
08-08 17:29:47.477 I/ReactNativeJS( 7127):         #7  Discworld 07 - Pyramids                                 certain  alb.name-num-dash folder:name-corroborated split:number-collision(49% dupes -> 2 folders)
08-08 17:29:47.477 I/ReactNativeJS( 7127):         #8  Discworld 08 - Guards! Guards!                          certain  alb.name-num-dash folder:name-corroborated split:number-collision(49% dupes -> 2 folders)
08-08 17:29:47.477 I/ReactNativeJS( 7127):         #9  Discworld 09 - Eric                                     certain  alb.name-num-dash folder:name-corroborated split:number-collision(49% dupes -> 2 folders)
08-08 17:29:47.477 I/ReactNativeJS( 7127):        #10  Discworld 10 - Moving Pictures                          certain  alb.name-num-dash folder:name-corroborated split:number-collision(49% dupes -> 2 folders)
08-08 17:29:47.477 I/ReactNativeJS( 7127):        #11  Discworld 11 - Reaper Man                               certain  alb.name-num-dash folder:name-corroborated split:number-collision(49% dupes -> 2 folders)
08-08 17:29:47.477 I/ReactNativeJS( 7127):        #12  Discworld 12 - Witches Abroad                           certain  alb.name-num-dash folder:name-corroborated split:number-collision(49% dupes -> 2 folders)
08-08 17:29:47.477 I/ReactNativeJS( 7127):        #13  Discworld 13 - Small Gods                               certain  tag.Grouping+bare-num alb.name-num-dash folder:name-corroborated split:number-collision(49% dupes -> 2 folders)
08-08 17:29:47.477 I/ReactNativeJS( 7127):        #14  Discworld 14 - Lords and Ladies                         certain  alb.name-num-dash folder:name-corroborated split:number-collision(49% dupes -> 2 folders)
08-08 17:29:47.477 I/ReactNativeJS( 7127):        #15  Discworld 15 - Men At Arms                              certain  alb.name-num-dash folder:name-corroborated split:number-collision(49% dupes -> 2 folders)
08-08 17:29:47.477 I/ReactNativeJS( 7127):        #16  Discworld 16 - Soul Music                               certain  alb.name-num-dash folder:name-corroborated split:number-collision(49% dupes -> 2 folders)
08-08 17:29:47.477 I/ReactNativeJS( 7127):        #17  Discworld 17 - Interesting Times                        certain  alb.name-num-dash folder:name-corroborated split:number-collision(49% dupes -> 2 folders)
08-08 17:29:47.477 I/ReactNativeJS( 7127):        #18  Discworld 18 - Maskerade                                certain  alb.name-num-dash folder:name-corroborated split:number-collision(49% dupes -> 2 folders)
08-08 17:29:47.477 I/ReactNativeJS( 7127):        #19  Discworld 19 - Feet of Clay                             certain  alb.name-num-dash folder:name-corroborated split:number-collision(49% dupes -> 2 folders)
08-08 17:29:47.477 I/ReactNativeJS( 7127):        #20  Discworld 20 - Hogfather                                certain  alb.name-num-dash folder:name-corroborated split:number-collision(49% dupes -> 2 folders)
08-08 17:29:47.477 I/ReactNativeJS( 7127):        #21  Discworld 21 - Jingo                                    certain  alb.name-num-dash folder:name-corroborated split:number-collision(49% dupes -> 2 folders)
08-08 17:29:47.477 I/ReactNativeJS( 7127):        #22  Discworld 22 - The Last Continent                       certain  alb.name-num-dash folder:name-corroborated split:number-collision(49% dupes -> 2 folders)
08-08 17:29:47.477 I/ReactNativeJS( 7127):        #23  Discworld 23 - Carpe Jugulum                            certain  alb.name-num-dash folder:name-corroborated split:number-collision(49% dupes -> 2 folders)
08-08 17:29:47.477 I/ReactNativeJS( 7127):        #24  Discworld 24 - The Fifth Elephant                       certain  alb.name-num-dash folder:name-corroborated split:number-collision(49% dupes -> 2 folders)
08-08 17:29:47.477 I/ReactNativeJS( 7127):        #25  Discworld 25 - The Truth                                certain  alb.name-num-dash folder:name-corroborated split:number-collision(49% dupes -> 2 folders)
08-08 17:29:47.477 I/ReactNativeJS( 7127):        #26  Discworld 26 - Thief of Time                            certain  alb.name-num-dash folder:name-corroborated split:number-collision(49% dupes -> 2 folders)
08-08 17:29:47.477 I/ReactNativeJS( 7127):        #27  Discworld 27 - The Last Hero                            certain  alb.name-num-dash folder:name-corroborated split:number-collision(49% dupes -> 2 folders)
08-08 17:29:47.477 I/ReactNativeJS( 7127):        #28  Discworld 28 - The Amazing Maurice and His Educated Ro  certain  alb.name-num-dash folder:name-corroborated split:number-collision(49% dupes -> 2 folders)
08-08 17:29:47.477 I/ReactNativeJS( 7127):        #29  Discworld 29 - Night Watch                              certain  alb.name-num-dash folder:name-corroborated split:number-collision(49% dupes -> 2 folders)
08-08 17:29:47.477 I/ReactNativeJS( 7127):        #30  Discworld 30 - The Wee Free Men                         certain  alb.name-num-dash folder:name-corroborated split:number-collision(49% dupes -> 2 folders)
08-08 17:29:47.477 I/ReactNativeJS( 7127):        #31  Discworld 31 - Monstrous Regiment                       certain  alb.name-num-dash folder:name-corroborated split:number-collision(49% dupes -> 2 folders)
08-08 17:29:47.477 I/ReactNativeJS( 7127):        #32  Discworld 32 - A Hat Full of Sky                        certain  alb.name-num-dash folder:name-corroborated split:number-collision(49% dupes -> 2 folders)
08-08 17:29:47.477 I/ReactNativeJS( 7127):        #33  Discworld 33 - Going Postal                             certain  alb.name-num-dash folder:name-corroborated split:number-collision(49% dupes -> 2 folders)
08-08 17:29:47.477 I/ReactNativeJS( 7127):        #34  Discworld 34 - Thud!                                    certain  alb.name-num-dash folder:name-corroborated split:number-collision(49% dupes -> 2 folders)
08-08 17:29:47.477 I/ReactNativeJS( 7127):        #35  Discworld 35 - Wintersmith                              certain  alb.name-num-dash folder:name-corroborated split:number-collision(49% dupes -> 2 folders)
08-08 17:29:47.477 I/ReactNativeJS( 7127):        #36  Discworld 36 - Making Money                             certain  alb.name-num-dash folder:name-corroborated split:number-collision(49% dupes -> 2 folders)
08-08 17:29:47.477 I/ReactNativeJS( 7127):        #37  Discworld 37 - Unseen Academicals                       certain  tag.Grouping+bare-num alb.name-num-dash folder:name-corroborated split:number-collision(49% dupes -> 2 folders)
08-08 17:29:47.477 I/ReactNativeJS( 7127):        #38  DW38-I Shall Wear Midnight                              possible folder:name-corroborated(37/41) num:folder split:number-collision(49% dupes -> 2 folders)
08-08 17:29:47.477 I/ReactNativeJS( 7127):        #39  Snuff                                                   possible folder:name-corroborated(37/41) num:folder split:number-collision(49% dupes -> 2 folders)
08-08 17:29:47.477 I/ReactNativeJS( 7127):        #40  Raising Steam                                           possible folder:name-corroborated(37/41) num:folder split:number-collision(49% dupes -> 2 folders)
08-08 17:29:47.477 I/ReactNativeJS( 7127):        #41  The Shepherd's Crown                                    possible folder:name-corroborated(37/41) num:folder split:number-collision(49% dupes -> 2 folders)
08-08 17:29:47.479 I/ReactNativeJS( 7127): [series] "Discworld (2022)"  39 books  (existing)
08-08 17:29:47.479 I/ReactNativeJS( 7127):         #1  The Colour of Magic                                     possible folder:name-corroborated(10/39) num:folder split:number-collision(49% dupes -> 2 folders)
08-08 17:29:47.479 I/ReactNativeJS( 7127):         #2  The Light Fantastic                                     possible folder:name-corroborated(10/39) num:folder split:number-collision(49% dupes -> 2 folders)
08-08 17:29:47.479 I/ReactNativeJS( 7127):         #3  Equal Rites                                             possible folder:name-corroborated(10/39) num:folder split:number-collision(49% dupes -> 2 folders)
08-08 17:29:47.479 I/ReactNativeJS( 7127):         #4  Mort (#4)                                               possible folder:name-corroborated(10/39) split:number-collision(49% dupes -> 2 folders)
08-08 17:29:47.479 I/ReactNativeJS( 7127):         #5  Sourcery (#5)                                           possible folder:name-corroborated(10/39) split:number-collision(49% dupes -> 2 folders)
08-08 17:29:47.479 I/ReactNativeJS( 7127):         #7  Pyramids: Discworld, Book 7                             certain  alb.book-suffix folder:name-corroborated split:number-collision(49% dupes -> 2 folders)
08-08 17:29:47.479 I/ReactNativeJS( 7127):         #8  Guards! Guards! (Unabridged)                            possible folder:name-corroborated(10/39) num:folder split:number-collision(49% dupes -> 2 folders)
08-08 17:29:47.479 I/ReactNativeJS( 7127):         #9  (#9) Eric                                               possible folder:name-corroborated(10/39) split:number-collision(49% dupes -> 2 folders)
08-08 17:29:47.479 I/ReactNativeJS( 7127):        #10  Moving Pictures: Discworld, Book 10                     certain  alb.book-suffix folder:name-corroborated split:number-collision(49% dupes -> 2 folders)
08-08 17:29:47.479 I/ReactNativeJS( 7127):        #11  (#11) Reaper Man                                        possible folder:name-corroborated(10/39) split:number-collision(49% dupes -> 2 folders)
08-08 17:29:47.479 I/ReactNativeJS( 7127):        #12  Witches Abroad                                          possible folder:name-corroborated(10/39) num:folder split:number-collision(49% dupes -> 2 folders)
08-08 17:29:47.479 I/ReactNativeJS( 7127):        #13  Small Gods (#13)                                        possible folder:name-corroborated(10/39) split:number-collision(49% dupes -> 2 folders)
08-08 17:29:47.479 I/ReactNativeJS( 7127):        #14  Lords and Ladies                                        possible folder:name-corroborated(10/39) num:folder split:number-collision(49% dupes -> 2 folders)
08-08 17:29:47.479 I/ReactNativeJS( 7127):        #15  Men at Arms (Unabridged)                                possible folder:name-corroborated(10/39) num:folder split:number-collision(49% dupes -> 2 folders)
08-08 17:29:47.479 I/ReactNativeJS( 7127):        #16  (#16) Soul Music                                        possible folder:name-corroborated(10/39) split:number-collision(49% dupes -> 2 folders)
08-08 17:29:47.479 I/ReactNativeJS( 7127):        #17  (#17) Interesting Times                                 possible folder:name-corroborated(10/39) split:number-collision(49% dupes -> 2 folders)
08-08 17:29:47.479 I/ReactNativeJS( 7127):        #18  Maskerade                                               possible folder:name-corroborated(10/39) num:folder split:number-collision(49% dupes -> 2 folders)
08-08 17:29:47.479 I/ReactNativeJS( 7127):        #19  Feet of Clay (Unabridged)                               possible folder:name-corroborated(10/39) num:folder split:number-collision(49% dupes -> 2 folders)
08-08 17:29:47.479 I/ReactNativeJS( 7127):        #20  Hogfather: Discworld, Book 20                           certain  alb.book-suffix folder:name-corroborated split:number-collision(49% dupes -> 2 folders)
08-08 17:29:47.479 I/ReactNativeJS( 7127):        #21  Jingo (Unabridged)                                      possible folder:name-corroborated(10/39) num:folder split:number-collision(49% dupes -> 2 folders)
08-08 17:29:47.479 I/ReactNativeJS( 7127):        #22  The Last Continent: Discworld, Book 22                  certain  alb.book-suffix folder:name-corroborated split:number-collision(49% dupes -> 2 folders)
08-08 17:29:47.479 I/ReactNativeJS( 7127):        #23  Carpe Jugulum                                           possible folder:name-corroborated(10/39) num:folder split:number-collision(49% dupes -> 2 folders)
08-08 17:29:47.479 I/ReactNativeJS( 7127):        #24  The Fifth Elephant (Unabridged)                         possible folder:name-corroborated(10/39) num:folder split:number-collision(49% dupes -> 2 folders)
08-08 17:29:47.479 I/ReactNativeJS( 7127):        #25  The Truth (Unabridged)                                  possible folder:name-corroborated(10/39) num:folder split:number-collision(49% dupes -> 2 folders)
08-08 17:29:47.479 I/ReactNativeJS( 7127):        #26  Thief of Time (#26)                                     possible folder:name-corroborated(10/39) split:number-collision(49% dupes -> 2 folders)
08-08 17:29:47.479 I/ReactNativeJS( 7127):        #28  The Amazing Maurice and His Educated Rodents (#28)      possible folder:name-corroborated(10/39) split:number-collision(49% dupes -> 2 folders)
08-08 17:29:47.479 I/ReactNativeJS( 7127):        #29  Night Watch: Discworld, Book 29                         certain  alb.book-suffix folder:name-corroborated split:number-collision(49% dupes -> 2 folders)
08-08 17:29:47.479 I/ReactNativeJS( 7127):        #30  The Wee Free Men: Discworld, Book 30                    certain  alb.book-suffix folder:name-corroborated split:number-collision(49% dupes -> 2 folders)
08-08 17:29:47.479 I/ReactNativeJS( 7127):        #31  (#31) Monstrous Regiment                                possible folder:name-corroborated(10/39) split:number-collision(49% dupes -> 2 folders)
08-08 17:29:47.479 I/ReactNativeJS( 7127):        #32  A Hat Full of Sky: Discworld, Book 32                   certain  alb.book-suffix folder:name-corroborated split:number-collision(49% dupes -> 2 folders)
08-08 17:29:47.479 I/ReactNativeJS( 7127):        #33  Going Postal (Unabridged)                               possible folder:name-corroborated(10/39) num:folder split:number-collision(49% dupes -> 2 folders)
08-08 17:29:47.479 I/ReactNativeJS( 7127):        #34  Thud!: Discworld, Book 34                               certain  alb.book-suffix folder:name-corroborated split:number-collision(49% dupes -> 2 folders)
08-08 17:29:47.479 I/ReactNativeJS( 7127):        #35  Wintersmith: Discworld, Book 35                         certain  alb.book-suffix folder:name-corroborated split:number-collision(49% dupes -> 2 folders)
08-08 17:29:47.479 I/ReactNativeJS( 7127):        #36  Making Money (Unabridged)                               possible folder:name-corroborated(10/39) num:folder split:number-collision(49% dupes -> 2 folders)
08-08 17:29:47.479 I/ReactNativeJS( 7127):        #37  Unseen Academicals: Discworld Book, 37                  possible folder:name-corroborated(10/39) num:folder split:number-collision(49% dupes -> 2 folders)
08-08 17:29:47.479 I/ReactNativeJS( 7127):        #38  I Shall Wear Midnight (Unabridged)                      possible folder:name-corroborated(10/39) num:folder split:number-collision(49% dupes -> 2 folders)
08-08 17:29:47.479 I/ReactNativeJS( 7127):        #39  Snuff: Discworld, Book 39                               certain  alb.book-suffix folder:name-corroborated split:number-collision(49% dupes -> 2 folders)
08-08 17:29:47.479 I/ReactNativeJS( 7127):        #40  Raising Steam (Unabridged)                              possible folder:name-corroborated(10/39) num:folder split:number-collision(49% dupes -> 2 folders)
08-08 17:29:47.479 I/ReactNativeJS( 7127):        #41  The Shepherd's Crown (Unabridged)                       possible folder:name-corroborated(10/39) num:folder split:number-collision(49% dupes -> 2 folders)
08-08 17:29:47.480 I/ReactNativeJS( 7127): [series] "Dresden Files"  22 books  (existing)
08-08 17:29:47.480 I/ReactNativeJS( 7127):         #1  Storm Front: The Dresden Files, Book 1 (Unabridged)     certain  tag.extra.SERIES alb.book-suffix folder:name-corroborated
08-08 17:29:47.480 I/ReactNativeJS( 7127):         #2  Fool Moon: The Dresden Files, Book 2 (Unabridged)       certain  tag.extra.SERIES alb.book-suffix folder:name-corroborated
08-08 17:29:47.480 I/ReactNativeJS( 7127):         #3  Grave Peril: The Dresden Files, Book 3 (Unabridged)     certain  tag.extra.SERIES alb.book-suffix folder:name-corroborated
08-08 17:29:47.480 I/ReactNativeJS( 7127):         #4  Summer Knight: The Dresden Files, Book 4 (Unabridged)   certain  tag.extra.SERIES alb.book-suffix folder:name-corroborated
08-08 17:29:47.480 I/ReactNativeJS( 7127):         #5  Death Masks: The Dresden Files, Book 5 (Unabridged)     certain  tag.extra.SERIES alb.book-suffix folder:name-corroborated
08-08 17:29:47.480 I/ReactNativeJS( 7127):         #6  Blood Rites: The Dresden Files, Book 6 (Unabridged)     certain  tag.extra.SERIES alb.book-suffix folder:name-corroborated
08-08 17:29:47.480 I/ReactNativeJS( 7127):         #7  Dead Beat: The Dresden Files, Book 7 (Unabridged)       certain  tag.extra.SERIES alb.book-suffix folder:name-corroborated
08-08 17:29:47.480 I/ReactNativeJS( 7127):         #8  Proven Guilty: The Dresden Files, Book 8 (Unabridged)   certain  tag.extra.SERIES alb.book-suffix folder:name-corroborated
08-08 17:29:47.480 I/ReactNativeJS( 7127):         #9  White Night: The Dresden Files, Book 9 (Unabridged)     certain  tag.extra.SERIES alb.book-suffix folder:name-corroborated
08-08 17:29:47.480 I/ReactNativeJS( 7127):        #10  The Dresden Files #10: Small Favor                      certain  tag.Grouping alb.hash-colon folder:name-corroborated
08-08 17:29:47.480 I/ReactNativeJS( 7127):        #11  The Dresden Files #11: Turn Coat                        certain  tag.Grouping alb.hash-colon folder:name-corroborated
08-08 17:29:47.480 I/ReactNativeJS( 7127):        #12  The Dresden Files #12: Changes                          certain  tag.Grouping alb.hash-colon folder:name-corroborated
08-08 17:29:47.480 I/ReactNativeJS( 7127):      #12.5  The Dresden Files #12.5: Side Jobs                      certain  tag.Grouping alb.hash-colon folder:name-corroborated
08-08 17:29:47.480 I/ReactNativeJS( 7127):        #13  The Dresden Files #13: Ghost Story                      certain  tag.Grouping alb.hash-colon folder:name-corroborated
08-08 17:29:47.480 I/ReactNativeJS( 7127):        #14  The Dresden Files #14: Cold Days                        certain  tag.Grouping alb.hash-colon folder:name-corroborated
08-08 17:29:47.480 I/ReactNativeJS( 7127):        #15  The Dresden Files #15: Skin Game                        certain  tag.Grouping alb.hash-colon folder:name-corroborated
08-08 17:29:47.480 I/ReactNativeJS( 7127):      #15.5  Brief Cases (Unabridged)                                certain  tag.extra.SERIES folder:name-corroborated
08-08 17:29:47.480 I/ReactNativeJS( 7127):        #16  Peace Talks (Unabridged)                                certain  tag.extra.SERIES folder:name-corroborated
08-08 17:29:47.480 I/ReactNativeJS( 7127):        #17  Battle Ground (Unabridged)                              certain  tag.extra.SERIES folder:name-corroborated
08-08 17:29:47.480 I/ReactNativeJS( 7127):      #17.5  The Law                                                 certain  tag.extra.SERIES folder:name-corroborated
08-08 17:29:47.480 I/ReactNativeJS( 7127):        #18  Twelve Months (Unabridged)                              certain  tag.extra.SERIES folder:name-corroborated
08-08 17:29:47.480 I/ReactNativeJS( 7127):          —  Heroic Hearts (Unabridged)                              possible folder:name-corroborated(21/22)
08-08 17:29:47.482 I/ReactNativeJS( 7127): [series] "Demon Accords"  17 books  (existing)
08-08 17:29:47.482 I/ReactNativeJS( 7127):         #1  Book 01 - God Touched - Demon Accords Series            certain  alb.book-dash-series folder:name-corroborated
08-08 17:29:47.482 I/ReactNativeJS( 7127):         #1  Volume 01 - The Demon Accords Compendium                possible folder:name-corroborated(14/17)
08-08 17:29:47.482 I/ReactNativeJS( 7127):         #2  Book 02 - Demon Driven - Demon Accords Series           certain  alb.book-dash-series folder:name-corroborated
08-08 17:29:47.482 I/ReactNativeJS( 7127):         #2  Volume 02 - The Demon Accords Compendium                possible folder:name-corroborated(14/17)
08-08 17:29:47.482 I/ReactNativeJS( 7127):         #3  Book 03 - Brutal Asset - Demon Accords Series           certain  alb.book-dash-series folder:name-corroborated
08-08 17:29:47.482 I/ReactNativeJS( 7127):         #3  Volume 3 - The Demon Accords Compendium                 possible folder:name-corroborated(14/17)
08-08 17:29:47.482 I/ReactNativeJS( 7127):       #3.5  Book 03.5 - Black Frost - Demon Accords Series          certain  alb.book-dash-series folder:name-corroborated
08-08 17:29:47.482 I/ReactNativeJS( 7127):         #4  Book 04 - Duel Nature - Demon Accords Series            certain  alb.book-dash-series folder:name-corroborated
08-08 17:29:47.482 I/ReactNativeJS( 7127):         #5  Book 05 - Fallen Stars - Demon Accords Series           certain  alb.book-dash-series folder:name-corroborated
08-08 17:29:47.482 I/ReactNativeJS( 7127):         #6  Book 06 - Executable - Demon Accords Series             certain  alb.book-dash-series folder:name-corroborated
08-08 17:29:47.482 I/ReactNativeJS( 7127):         #7  Book 07 - Forced Ascent - Demon Accords Series          certain  alb.book-dash-series folder:name-corroborated
08-08 17:29:47.482 I/ReactNativeJS( 7127):         #8  Book 08 Part 1 - College Arcane - Demon Accords Series  certain  alb.book-dash-series folder:name-corroborated
08-08 17:29:47.482 I/ReactNativeJS( 7127):         #8  Book 08 Part 2 - College Arcane - Demon Accords Series  certain  alb.book-dash-series folder:name-corroborated
08-08 17:29:47.482 I/ReactNativeJS( 7127):         #9  Book 09 - God Hammer - Demon Accords Series             certain  alb.book-dash-series folder:name-corroborated
08-08 17:29:47.482 I/ReactNativeJS( 7127):        #10  Book 10 - Rogues - Demon Accords Series                 certain  alb.book-dash-series folder:name-corroborated
08-08 17:29:47.482 I/ReactNativeJS( 7127):        #11  Book 11 - Snake Eyes - Demon Accords Series             certain  alb.book-dash-series folder:name-corroborated
08-08 17:29:47.482 I/ReactNativeJS( 7127):        #12  Book 12 - Winterfall - Demon Accords Series             certain  alb.book-dash-series folder:name-corroborated
08-08 17:29:47.484 I/ReactNativeJS( 7127): [series] "Dungeon Crawler Carl"  8 books  (existing)
08-08 17:29:47.484 I/ReactNativeJS( 7127):         #1  Dungeon Crawler Carl (Unabridged)                       certain  tag.extra.SERIES folder:name-corroborated
08-08 17:29:47.484 I/ReactNativeJS( 7127):         #2  Carl's Doomsday Scenario: Dungeon Crawler Carl, Book 2  certain  alb.book-suffix folder:name-corroborated
08-08 17:29:47.484 I/ReactNativeJS( 7127):         #3  The Dungeon Anarchist's Cookbook: Dungeon Crawler Carl  certain  alb.book-suffix folder:name-corroborated
08-08 17:29:47.484 I/ReactNativeJS( 7127):         #4  The Gate of the Feral Gods: Dungeon Crawler Carl, Book  certain  alb.book-suffix folder:name-corroborated
08-08 17:29:47.484 I/ReactNativeJS( 7127):         #5  The Butcher's Masquerade: Dungeon Crawler Carl, Book 5  certain  alb.book-suffix folder:name-corroborated
08-08 17:29:47.484 I/ReactNativeJS( 7127):         #6  The Eye of the Bedlam Bride: Dungeon Crawler Carl, Boo  certain  alb.book-suffix folder:name-corroborated
08-08 17:29:47.484 I/ReactNativeJS( 7127):         #7  This Inevitable Ruin                                    certain  tag.extra.SERIES folder:name-corroborated
08-08 17:29:47.484 I/ReactNativeJS( 7127):          —  A Parade of Horribles                                   possible folder:name-corroborated(7/8)
08-08 17:29:47.486 I/ReactNativeJS( 7127): [series] "The Dark Tower"  8 books  (existing)
08-08 17:29:47.486 I/ReactNativeJS( 7127):         #1  The Dark Tower I: The Gunslinger                        certain  alb.roman folder:name-corroborated
08-08 17:29:47.486 I/ReactNativeJS( 7127):         #2  The Dark Tower II: The Drawing Of The Three             certain  alb.roman folder:name-corroborated
08-08 17:29:47.486 I/ReactNativeJS( 7127):         #4  The Dark Tower IV: Wizard & Glass                       certain  alb.roman folder:name-corroborated
08-08 17:29:47.486 I/ReactNativeJS( 7127):         #5  The Dark Tower V: Wolves Of The Calla                   certain  alb.roman folder:name-corroborated
08-08 17:29:47.486 I/ReactNativeJS( 7127):         #6  The Dark Tower VI: Song Of Susannah                     certain  alb.roman folder:name-corroborated
08-08 17:29:47.486 I/ReactNativeJS( 7127):         #7  The Dark Tower VII: The Dark Tower                      certain  alb.roman folder:name-corroborated
08-08 17:29:47.486 I/ReactNativeJS( 7127):          —  1991 - The Waste Lands (DT3 - read by Frank Muller)     possible folder:name-corroborated(6/8)
08-08 17:29:47.486 I/ReactNativeJS( 7127):          —  LEGENDS - Stories by The Masters of Fantasy             possible folder:name-corroborated(6/8)
08-08 17:29:47.488 I/ReactNativeJS( 7127): [series] "The First Law"  7 books  (existing)
08-08 17:29:47.488 I/ReactNativeJS( 7127):         #1  01 - The Blade Itself                                   guess    folder:number-corroborated(7/7)
08-08 17:29:47.488 I/ReactNativeJS( 7127):         #2  02 - Before They Are Hanged                             guess    folder:number-corroborated(7/7)
08-08 17:29:47.488 I/ReactNativeJS( 7127):         #3  03 - Last Argument of Kings                             guess    folder:number-corroborated(7/7)
08-08 17:29:47.488 I/ReactNativeJS( 7127):         #4  04 - Best Served Cold                                   guess    folder:number-corroborated(7/7)
08-08 17:29:47.488 I/ReactNativeJS( 7127):         #5  05 - The Heroes                                         guess    folder:number-corroborated(7/7)
08-08 17:29:47.488 I/ReactNativeJS( 7127):         #6  06 - Red Country                                        guess    folder:number-corroborated(7/7)
08-08 17:29:47.488 I/ReactNativeJS( 7127):         #7  07 - Sharp Ends: Stories from the World of the First L  guess    folder:number-corroborated(7/7)
08-08 17:29:47.489 I/ReactNativeJS( 7127): [series] "Mistborn"  6 books  (existing)
08-08 17:29:47.489 I/ReactNativeJS( 7127):         #1  Mistborn 1 (Michael Kramer)                             likely   alb.name-num-sp
08-08 17:29:47.489 I/ReactNativeJS( 7127):         #2  Mistborn 2 (Michael Kramer)                             likely   alb.name-num-sp
08-08 17:29:47.489 I/ReactNativeJS( 7127):         #3  Mistborn 3 (Michael Kramer)                             likely   alb.name-num-sp
08-08 17:29:47.489 I/ReactNativeJS( 7127):         #4  Mistborn 4 (Michael Kramer)                             likely   alb.name-num-sp
08-08 17:29:47.489 I/ReactNativeJS( 7127):         #5  Mistborn 5 (Michael Kramer)                             likely   alb.name-num-sp
08-08 17:29:47.489 I/ReactNativeJS( 7127):         #6  Mistborn 6 (Michael Kramer)                             likely   alb.name-num-sp
08-08 17:29:47.491 I/ReactNativeJS( 7127): [series] "Shadow Saga"  6 books  (existing)
08-08 17:29:47.491 I/ReactNativeJS( 7127):         #1  Shadow 1 - Ender's Shadow                               certain  alb.name-num-dash folder:name-corroborated
08-08 17:29:47.491 I/ReactNativeJS( 7127):         #3  Shadow 3 - Shadow Puppets                               certain  alb.name-num-dash folder:name-corroborated
08-08 17:29:47.491 I/ReactNativeJS( 7127):         #6  Shadow of the Hegemon                                   possible folder:name-corroborated(2/6) num:folder
08-08 17:29:47.491 I/ReactNativeJS( 7127):         #8  008 - Shadow of the Giant                               possible folder:name-corroborated(2/6)
08-08 17:29:47.491 I/ReactNativeJS( 7127):         #9  Shadows in Flight                                       possible folder:name-corroborated(2/6) num:folder
08-08 17:29:47.491 I/ReactNativeJS( 7127):        #10  The Last Shadow: Other Tales from the Ender Universe    possible folder:name-corroborated(2/6) num:folder
08-08 17:29:47.492 I/ReactNativeJS( 7127): [series] "Bobiverse"  5 books  (existing)
08-08 17:29:47.492 I/ReactNativeJS( 7127):         #1  Bobiverse 01 We Are Legion (We Are Bob)                 certain  alb.name-num-sp folder:name-corroborated
08-08 17:29:47.492 I/ReactNativeJS( 7127):         #2  Bobiverse 02 For We Are Many                            certain  alb.name-num-sp folder:name-corroborated
08-08 17:29:47.492 I/ReactNativeJS( 7127):         #3  Bobiverse 03 All These Worlds                           certain  alb.name-num-sp folder:name-corroborated
08-08 17:29:47.492 I/ReactNativeJS( 7127):         #4  Bobiverse 04 Heaven's River                             certain  alb.name-num-sp folder:name-corroborated
08-08 17:29:47.492 I/ReactNativeJS( 7127):         #5  Bobiverse 05 Not Till We Are Lost                       certain  alb.name-num-sp folder:name-corroborated
08-08 17:29:47.493 I/ReactNativeJS( 7127): [series] "Long Earth"  5 books  (existing)
08-08 17:29:47.493 I/ReactNativeJS( 7127):         #1  (Long Earth 01) The Long Earth                          certain  alb.paren-pre folder:name-corroborated
08-08 17:29:47.493 I/ReactNativeJS( 7127):         #2  (Long Earth 02) The Long War                            certain  alb.paren-pre folder:name-corroborated
08-08 17:29:47.493 I/ReactNativeJS( 7127):         #3  (Long Earth 03) The Long Mars                           certain  alb.paren-pre folder:name-corroborated
08-08 17:29:47.493 I/ReactNativeJS( 7127):         #4  (Long Earth 04) The Long Utopia                         certain  alb.paren-pre folder:name-corroborated
08-08 17:29:47.493 I/ReactNativeJS( 7127):         #5  (Long Earth 05) The Long Cosmos                         certain  alb.paren-pre folder:name-corroborated
08-08 17:29:47.495 I/ReactNativeJS( 7127): [series] "Lockwood and Co."  4 books  (existing)
08-08 17:29:47.495 I/ReactNativeJS( 7127):         #1  Lockwood and Co Book 1 - The Screaming Staircase        certain  alb.series-book-n folder:name-corroborated
08-08 17:29:47.495 I/ReactNativeJS( 7127):         #2  Lockwood and Co Book 2 - The Whispering Skull           certain  alb.series-book-n folder:name-corroborated
08-08 17:29:47.495 I/ReactNativeJS( 7127):         #3  Lockwood and Co Book 3 - The Hollow Boy                 certain  alb.series-book-n folder:name-corroborated
08-08 17:29:47.495 I/ReactNativeJS( 7127):         #5  Lockwood & Co: The Empty Grave (Unabridged)             possible folder:name-corroborated(3/5) num:folder
08-08 17:29:47.496 I/ReactNativeJS( 7127): [series] "Memory, Sorrow & Thorn"  4 books  (existing)
08-08 17:29:47.496 I/ReactNativeJS( 7127):         #1  01 The Dragonbone Chair                                 guess    folder:number-corroborated(4/4)
08-08 17:29:47.496 I/ReactNativeJS( 7127):         #2  02 The Stone of Farewell                                guess    folder:number-corroborated(4/4)
08-08 17:29:47.496 I/ReactNativeJS( 7127):         #3  03 To Green Angel Tower - Siege                         guess    folder:number-corroborated(4/4)
08-08 17:29:47.496 I/ReactNativeJS( 7127):         #4  04 To Green Angel Tower - Storm                         guess    folder:number-corroborated(4/4)
08-08 17:29:47.498 I/ReactNativeJS( 7127): [series] "The Murderbot Diaries"  4 books  (existing)
08-08 17:29:47.498 I/ReactNativeJS( 7127):         #3  Rogue Protocol: The Murderbot Diaries, Book 3           likely   alb.book-suffix
08-08 17:29:47.498 I/ReactNativeJS( 7127):         #5  Network Effect                                          certain  tag.extra.SERIES
08-08 17:29:47.498 I/ReactNativeJS( 7127):         #6  The Murderbot Diaries 6: Fugitive Telemetry             likely   alb.name-num-dash
08-08 17:29:47.498 I/ReactNativeJS( 7127):         #7  Martha Wells - The Murderbot Diaries 07 - System Colla  likely   alb.name-num-dash
08-08 17:29:47.499 I/ReactNativeJS( 7127): [series] "Bromeliad"  3 books  (existing)
08-08 17:29:47.499 I/ReactNativeJS( 7127):         #1  Bromeliad 01 - Truckers                                 certain  alb.name-num-dash folder:name-corroborated
08-08 17:29:47.499 I/ReactNativeJS( 7127):         #2  Bromeliad 02 - Diggers                                  certain  alb.name-num-dash folder:name-corroborated
08-08 17:29:47.499 I/ReactNativeJS( 7127):         #3  Bromeliad 03 - Wings                                    certain  alb.name-num-dash folder:name-corroborated
08-08 17:29:47.500 I/ReactNativeJS( 7127): [series] "Crouch, B"  3 books  (existing)
08-08 17:29:47.500 I/ReactNativeJS( 7127):         #1  Crouch, B: 1 Pines                                      likely   alb.name-num-sp
08-08 17:29:47.500 I/ReactNativeJS( 7127):         #2  Crouch, B: 2 Wayward                                    likely   alb.name-num-sp
08-08 17:29:47.500 I/ReactNativeJS( 7127):         #3  Crouch, B: 3 The Last Town                              likely   alb.name-num-sp
08-08 17:29:47.502 I/ReactNativeJS( 7127): [series] "Lord of the Rings"  3 books  (existing)
08-08 17:29:47.502 I/ReactNativeJS( 7127):         #1  The Fellowship of the Ring: Lord of the Rings, Book 1   likely   alb.book-suffix
08-08 17:29:47.502 I/ReactNativeJS( 7127):         #2  The Two Towers: Lord of the Rings, Book 2               likely   alb.book-suffix
08-08 17:29:47.502 I/ReactNativeJS( 7127):         #3  The Return of the King: Lord of the Rings, Book 3       likely   alb.book-suffix
08-08 17:29:47.503 I/ReactNativeJS( 7127): [series] "The Age of Madness"  3 books  (existing)
08-08 17:29:47.503 I/ReactNativeJS( 7127):         #1  01 - A Little Hatred                                    guess    folder:number-corroborated(3/3)
08-08 17:29:47.503 I/ReactNativeJS( 7127):         #2  02 - The Trouble with Peace                             guess    folder:number-corroborated(3/3)
08-08 17:29:47.503 I/ReactNativeJS( 7127):         #3  03 - The Wisdom of Crowds                               guess    folder:number-corroborated(3/3)
08-08 17:29:47.505 I/ReactNativeJS( 7127): [series] "The Silo Saga"  3 books  (existing)
08-08 17:29:47.505 I/ReactNativeJS( 7127):         #1  Wool: The Silo Saga, Book 1                             certain  tag.Grouping alb.book-suffix folder:name-corroborated
08-08 17:29:47.505 I/ReactNativeJS( 7127):         #2  Shift: The Silo Saga, Book 2                            certain  alb.book-suffix folder:name-corroborated
08-08 17:29:47.505 I/ReactNativeJS( 7127):         #3  Dust: The Silo Saga, Book 3                             certain  alb.book-suffix folder:name-corroborated
08-08 17:29:47.506 I/ReactNativeJS( 7127): [series] "TMC"  3 books  (existing)
08-08 17:29:47.506 I/ReactNativeJS( 7127):         #1  TMC 01 Thursday Murder Club                             likely   alb.name-num-sp
08-08 17:29:47.506 I/ReactNativeJS( 7127):         #2  TMC 02 The Man Who Died Twice                           likely   alb.name-num-sp
08-08 17:29:47.506 I/ReactNativeJS( 7127):         #3  TMC 03 The Bullet That Missed                           likely   alb.name-num-sp
08-08 17:29:47.514 I/ReactNativeJS( 7127): [series] "Cerulean Chronicles"  2 books  (existing)
08-08 17:29:47.514 I/ReactNativeJS( 7127):         #1  Cerulean Chronicles 01 - The House in the Cerulean Sea  certain  tag.extra.SERIES alb.name-num-dash
08-08 17:29:47.514 I/ReactNativeJS( 7127):         #2  Cerulean Chronicles 02 - Somewhere Beyond the Sea       certain  tag.extra.SERIES alb.name-num-dash
08-08 17:29:47.516 I/ReactNativeJS( 7127): [series] "Kingkiller Chronicle"  2 books  (existing)
08-08 17:29:47.516 I/ReactNativeJS( 7127):         #1  Kingkiller Chronicle 01 The Name of the Wind            likely   alb.name-num-sp
08-08 17:29:47.516 I/ReactNativeJS( 7127):         #2  Kingkiller Chronicle 02 The Wise Man's Fear             likely   alb.name-num-sp
08-08 17:29:47.517 I/ReactNativeJS( 7127): [series] "Red Rising"  2 books  (existing)
08-08 17:29:47.517 I/ReactNativeJS( 7127):         #5  Red Rising, Book 5 - Dark Age                           likely   alb.series-book-n
08-08 17:29:47.517 I/ReactNativeJS( 7127):         #6  Light Bringer: Red Rising, Book 6                       likely   alb.book-suffix
08-08 17:29:47.519 I/ReactNativeJS( 7127): [series] detection (conservative): 351 units → 23 series, 200 books placed · created 0 (0 rows) · inserted 0 · removed 0 · skipped 0 · 159ms
08-08 17:29:47.522 I/ReactNativeJS( 7127): [scan] 1697ms total · 3461 files, 0 new (nothing rescanned) — enumerate 1135ms · existing-urls 176ms · process 4ms · cleanup 84ms · detect 204ms
08-08 17:31:06.212 I/ReactNativeJS( 7127): [rowprobe] inner Ben Aronovitch h=220
08-08 17:31:06.214 I/ReactNativeJS( 7127): [rowprobe] item 8O6NeH2bd5t89BVu h=212
08-08 17:31:06.393 I/ReactNativeJS( 7127): [rowprobe] inner Brian Greene h=220
08-08 17:31:06.395 I/ReactNativeJS( 7127): [rowprobe] item jCqQnVWzw8LAYHCY h=212
08-08 17:31:06.663 I/ReactNativeJS( 7127): [rowprobe] item yqve7xA0eJhT6GmS h=212
08-08 17:31:06.665 I/ReactNativeJS( 7127): [rowprobe] item HL6Cbamilm0TRGq3 h=212
08-08 17:31:06.666 I/ReactNativeJS( 7127): [rowprobe] item y3plC7BEP9Dlnc3f h=212
08-08 17:31:06.668 I/ReactNativeJS( 7127): [rowprobe] item sDfj2Z4dPgzzUTmx h=212
08-08 17:31:06.669 I/ReactNativeJS( 7127): [rowprobe] item DyI4PmNIeZhqBgYl h=212
08-08 17:31:06.670 I/ReactNativeJS( 7127): [rowprobe] item JQkvhRoQXiveKH6x h=212
08-08 17:31:06.672 I/ReactNativeJS( 7127): [rowprobe] item 5rBksI2LsoTwJsNR h=212
08-08 17:31:06.979 I/ReactNativeJS( 7127): [rowprobe] item XuSvnrCgIBCemF99 h=212
08-08 17:31:06.980 I/ReactNativeJS( 7127): [rowprobe] item wGQsVHwTUgjVIEvl h=212
08-08 17:31:07.612 I/ReactNativeJS( 7127): [rowprobe] item 8O6NeH2bd5t89BVu h=212
08-08 17:31:07.764 I/ReactNativeJS( 7127): [rowprobe] item yP1orAS0Ft26yjpX h=212
08-08 17:31:07.766 I/ReactNativeJS( 7127): [rowprobe] item 9xTYvhxFQwjaTxq6 h=212
08-08 17:31:07.767 I/ReactNativeJS( 7127): [rowprobe] item BVMDuL8w9Hwid5zf h=212
08-08 17:31:07.769 I/ReactNativeJS( 7127): [rowprobe] item o6cwRRP9Qc4Y5MWR h=212
08-08 17:31:07.770 I/ReactNativeJS( 7127): [rowprobe] item 6ngIi4wuC1rXcb5y h=212
08-08 17:31:08.011 I/ReactNativeJS( 7127): [rowprobe] inner recentlyAdded h=220.00001525878906
08-08 17:31:08.014 I/ReactNativeJS( 7127): [rowprobe] item Rlo4YIcucfpj943l h=212.00001525878906
08-08 17:31:08.016 I/ReactNativeJS( 7127): [rowprobe] item VOgamGjY0ARByuSw h=212.00001525878906
08-08 17:31:08.018 I/ReactNativeJS( 7127): [rowprobe] item LGQYVfebEo3vEUbO h=212.00001525878906
08-08 17:31:08.019 I/ReactNativeJS( 7127): [rowprobe] item xcGAoB3rPEGfFSIr h=212.00001525878906
08-08 17:31:08.020 I/ReactNativeJS( 7127): [rowprobe] item mtwjBYcpSJBu9VDa h=212.00001525878906
08-08 17:31:29.262 I/ReactNativeJS( 7127): [rowprobe] inner 3QhMHoggvVS5uNnP h=220.00001525878906
08-08 17:31:29.263 I/ReactNativeJS( 7127): [rowprobe] inner V0O46a7kpbBB9dxn h=220
08-08 17:31:29.273 I/ReactNativeJS( 7127): [rowprobe] item 4cmGeV3HGD3DvLSK h=212.00003051757812
08-08 17:31:29.275 I/ReactNativeJS( 7127): [rowprobe] item 96IMf1VZn7WRNkyq h=212.00003051757812
08-08 17:31:29.276 I/ReactNativeJS( 7127): [rowprobe] item YvpBjvDp1U1XCPUv h=212
08-08 17:31:29.278 I/ReactNativeJS( 7127): [rowprobe] item PFeTSp9F1zcKcEW4 h=212
08-08 17:31:29.279 I/ReactNativeJS( 7127): [rowprobe] item TOFBpvwug5j7FFtp h=212.00003051757812
08-08 17:31:29.280 I/ReactNativeJS( 7127): [rowprobe] item fCFqjkkmtGhSSuXY h=212
08-08 17:31:29.282 I/ReactNativeJS( 7127): [rowprobe] inner PyVDEEwPlBvWcOZD h=220
08-08 17:31:29.283 I/ReactNativeJS( 7127): [rowprobe] item SmdTrp3tQr85OSoh h=212
08-08 17:31:29.285 I/ReactNativeJS( 7127): [rowprobe] item WRsqdpA07owaIAXx h=212
08-08 17:31:29.526 I/ReactNativeJS( 7127): [rowprobe] item ll2B8W9joMN6lmRX h=212.00001525878906
08-08 17:31:29.530 I/ReactNativeJS( 7127): [rowprobe] inner 3b0YaWbhyUgNSpdn h=220
08-08 17:31:29.533 I/ReactNativeJS( 7127): [rowprobe] item qXw2k21Ym8i2DQtb h=212
08-08 17:31:29.535 I/ReactNativeJS( 7127): [rowprobe] item YyCDElBIyBP6Naz9 h=212
08-08 17:31:29.536 I/ReactNativeJS( 7127): [rowprobe] item a1Eg0iGDCORrKtXF h=212
08-08 17:31:36.056 I/ReactNativeJS( 7127): [rowprobe] inner qOaTL4K5UJHtGnyW h=220
08-08 17:31:36.058 I/ReactNativeJS( 7127): [rowprobe] item ECHWIXlMsonDH3Fa h=212
08-08 17:31:36.060 I/ReactNativeJS( 7127): [rowprobe] item 9ZbdMeTpRUHyc7sb h=212
08-08 17:31:36.061 I/ReactNativeJS( 7127): [rowprobe] item FapbtS2YzJEcUBUz h=212
08-08 17:31:36.256 I/ReactNativeJS( 7127): [rowprobe] inner 69xRPKvDaty2qxfT h=220
08-08 17:31:36.258 I/ReactNativeJS( 7127): [rowprobe] item O6dCyB7GvfV3OCSw h=212
08-08 17:31:36.259 I/ReactNativeJS( 7127): [rowprobe] item Y1kBMMhXo1TIsTDd h=212
08-08 17:31:36.261 I/ReactNativeJS( 7127): [rowprobe] item bfHaTVRSplaDpMFC h=212
08-08 17:31:36.262 I/ReactNativeJS( 7127): [rowprobe] item xxPrjsX3kToCcrlB h=212
08-08 17:31:36.265 I/ReactNativeJS( 7127): [rowprobe] item sPrH8L6yuIlfPH1G h=212
08-08 17:31:36.267 I/ReactNativeJS( 7127): [rowprobe] item jrLJMrWUcO8uxUl1 h=212
08-08 17:31:36.268 I/ReactNativeJS( 7127): [rowprobe] item Y9QZ947RJ3gAeUwZ h=212
08-08 17:31:36.269 I/ReactNativeJS( 7127): [rowprobe] item Bns5J1QQZmAoT6IU h=212
08-08 17:31:36.436 I/ReactNativeJS( 7127): [rowprobe] item sgYJFFpVejRAV7eG h=212
08-08 17:31:36.437 I/ReactNativeJS( 7127): [rowprobe] item 3CMM2BN7lEWbkV25 h=212
08-08 17:31:36.439 I/ReactNativeJS( 7127): [rowprobe] item qRL7XjqcELmKGgnn h=212
08-08 17:31:36.444 I/ReactNativeJS( 7127): [rowprobe] item OJtDh91tdBOEBD1C h=212
08-08 17:31:36.445 I/ReactNativeJS( 7127): [rowprobe] item 5WONxGnRFu38JegB h=212
08-08 17:31:36.447 I/ReactNativeJS( 7127): [rowprobe] item TzrsnGD1ABNKguSI h=212
08-08 17:31:37.231 I/ReactNativeJS( 7127): [rowprobe] item i80803hL78zO35ld h=212
08-08 17:31:37.233 I/ReactNativeJS( 7127): [rowprobe] item xJY0DzPIfMSEQQZE h=212
08-08 17:31:37.527 I/ReactNativeJS( 7127): [rowprobe] item oKL1Z0d6pS6cvRxc h=212
08-08 17:31:38.995 I/ReactNativeJS( 7127): [rowprobe] item pBsN3VPpfl7fG0k4 h=212
08-08 17:31:38.996 I/ReactNativeJS( 7127): [rowprobe] item s3vVaQyilGomPLAJ h=212
08-08 17:31:38.998 I/ReactNativeJS( 7127): [rowprobe] item 61RMHi8qXY3Z8eaN h=212
08-08 17:31:38.999 I/ReactNativeJS( 7127): [rowprobe] item hCBT6Jlc0xVmzAz6 h=212
--------- beginning of main
08-08 17:39:48.494 W/ReactNativeJS( 7127): [series] 0 books sit under no configured root and 1 have no first chapter — all dropped before detection, out of 352
08-08 17:39:48.597 I/ReactNativeJS( 7127): [series] "Discworld"  41 books  (existing)
08-08 17:39:48.597 I/ReactNativeJS( 7127):         #1  Discworld 01 - The Colour of Magic                      certain  alb.name-num-dash folder:name-corroborated split:number-collision(49% dupes -> 2 folders)
08-08 17:39:48.597 I/ReactNativeJS( 7127):         #2  Discworld 02 - The Light Fantastic                      certain  alb.name-num-dash folder:name-corroborated split:number-collision(49% dupes -> 2 folders)
08-08 17:39:48.597 I/ReactNativeJS( 7127):         #3  Discworld 03 - Equal Rites                              certain  alb.name-num-dash folder:name-corroborated split:number-collision(49% dupes -> 2 folders)
08-08 17:39:48.597 I/ReactNativeJS( 7127):         #4  Discworld 04 - Mort                                     certain  alb.name-num-dash folder:name-corroborated split:number-collision(49% dupes -> 2 folders)
08-08 17:39:48.597 I/ReactNativeJS( 7127):         #5  Discworld 05 - Sourcery                                 certain  alb.name-num-dash folder:name-corroborated split:number-collision(49% dupes -> 2 folders)
08-08 17:39:48.597 I/ReactNativeJS( 7127):         #6  Discworld 06 -  Wyrd Sisters                            certain  alb.name-num-dash folder:name-corroborated split:number-collision(49% dupes -> 2 folders)
08-08 17:39:48.597 I/ReactNativeJS( 7127):         #7  Discworld 07 - Pyramids                                 certain  alb.name-num-dash folder:name-corroborated split:number-collision(49% dupes -> 2 folders)
08-08 17:39:48.597 I/ReactNativeJS( 7127):         #8  Discworld 08 - Guards! Guards!                          certain  alb.name-num-dash folder:name-corroborated split:number-collision(49% dupes -> 2 folders)
08-08 17:39:48.597 I/ReactNativeJS( 7127):         #9  Discworld 09 - Eric                                     certain  alb.name-num-dash folder:name-corroborated split:number-collision(49% dupes -> 2 folders)
08-08 17:39:48.597 I/ReactNativeJS( 7127):        #10  Discworld 10 - Moving Pictures                          certain  alb.name-num-dash folder:name-corroborated split:number-collision(49% dupes -> 2 folders)
08-08 17:39:48.597 I/ReactNativeJS( 7127):        #11  Discworld 11 - Reaper Man                               certain  alb.name-num-dash folder:name-corroborated split:number-collision(49% dupes -> 2 folders)
08-08 17:39:48.597 I/ReactNativeJS( 7127):        #12  Discworld 12 - Witches Abroad                           certain  alb.name-num-dash folder:name-corroborated split:number-collision(49% dupes -> 2 folders)
08-08 17:39:48.597 I/ReactNativeJS( 7127):        #13  Discworld 13 - Small Gods                               certain  tag.Grouping+bare-num alb.name-num-dash folder:name-corroborated split:number-collision(49% dupes -> 2 folders)
08-08 17:39:48.597 I/ReactNativeJS( 7127):        #14  Discworld 14 - Lords and Ladies                         certain  alb.name-num-dash folder:name-corroborated split:number-collision(49% dupes -> 2 folders)
08-08 17:39:48.597 I/ReactNativeJS( 7127):        #15  Discworld 15 - Men At Arms                              certain  alb.name-num-dash folder:name-corroborated split:number-collision(49% dupes -> 2 folders)
08-08 17:39:48.597 I/ReactNativeJS( 7127):        #16  Discworld 16 - Soul Music                               certain  alb.name-num-dash folder:name-corroborated split:number-collision(49% dupes -> 2 folders)
08-08 17:39:48.597 I/ReactNativeJS( 7127):        #17  Discworld 17 - Interesting Times                        certain  alb.name-num-dash folder:name-corroborated split:number-collision(49% dupes -> 2 folders)
08-08 17:39:48.597 I/ReactNativeJS( 7127):        #18  Discworld 18 - Maskerade                                certain  alb.name-num-dash folder:name-corroborated split:number-collision(49% dupes -> 2 folders)
08-08 17:39:48.597 I/ReactNativeJS( 7127):        #19  Discworld 19 - Feet of Clay                             certain  alb.name-num-dash folder:name-corroborated split:number-collision(49% dupes -> 2 folders)
08-08 17:39:48.597 I/ReactNativeJS( 7127):        #20  Discworld 20 - Hogfather                                certain  alb.name-num-dash folder:name-corroborated split:number-collision(49% dupes -> 2 folders)
08-08 17:39:48.597 I/ReactNativeJS( 7127):        #21  Discworld 21 - Jingo                                    certain  alb.name-num-dash folder:name-corroborated split:number-collision(49% dupes -> 2 folders)
08-08 17:39:48.597 I/ReactNativeJS( 7127):        #22  Discworld 22 - The Last Continent                       certain  alb.name-num-dash folder:name-corroborated split:number-collision(49% dupes -> 2 folders)
08-08 17:39:48.597 I/ReactNativeJS( 7127):        #23  Discworld 23 - Carpe Jugulum                            certain  alb.name-num-dash folder:name-corroborated split:number-collision(49% dupes -> 2 folders)
08-08 17:39:48.597 I/ReactNativeJS( 7127):        #24  Discworld 24 - The Fifth Elephant                       certain  alb.name-num-dash folder:name-corroborated split:number-collision(49% dupes -> 2 folders)
08-08 17:39:48.597 I/ReactNativeJS( 7127):        #25  Discworld 25 - The Truth                                certain  alb.name-num-dash folder:name-corroborated split:number-collision(49% dupes -> 2 folders)
08-08 17:39:48.597 I/ReactNativeJS( 7127):        #26  Discworld 26 - Thief of Time                            certain  alb.name-num-dash folder:name-corroborated split:number-collision(49% dupes -> 2 folders)
08-08 17:39:48.597 I/ReactNativeJS( 7127):        #27  Discworld 27 - The Last Hero                            certain  alb.name-num-dash folder:name-corroborated split:number-collision(49% dupes -> 2 folders)
08-08 17:39:48.597 I/ReactNativeJS( 7127):        #28  Discworld 28 - The Amazing Maurice and His Educated Ro  certain  alb.name-num-dash folder:name-corroborated split:number-collision(49% dupes -> 2 folders)
08-08 17:39:48.597 I/ReactNativeJS( 7127):        #29  Discworld 29 - Night Watch                              certain  alb.name-num-dash folder:name-corroborated split:number-collision(49% dupes -> 2 folders)
08-08 17:39:48.597 I/ReactNativeJS( 7127):        #30  Discworld 30 - The Wee Free Men                         certain  alb.name-num-dash folder:name-corroborated split:number-collision(49% dupes -> 2 folders)
08-08 17:39:48.597 I/ReactNativeJS( 7127):        #31  Discworld 31 - Monstrous Regiment                       certain  alb.name-num-dash folder:name-corroborated split:number-collision(49% dupes -> 2 folders)
08-08 17:39:48.597 I/ReactNativeJS( 7127):        #32  Discworld 32 - A Hat Full of Sky                        certain  alb.name-num-dash folder:name-corroborated split:number-collision(49% dupes -> 2 folders)
08-08 17:39:48.597 I/ReactNativeJS( 7127):        #33  Discworld 33 - Going Postal                             certain  alb.name-num-dash folder:name-corroborated split:number-collision(49% dupes -> 2 folders)
08-08 17:39:48.597 I/ReactNativeJS( 7127):        #34  Discworld 34 - Thud!                                    certain  alb.name-num-dash folder:name-corroborated split:number-collision(49% dupes -> 2 folders)
08-08 17:39:48.597 I/ReactNativeJS( 7127):        #35  Discworld 35 - Wintersmith                              certain  alb.name-num-dash folder:name-corroborated split:number-collision(49% dupes -> 2 folders)
08-08 17:39:48.597 I/ReactNativeJS( 7127):        #36  Discworld 36 - Making Money                             certain  alb.name-num-dash folder:name-corroborated split:number-collision(49% dupes -> 2 folders)
08-08 17:39:48.597 I/ReactNativeJS( 7127):        #37  Discworld 37 - Unseen Academicals                       certain  tag.Grouping+bare-num alb.name-num-dash folder:name-corroborated split:number-collision(49% dupes -> 2 folders)
08-08 17:39:48.597 I/ReactNativeJS( 7127):        #38  DW38-I Shall Wear Midnight                              possible folder:name-corroborated(37/41) num:folder split:number-collision(49% dupes -> 2 folders)
08-08 17:39:48.597 I/ReactNativeJS( 7127):        #39  Snuff                                                   possible folder:name-corroborated(37/41) num:folder split:number-collision(49% dupes -> 2 folders)
08-08 17:39:48.597 I/ReactNativeJS( 7127):        #40  Raising Steam                                           possible folder:name-corroborated(37/41) num:folder split:number-collision(49% dupes -> 2 folders)
08-08 17:39:48.597 I/ReactNativeJS( 7127):        #41  The Shepherd's Crown                                    possible folder:name-corroborated(37/41) num:folder split:number-collision(49% dupes -> 2 folders)
08-08 17:39:48.599 I/ReactNativeJS( 7127): [series] "Discworld (2022)"  39 books  (existing)
08-08 17:39:48.599 I/ReactNativeJS( 7127):         #1  The Colour of Magic                                     possible folder:name-corroborated(10/39) num:folder split:number-collision(49% dupes -> 2 folders)
08-08 17:39:48.599 I/ReactNativeJS( 7127):         #2  The Light Fantastic                                     possible folder:name-corroborated(10/39) num:folder split:number-collision(49% dupes -> 2 folders)
08-08 17:39:48.599 I/ReactNativeJS( 7127):         #3  Equal Rites                                             possible folder:name-corroborated(10/39) num:folder split:number-collision(49% dupes -> 2 folders)
08-08 17:39:48.599 I/ReactNativeJS( 7127):         #4  Mort (#4)                                               possible folder:name-corroborated(10/39) split:number-collision(49% dupes -> 2 folders)
08-08 17:39:48.599 I/ReactNativeJS( 7127):         #5  Sourcery (#5)                                           possible folder:name-corroborated(10/39) split:number-collision(49% dupes -> 2 folders)
08-08 17:39:48.599 I/ReactNativeJS( 7127):         #7  Pyramids: Discworld, Book 7                             certain  alb.book-suffix folder:name-corroborated split:number-collision(49% dupes -> 2 folders)
08-08 17:39:48.599 I/ReactNativeJS( 7127):         #8  Guards! Guards! (Unabridged)                            possible folder:name-corroborated(10/39) num:folder split:number-collision(49% dupes -> 2 folders)
08-08 17:39:48.599 I/ReactNativeJS( 7127):         #9  (#9) Eric                                               possible folder:name-corroborated(10/39) split:number-collision(49% dupes -> 2 folders)
08-08 17:39:48.599 I/ReactNativeJS( 7127):        #10  Moving Pictures: Discworld, Book 10                     certain  alb.book-suffix folder:name-corroborated split:number-collision(49% dupes -> 2 folders)
08-08 17:39:48.599 I/ReactNativeJS( 7127):        #11  (#11) Reaper Man                                        possible folder:name-corroborated(10/39) split:number-collision(49% dupes -> 2 folders)
08-08 17:39:48.599 I/ReactNativeJS( 7127):        #12  Witches Abroad                                          possible folder:name-corroborated(10/39) num:folder split:number-collision(49% dupes -> 2 folders)
08-08 17:39:48.599 I/ReactNativeJS( 7127):        #13  Small Gods (#13)                                        possible folder:name-corroborated(10/39) split:number-collision(49% dupes -> 2 folders)
08-08 17:39:48.599 I/ReactNativeJS( 7127):        #14  Lords and Ladies                                        possible folder:name-corroborated(10/39) num:folder split:number-collision(49% dupes -> 2 folders)
08-08 17:39:48.599 I/ReactNativeJS( 7127):        #15  Men at Arms (Unabridged)                                possible folder:name-corroborated(10/39) num:folder split:number-collision(49% dupes -> 2 folders)
08-08 17:39:48.599 I/ReactNativeJS( 7127):        #16  (#16) Soul Music                                        possible folder:name-corroborated(10/39) split:number-collision(49% dupes -> 2 folders)
08-08 17:39:48.599 I/ReactNativeJS( 7127):        #17  (#17) Interesting Times                                 possible folder:name-corroborated(10/39) split:number-collision(49% dupes -> 2 folders)
08-08 17:39:48.599 I/ReactNativeJS( 7127):        #18  Maskerade                                               possible folder:name-corroborated(10/39) num:folder split:number-collision(49% dupes -> 2 folders)
08-08 17:39:48.599 I/ReactNativeJS( 7127):        #19  Feet of Clay (Unabridged)                               possible folder:name-corroborated(10/39) num:folder split:number-collision(49% dupes -> 2 folders)
08-08 17:39:48.599 I/ReactNativeJS( 7127):        #20  Hogfather: Discworld, Book 20                           certain  alb.book-suffix folder:name-corroborated split:number-collision(49% dupes -> 2 folders)
08-08 17:39:48.599 I/ReactNativeJS( 7127):        #21  Jingo (Unabridged)                                      possible folder:name-corroborated(10/39) num:folder split:number-collision(49% dupes -> 2 folders)
08-08 17:39:48.599 I/ReactNativeJS( 7127):        #22  The Last Continent: Discworld, Book 22                  certain  alb.book-suffix folder:name-corroborated split:number-collision(49% dupes -> 2 folders)
08-08 17:39:48.599 I/ReactNativeJS( 7127):        #23  Carpe Jugulum                                           possible folder:name-corroborated(10/39) num:folder split:number-collision(49% dupes -> 2 folders)
08-08 17:39:48.599 I/ReactNativeJS( 7127):        #24  The Fifth Elephant (Unabridged)                         possible folder:name-corroborated(10/39) num:folder split:number-collision(49% dupes -> 2 folders)
08-08 17:39:48.599 I/ReactNativeJS( 7127):        #25  The Truth (Unabridged)                                  possible folder:name-corroborated(10/39) num:folder split:number-collision(49% dupes -> 2 folders)
08-08 17:39:48.599 I/ReactNativeJS( 7127):        #26  Thief of Time (#26)                                     possible folder:name-corroborated(10/39) split:number-collision(49% dupes -> 2 folders)
08-08 17:39:48.599 I/ReactNativeJS( 7127):        #28  The Amazing Maurice and His Educated Rodents (#28)      possible folder:name-corroborated(10/39) split:number-collision(49% dupes -> 2 folders)
08-08 17:39:48.599 I/ReactNativeJS( 7127):        #29  Night Watch: Discworld, Book 29                         certain  alb.book-suffix folder:name-corroborated split:number-collision(49% dupes -> 2 folders)
08-08 17:39:48.599 I/ReactNativeJS( 7127):        #30  The Wee Free Men: Discworld, Book 30                    certain  alb.book-suffix folder:name-corroborated split:number-collision(49% dupes -> 2 folders)
08-08 17:39:48.599 I/ReactNativeJS( 7127):        #31  (#31) Monstrous Regiment                                possible folder:name-corroborated(10/39) split:number-collision(49% dupes -> 2 folders)
08-08 17:39:48.599 I/ReactNativeJS( 7127):        #32  A Hat Full of Sky: Discworld, Book 32                   certain  alb.book-suffix folder:name-corroborated split:number-collision(49% dupes -> 2 folders)
08-08 17:39:48.599 I/ReactNativeJS( 7127):        #33  Going Postal (Unabridged)                               possible folder:name-corroborated(10/39) num:folder split:number-collision(49% dupes -> 2 folders)
08-08 17:39:48.599 I/ReactNativeJS( 7127):        #34  Thud!: Discworld, Book 34                               certain  alb.book-suffix folder:name-corroborated split:number-collision(49% dupes -> 2 folders)
08-08 17:39:48.599 I/ReactNativeJS( 7127):        #35  Wintersmith: Discworld, Book 35                         certain  alb.book-suffix folder:name-corroborated split:number-collision(49% dupes -> 2 folders)
08-08 17:39:48.599 I/ReactNativeJS( 7127):        #36  Making Money (Unabridged)                               possible folder:name-corroborated(10/39) num:folder split:number-collision(49% dupes -> 2 folders)
08-08 17:39:48.599 I/ReactNativeJS( 7127):        #37  Unseen Academicals: Discworld Book, 37                  possible folder:name-corroborated(10/39) num:folder split:number-collision(49% dupes -> 2 folders)
08-08 17:39:48.599 I/ReactNativeJS( 7127):        #38  I Shall Wear Midnight (Unabridged)                      possible folder:name-corroborated(10/39) num:folder split:number-collision(49% dupes -> 2 folders)
08-08 17:39:48.599 I/ReactNativeJS( 7127):        #39  Snuff: Discworld, Book 39                               certain  alb.book-suffix folder:name-corroborated split:number-collision(49% dupes -> 2 folders)
08-08 17:39:48.599 I/ReactNativeJS( 7127):        #40  Raising Steam (Unabridged)                              possible folder:name-corroborated(10/39) num:folder split:number-collision(49% dupes -> 2 folders)
08-08 17:39:48.599 I/ReactNativeJS( 7127):        #41  The Shepherd's Crown (Unabridged)                       possible folder:name-corroborated(10/39) num:folder split:number-collision(49% dupes -> 2 folders)
08-08 17:39:48.600 I/ReactNativeJS( 7127): [series] "Dresden Files"  22 books  (existing)
08-08 17:39:48.600 I/ReactNativeJS( 7127):         #1  Storm Front: The Dresden Files, Book 1 (Unabridged)     certain  tag.extra.SERIES alb.book-suffix folder:name-corroborated
08-08 17:39:48.600 I/ReactNativeJS( 7127):         #2  Fool Moon: The Dresden Files, Book 2 (Unabridged)       certain  tag.extra.SERIES alb.book-suffix folder:name-corroborated
08-08 17:39:48.600 I/ReactNativeJS( 7127):         #3  Grave Peril: The Dresden Files, Book 3 (Unabridged)     certain  tag.extra.SERIES alb.book-suffix folder:name-corroborated
08-08 17:39:48.600 I/ReactNativeJS( 7127):         #4  Summer Knight: The Dresden Files, Book 4 (Unabridged)   certain  tag.extra.SERIES alb.book-suffix folder:name-corroborated
08-08 17:39:48.600 I/ReactNativeJS( 7127):         #5  Death Masks: The Dresden Files, Book 5 (Unabridged)     certain  tag.extra.SERIES alb.book-suffix folder:name-corroborated
08-08 17:39:48.600 I/ReactNativeJS( 7127):         #6  Blood Rites: The Dresden Files, Book 6 (Unabridged)     certain  tag.extra.SERIES alb.book-suffix folder:name-corroborated
08-08 17:39:48.600 I/ReactNativeJS( 7127):         #7  Dead Beat: The Dresden Files, Book 7 (Unabridged)       certain  tag.extra.SERIES alb.book-suffix folder:name-corroborated
08-08 17:39:48.600 I/ReactNativeJS( 7127):         #8  Proven Guilty: The Dresden Files, Book 8 (Unabridged)   certain  tag.extra.SERIES alb.book-suffix folder:name-corroborated
08-08 17:39:48.600 I/ReactNativeJS( 7127):         #9  White Night: The Dresden Files, Book 9 (Unabridged)     certain  tag.extra.SERIES alb.book-suffix folder:name-corroborated
08-08 17:39:48.600 I/ReactNativeJS( 7127):        #10  The Dresden Files #10: Small Favor                      certain  tag.Grouping alb.hash-colon folder:name-corroborated
08-08 17:39:48.600 I/ReactNativeJS( 7127):        #11  The Dresden Files #11: Turn Coat                        certain  tag.Grouping alb.hash-colon folder:name-corroborated
08-08 17:39:48.600 I/ReactNativeJS( 7127):        #12  The Dresden Files #12: Changes                          certain  tag.Grouping alb.hash-colon folder:name-corroborated
08-08 17:39:48.600 I/ReactNativeJS( 7127):      #12.5  The Dresden Files #12.5: Side Jobs                      certain  tag.Grouping alb.hash-colon folder:name-corroborated
08-08 17:39:48.600 I/ReactNativeJS( 7127):        #13  The Dresden Files #13: Ghost Story                      certain  tag.Grouping alb.hash-colon folder:name-corroborated
08-08 17:39:48.600 I/ReactNativeJS( 7127):        #14  The Dresden Files #14: Cold Days                        certain  tag.Grouping alb.hash-colon folder:name-corroborated
08-08 17:39:48.600 I/ReactNativeJS( 7127):        #15  The Dresden Files #15: Skin Game                        certain  tag.Grouping alb.hash-colon folder:name-corroborated
08-08 17:39:48.600 I/ReactNativeJS( 7127):      #15.5  Brief Cases (Unabridged)                                certain  tag.extra.SERIES folder:name-corroborated
08-08 17:39:48.600 I/ReactNativeJS( 7127):        #16  Peace Talks (Unabridged)                                certain  tag.extra.SERIES folder:name-corroborated
08-08 17:39:48.600 I/ReactNativeJS( 7127):        #17  Battle Ground (Unabridged)                              certain  tag.extra.SERIES folder:name-corroborated
08-08 17:39:48.600 I/ReactNativeJS( 7127):      #17.5  The Law                                                 certain  tag.extra.SERIES folder:name-corroborated
08-08 17:39:48.600 I/ReactNativeJS( 7127):        #18  Twelve Months (Unabridged)                              certain  tag.extra.SERIES folder:name-corroborated
08-08 17:39:48.600 I/ReactNativeJS( 7127):          —  Heroic Hearts (Unabridged)                              possible folder:name-corroborated(21/22)
08-08 17:39:48.608 I/ReactNativeJS( 7127): [series] "Demon Accords"  17 books  (existing)
08-08 17:39:48.608 I/ReactNativeJS( 7127):         #1  Book 01 - God Touched - Demon Accords Series            certain  alb.book-dash-series folder:name-corroborated
08-08 17:39:48.608 I/ReactNativeJS( 7127):         #1  Volume 01 - The Demon Accords Compendium                possible folder:name-corroborated(14/17)
08-08 17:39:48.608 I/ReactNativeJS( 7127):         #2  Book 02 - Demon Driven - Demon Accords Series           certain  alb.book-dash-series folder:name-corroborated
08-08 17:39:48.608 I/ReactNativeJS( 7127):         #2  Volume 02 - The Demon Accords Compendium                possible folder:name-corroborated(14/17)
08-08 17:39:48.608 I/ReactNativeJS( 7127):         #3  Book 03 - Brutal Asset - Demon Accords Series           certain  alb.book-dash-series folder:name-corroborated
08-08 17:39:48.608 I/ReactNativeJS( 7127):         #3  Volume 3 - The Demon Accords Compendium                 possible folder:name-corroborated(14/17)
08-08 17:39:48.608 I/ReactNativeJS( 7127):       #3.5  Book 03.5 - Black Frost - Demon Accords Series          certain  alb.book-dash-series folder:name-corroborated
08-08 17:39:48.608 I/ReactNativeJS( 7127):         #4  Book 04 - Duel Nature - Demon Accords Series            certain  alb.book-dash-series folder:name-corroborated
08-08 17:39:48.608 I/ReactNativeJS( 7127):         #5  Book 05 - Fallen Stars - Demon Accords Series           certain  alb.book-dash-series folder:name-corroborated
08-08 17:39:48.608 I/ReactNativeJS( 7127):         #6  Book 06 - Executable - Demon Accords Series             certain  alb.book-dash-series folder:name-corroborated
08-08 17:39:48.608 I/ReactNativeJS( 7127):         #7  Book 07 - Forced Ascent - Demon Accords Series          certain  alb.book-dash-series folder:name-corroborated
08-08 17:39:48.608 I/ReactNativeJS( 7127):         #8  Book 08 Part 1 - College Arcane - Demon Accords Series  certain  alb.book-dash-series folder:name-corroborated
08-08 17:39:48.608 I/ReactNativeJS( 7127):         #8  Book 08 Part 2 - College Arcane - Demon Accords Series  certain  alb.book-dash-series folder:name-corroborated
08-08 17:39:48.608 I/ReactNativeJS( 7127):         #9  Book 09 - God Hammer - Demon Accords Series             certain  alb.book-dash-series folder:name-corroborated
08-08 17:39:48.608 I/ReactNativeJS( 7127):        #10  Book 10 - Rogues - Demon Accords Series                 certain  alb.book-dash-series folder:name-corroborated
08-08 17:39:48.608 I/ReactNativeJS( 7127):        #11  Book 11 - Snake Eyes - Demon Accords Series             certain  alb.book-dash-series folder:name-corroborated
08-08 17:39:48.608 I/ReactNativeJS( 7127):        #12  Book 12 - Winterfall - Demon Accords Series             certain  alb.book-dash-series folder:name-corroborated
08-08 17:39:48.610 I/ReactNativeJS( 7127): [series] "Dungeon Crawler Carl"  8 books  (existing)
08-08 17:39:48.610 I/ReactNativeJS( 7127):         #1  Dungeon Crawler Carl (Unabridged)                       certain  tag.extra.SERIES folder:name-corroborated
08-08 17:39:48.610 I/ReactNativeJS( 7127):         #2  Carl's Doomsday Scenario: Dungeon Crawler Carl, Book 2  certain  alb.book-suffix folder:name-corroborated
08-08 17:39:48.610 I/ReactNativeJS( 7127):         #3  The Dungeon Anarchist's Cookbook: Dungeon Crawler Carl  certain  alb.book-suffix folder:name-corroborated
08-08 17:39:48.610 I/ReactNativeJS( 7127):         #4  The Gate of the Feral Gods: Dungeon Crawler Carl, Book  certain  alb.book-suffix folder:name-corroborated
08-08 17:39:48.610 I/ReactNativeJS( 7127):         #5  The Butcher's Masquerade: Dungeon Crawler Carl, Book 5  certain  alb.book-suffix folder:name-corroborated
08-08 17:39:48.610 I/ReactNativeJS( 7127):         #6  The Eye of the Bedlam Bride: Dungeon Crawler Carl, Boo  certain  alb.book-suffix folder:name-corroborated
08-08 17:39:48.610 I/ReactNativeJS( 7127):         #7  This Inevitable Ruin                                    certain  tag.extra.SERIES folder:name-corroborated
08-08 17:39:48.610 I/ReactNativeJS( 7127):          —  A Parade of Horribles                                   possible folder:name-corroborated(7/8)
08-08 17:39:48.611 I/ReactNativeJS( 7127): [series] "The Dark Tower"  8 books  (existing)
08-08 17:39:48.611 I/ReactNativeJS( 7127):         #1  The Dark Tower I: The Gunslinger                        certain  alb.roman folder:name-corroborated
08-08 17:39:48.611 I/ReactNativeJS( 7127):         #2  The Dark Tower II: The Drawing Of The Three             certain  alb.roman folder:name-corroborated
08-08 17:39:48.611 I/ReactNativeJS( 7127):         #4  The Dark Tower IV: Wizard & Glass                       certain  alb.roman folder:name-corroborated
08-08 17:39:48.611 I/ReactNativeJS( 7127):         #5  The Dark Tower V: Wolves Of The Calla                   certain  alb.roman folder:name-corroborated
08-08 17:39:48.611 I/ReactNativeJS( 7127):         #6  The Dark Tower VI: Song Of Susannah                     certain  alb.roman folder:name-corroborated
08-08 17:39:48.611 I/ReactNativeJS( 7127):         #7  The Dark Tower VII: The Dark Tower                      certain  alb.roman folder:name-corroborated
08-08 17:39:48.611 I/ReactNativeJS( 7127):          —  1991 - The Waste Lands (DT3 - read by Frank Muller)     possible folder:name-corroborated(6/8)
08-08 17:39:48.611 I/ReactNativeJS( 7127):          —  LEGENDS - Stories by The Masters of Fantasy             possible folder:name-corroborated(6/8)
08-08 17:39:48.613 I/ReactNativeJS( 7127): [series] "The First Law"  7 books  (existing)
08-08 17:39:48.613 I/ReactNativeJS( 7127):         #1  01 - The Blade Itself                                   guess    folder:number-corroborated(7/7)
08-08 17:39:48.613 I/ReactNativeJS( 7127):         #2  02 - Before They Are Hanged                             guess    folder:number-corroborated(7/7)
08-08 17:39:48.613 I/ReactNativeJS( 7127):         #3  03 - Last Argument of Kings                             guess    folder:number-corroborated(7/7)
08-08 17:39:48.613 I/ReactNativeJS( 7127):         #4  04 - Best Served Cold                                   guess    folder:number-corroborated(7/7)
08-08 17:39:48.613 I/ReactNativeJS( 7127):         #5  05 - The Heroes                                         guess    folder:number-corroborated(7/7)
08-08 17:39:48.613 I/ReactNativeJS( 7127):         #6  06 - Red Country                                        guess    folder:number-corroborated(7/7)
08-08 17:39:48.613 I/ReactNativeJS( 7127):         #7  07 - Sharp Ends: Stories from the World of the First L  guess    folder:number-corroborated(7/7)
08-08 17:39:48.614 I/ReactNativeJS( 7127): [series] "Mistborn"  6 books  (existing)
08-08 17:39:48.614 I/ReactNativeJS( 7127):         #1  Mistborn 1 (Michael Kramer)                             likely   alb.name-num-sp
08-08 17:39:48.614 I/ReactNativeJS( 7127):         #2  Mistborn 2 (Michael Kramer)                             likely   alb.name-num-sp
08-08 17:39:48.614 I/ReactNativeJS( 7127):         #3  Mistborn 3 (Michael Kramer)                             likely   alb.name-num-sp
08-08 17:39:48.614 I/ReactNativeJS( 7127):         #4  Mistborn 4 (Michael Kramer)                             likely   alb.name-num-sp
08-08 17:39:48.614 I/ReactNativeJS( 7127):         #5  Mistborn 5 (Michael Kramer)                             likely   alb.name-num-sp
08-08 17:39:48.614 I/ReactNativeJS( 7127):         #6  Mistborn 6 (Michael Kramer)                             likely   alb.name-num-sp
08-08 17:39:48.615 I/ReactNativeJS( 7127): [series] "Shadow Saga"  6 books  (existing)
08-08 17:39:48.615 I/ReactNativeJS( 7127):         #1  Shadow 1 - Ender's Shadow                               certain  alb.name-num-dash folder:name-corroborated
08-08 17:39:48.615 I/ReactNativeJS( 7127):         #3  Shadow 3 - Shadow Puppets                               certain  alb.name-num-dash folder:name-corroborated
08-08 17:39:48.615 I/ReactNativeJS( 7127):         #6  Shadow of the Hegemon                                   possible folder:name-corroborated(2/6) num:folder
08-08 17:39:48.615 I/ReactNativeJS( 7127):         #8  008 - Shadow of the Giant                               possible folder:name-corroborated(2/6)
08-08 17:39:48.615 I/ReactNativeJS( 7127):         #9  Shadows in Flight                                       possible folder:name-corroborated(2/6) num:folder
08-08 17:39:48.615 I/ReactNativeJS( 7127):        #10  The Last Shadow: Other Tales from the Ender Universe    possible folder:name-corroborated(2/6) num:folder
08-08 17:39:48.617 I/ReactNativeJS( 7127): [series] "Bobiverse"  5 books  (existing)
08-08 17:39:48.617 I/ReactNativeJS( 7127):         #1  Bobiverse 01 We Are Legion (We Are Bob)                 certain  alb.name-num-sp folder:name-corroborated
08-08 17:39:48.617 I/ReactNativeJS( 7127):         #2  Bobiverse 02 For We Are Many                            certain  alb.name-num-sp folder:name-corroborated
08-08 17:39:48.617 I/ReactNativeJS( 7127):         #3  Bobiverse 03 All These Worlds                           certain  alb.name-num-sp folder:name-corroborated
08-08 17:39:48.617 I/ReactNativeJS( 7127):         #4  Bobiverse 04 Heaven's River                             certain  alb.name-num-sp folder:name-corroborated
08-08 17:39:48.617 I/ReactNativeJS( 7127):         #5  Bobiverse 05 Not Till We Are Lost                       certain  alb.name-num-sp folder:name-corroborated
08-08 17:39:48.618 I/ReactNativeJS( 7127): [series] "Long Earth"  5 books  (existing)
08-08 17:39:48.618 I/ReactNativeJS( 7127):         #1  (Long Earth 01) The Long Earth                          certain  alb.paren-pre folder:name-corroborated
08-08 17:39:48.618 I/ReactNativeJS( 7127):         #2  (Long Earth 02) The Long War                            certain  alb.paren-pre folder:name-corroborated
08-08 17:39:48.618 I/ReactNativeJS( 7127):         #3  (Long Earth 03) The Long Mars                           certain  alb.paren-pre folder:name-corroborated
08-08 17:39:48.618 I/ReactNativeJS( 7127):         #4  (Long Earth 04) The Long Utopia                         certain  alb.paren-pre folder:name-corroborated
08-08 17:39:48.618 I/ReactNativeJS( 7127):         #5  (Long Earth 05) The Long Cosmos                         certain  alb.paren-pre folder:name-corroborated
08-08 17:39:48.619 I/ReactNativeJS( 7127): [series] "Lockwood and Co."  4 books  (existing)
08-08 17:39:48.619 I/ReactNativeJS( 7127):         #1  Lockwood and Co Book 1 - The Screaming Staircase        certain  alb.series-book-n folder:name-corroborated
08-08 17:39:48.619 I/ReactNativeJS( 7127):         #2  Lockwood and Co Book 2 - The Whispering Skull           certain  alb.series-book-n folder:name-corroborated
08-08 17:39:48.619 I/ReactNativeJS( 7127):         #3  Lockwood and Co Book 3 - The Hollow Boy                 certain  alb.series-book-n folder:name-corroborated
08-08 17:39:48.619 I/ReactNativeJS( 7127):         #5  Lockwood & Co: The Empty Grave (Unabridged)             possible folder:name-corroborated(3/5) num:folder
08-08 17:39:48.621 I/ReactNativeJS( 7127): [series] "Memory, Sorrow & Thorn"  4 books  (existing)
08-08 17:39:48.621 I/ReactNativeJS( 7127):         #1  01 The Dragonbone Chair                                 guess    folder:number-corroborated(4/4)
08-08 17:39:48.621 I/ReactNativeJS( 7127):         #2  02 The Stone of Farewell                                guess    folder:number-corroborated(4/4)
08-08 17:39:48.621 I/ReactNativeJS( 7127):         #3  03 To Green Angel Tower - Siege                         guess    folder:number-corroborated(4/4)
08-08 17:39:48.621 I/ReactNativeJS( 7127):         #4  04 To Green Angel Tower - Storm                         guess    folder:number-corroborated(4/4)
08-08 17:39:48.622 I/ReactNativeJS( 7127): [series] "The Murderbot Diaries"  4 books  (existing)
08-08 17:39:48.622 I/ReactNativeJS( 7127):         #3  Rogue Protocol: The Murderbot Diaries, Book 3           likely   alb.book-suffix
08-08 17:39:48.622 I/ReactNativeJS( 7127):         #5  Network Effect                                          certain  tag.extra.SERIES
08-08 17:39:48.622 I/ReactNativeJS( 7127):         #6  The Murderbot Diaries 6: Fugitive Telemetry             likely   alb.name-num-dash
08-08 17:39:48.622 I/ReactNativeJS( 7127):         #7  Martha Wells - The Murderbot Diaries 07 - System Colla  likely   alb.name-num-dash
08-08 17:39:48.623 I/ReactNativeJS( 7127): [series] "Bromeliad"  3 books  (existing)
08-08 17:39:48.623 I/ReactNativeJS( 7127):         #1  Bromeliad 01 - Truckers                                 certain  alb.name-num-dash folder:name-corroborated
08-08 17:39:48.623 I/ReactNativeJS( 7127):         #2  Bromeliad 02 - Diggers                                  certain  alb.name-num-dash folder:name-corroborated
08-08 17:39:48.623 I/ReactNativeJS( 7127):         #3  Bromeliad 03 - Wings                                    certain  alb.name-num-dash folder:name-corroborated
08-08 17:39:48.625 I/ReactNativeJS( 7127): [series] "Crouch, B"  3 books  (existing)
08-08 17:39:48.625 I/ReactNativeJS( 7127):         #1  Crouch, B: 1 Pines                                      likely   alb.name-num-sp
08-08 17:39:48.625 I/ReactNativeJS( 7127):         #2  Crouch, B: 2 Wayward                                    likely   alb.name-num-sp
08-08 17:39:48.625 I/ReactNativeJS( 7127):         #3  Crouch, B: 3 The Last Town                              likely   alb.name-num-sp
08-08 17:39:48.626 I/ReactNativeJS( 7127): [series] "Lord of the Rings"  3 books  (existing)
08-08 17:39:48.626 I/ReactNativeJS( 7127):         #1  The Fellowship of the Ring: Lord of the Rings, Book 1   likely   alb.book-suffix
08-08 17:39:48.626 I/ReactNativeJS( 7127):         #2  The Two Towers: Lord of the Rings, Book 2               likely   alb.book-suffix
08-08 17:39:48.626 I/ReactNativeJS( 7127):         #3  The Return of the King: Lord of the Rings, Book 3       likely   alb.book-suffix
08-08 17:39:48.628 I/ReactNativeJS( 7127): [series] "The Age of Madness"  3 books  (existing)
08-08 17:39:48.628 I/ReactNativeJS( 7127):         #1  01 - A Little Hatred                                    guess    folder:number-corroborated(3/3)
08-08 17:39:48.628 I/ReactNativeJS( 7127):         #2  02 - The Trouble with Peace                             guess    folder:number-corroborated(3/3)
08-08 17:39:48.628 I/ReactNativeJS( 7127):         #3  03 - The Wisdom of Crowds                               guess    folder:number-corroborated(3/3)
08-08 17:39:48.630 I/ReactNativeJS( 7127): [series] "The Silo Saga"  3 books  (existing)
08-08 17:39:48.630 I/ReactNativeJS( 7127):         #1  Wool: The Silo Saga, Book 1                             certain  tag.Grouping alb.book-suffix folder:name-corroborated
08-08 17:39:48.630 I/ReactNativeJS( 7127):         #2  Shift: The Silo Saga, Book 2                            certain  alb.book-suffix folder:name-corroborated
08-08 17:39:48.630 I/ReactNativeJS( 7127):         #3  Dust: The Silo Saga, Book 3                             certain  alb.book-suffix folder:name-corroborated
08-08 17:39:48.631 I/ReactNativeJS( 7127): [series] "TMC"  3 books  (existing)
08-08 17:39:48.631 I/ReactNativeJS( 7127):         #1  TMC 01 Thursday Murder Club                             likely   alb.name-num-sp
08-08 17:39:48.631 I/ReactNativeJS( 7127):         #2  TMC 02 The Man Who Died Twice                           likely   alb.name-num-sp
08-08 17:39:48.631 I/ReactNativeJS( 7127):         #3  TMC 03 The Bullet That Missed                           likely   alb.name-num-sp
08-08 17:39:48.633 I/ReactNativeJS( 7127): [series] "Cerulean Chronicles"  2 books  (existing)
08-08 17:39:48.633 I/ReactNativeJS( 7127):         #1  Cerulean Chronicles 01 - The House in the Cerulean Sea  certain  tag.extra.SERIES alb.name-num-dash
08-08 17:39:48.633 I/ReactNativeJS( 7127):         #2  Cerulean Chronicles 02 - Somewhere Beyond the Sea       certain  tag.extra.SERIES alb.name-num-dash
08-08 17:39:48.634 I/ReactNativeJS( 7127): [series] "Kingkiller Chronicle"  2 books  (existing)
08-08 17:39:48.634 I/ReactNativeJS( 7127):         #1  Kingkiller Chronicle 01 The Name of the Wind            likely   alb.name-num-sp
08-08 17:39:48.634 I/ReactNativeJS( 7127):         #2  Kingkiller Chronicle 02 The Wise Man's Fear             likely   alb.name-num-sp
08-08 17:39:48.636 I/ReactNativeJS( 7127): [series] "Red Rising"  2 books  (existing)
08-08 17:39:48.636 I/ReactNativeJS( 7127):         #5  Red Rising, Book 5 - Dark Age                           likely   alb.series-book-n
08-08 17:39:48.636 I/ReactNativeJS( 7127):         #6  Light Bringer: Red Rising, Book 6                       likely   alb.book-suffix
08-08 17:39:48.637 I/ReactNativeJS( 7127): [series] detection (conservative): 351 units → 23 series, 200 books placed · created 0 (0 rows) · inserted 0 · removed 0 · skipped 0 · 119ms
08-08 17:39:48.647 I/ReactNativeJS( 7127): [scan] 1679ms total · 3461 files, 0 new (nothing rescanned) — enumerate 1122ms · existing-urls 181ms · process 8ms · cleanup 99ms · detect 163ms
08-08 17:42:51.662 W/ReactNativeJS( 7127): [series] 0 books sit under no configured root and 1 have no first chapter — all dropped before detection, out of 352
08-08 17:42:51.809 I/ReactNativeJS( 7127): [series] "Discworld"  41 books  (existing)
08-08 17:42:51.809 I/ReactNativeJS( 7127):         #1  Discworld 01 - The Colour of Magic                      certain  alb.name-num-dash folder:name-corroborated split:number-collision(49% dupes -> 2 folders)
08-08 17:42:51.809 I/ReactNativeJS( 7127):         #2  Discworld 02 - The Light Fantastic                      certain  alb.name-num-dash folder:name-corroborated split:number-collision(49% dupes -> 2 folders)
08-08 17:42:51.809 I/ReactNativeJS( 7127):         #3  Discworld 03 - Equal Rites                              certain  alb.name-num-dash folder:name-corroborated split:number-collision(49% dupes -> 2 folders)
08-08 17:42:51.809 I/ReactNativeJS( 7127):         #4  Discworld 04 - Mort                                     certain  alb.name-num-dash folder:name-corroborated split:number-collision(49% dupes -> 2 folders)
08-08 17:42:51.809 I/ReactNativeJS( 7127):         #5  Discworld 05 - Sourcery                                 certain  alb.name-num-dash folder:name-corroborated split:number-collision(49% dupes -> 2 folders)
08-08 17:42:51.809 I/ReactNativeJS( 7127):         #6  Discworld 06 -  Wyrd Sisters                            certain  alb.name-num-dash folder:name-corroborated split:number-collision(49% dupes -> 2 folders)
08-08 17:42:51.809 I/ReactNativeJS( 7127):         #7  Discworld 07 - Pyramids                                 certain  alb.name-num-dash folder:name-corroborated split:number-collision(49% dupes -> 2 folders)
08-08 17:42:51.809 I/ReactNativeJS( 7127):         #8  Discworld 08 - Guards! Guards!                          certain  alb.name-num-dash folder:name-corroborated split:number-collision(49% dupes -> 2 folders)
08-08 17:42:51.809 I/ReactNativeJS( 7127):         #9  Discworld 09 - Eric                                     certain  alb.name-num-dash folder:name-corroborated split:number-collision(49% dupes -> 2 folders)
08-08 17:42:51.809 I/ReactNativeJS( 7127):        #10  Discworld 10 - Moving Pictures                          certain  alb.name-num-dash folder:name-corroborated split:number-collision(49% dupes -> 2 folders)
08-08 17:42:51.809 I/ReactNativeJS( 7127):        #11  Discworld 11 - Reaper Man                               certain  alb.name-num-dash folder:name-corroborated split:number-collision(49% dupes -> 2 folders)
08-08 17:42:51.809 I/ReactNativeJS( 7127):        #12  Discworld 12 - Witches Abroad                           certain  alb.name-num-dash folder:name-corroborated split:number-collision(49% dupes -> 2 folders)
08-08 17:42:51.809 I/ReactNativeJS( 7127):        #13  Discworld 13 - Small Gods                               certain  tag.Grouping+bare-num alb.name-num-dash folder:name-corroborated split:number-collision(49% dupes -> 2 folders)
08-08 17:42:51.809 I/ReactNativeJS( 7127):        #14  Discworld 14 - Lords and Ladies                         certain  alb.name-num-dash folder:name-corroborated split:number-collision(49% dupes -> 2 folders)
08-08 17:42:51.809 I/ReactNativeJS( 7127):        #15  Discworld 15 - Men At Arms                              certain  alb.name-num-dash folder:name-corroborated split:number-collision(49% dupes -> 2 folders)
08-08 17:42:51.809 I/ReactNativeJS( 7127):        #16  Discworld 16 - Soul Music                               certain  alb.name-num-dash folder:name-corroborated split:number-collision(49% dupes -> 2 folders)
08-08 17:42:51.809 I/ReactNativeJS( 7127):        #17  Discworld 17 - Interesting Times                        certain  alb.name-num-dash folder:name-corroborated split:number-collision(49% dupes -> 2 folders)
08-08 17:42:51.809 I/ReactNativeJS( 7127):        #18  Discworld 18 - Maskerade                                certain  alb.name-num-dash folder:name-corroborated split:number-collision(49% dupes -> 2 folders)
08-08 17:42:51.809 I/ReactNativeJS( 7127):        #19  Discworld 19 - Feet of Clay                             certain  alb.name-num-dash folder:name-corroborated split:number-collision(49% dupes -> 2 folders)
08-08 17:42:51.809 I/ReactNativeJS( 7127):        #20  Discworld 20 - Hogfather                                certain  alb.name-num-dash folder:name-corroborated split:number-collision(49% dupes -> 2 folders)
08-08 17:42:51.809 I/ReactNativeJS( 7127):        #21  Discworld 21 - Jingo                                    certain  alb.name-num-dash folder:name-corroborated split:number-collision(49% dupes -> 2 folders)
08-08 17:42:51.809 I/ReactNativeJS( 7127):        #22  Discworld 22 - The Last Continent                       certain  alb.name-num-dash folder:name-corroborated split:number-collision(49% dupes -> 2 folders)
08-08 17:42:51.809 I/ReactNativeJS( 7127):        #23  Discworld 23 - Carpe Jugulum                            certain  alb.name-num-dash folder:name-corroborated split:number-collision(49% dupes -> 2 folders)
08-08 17:42:51.809 I/ReactNativeJS( 7127):        #24  Discworld 24 - The Fifth Elephant                       certain  alb.name-num-dash folder:name-corroborated split:number-collision(49% dupes -> 2 folders)
08-08 17:42:51.809 I/ReactNativeJS( 7127):        #25  Discworld 25 - The Truth                                certain  alb.name-num-dash folder:name-corroborated split:number-collision(49% dupes -> 2 folders)
08-08 17:42:51.809 I/ReactNativeJS( 7127):        #26  Discworld 26 - Thief of Time                            certain  alb.name-num-dash folder:name-corroborated split:number-collision(49% dupes -> 2 folders)
08-08 17:42:51.809 I/ReactNativeJS( 7127):        #27  Discworld 27 - The Last Hero                            certain  alb.name-num-dash folder:name-corroborated split:number-collision(49% dupes -> 2 folders)
08-08 17:42:51.809 I/ReactNativeJS( 7127):        #28  Discworld 28 - The Amazing Maurice and His Educated Ro  certain  alb.name-num-dash folder:name-corroborated split:number-collision(49% dupes -> 2 folders)
08-08 17:42:51.809 I/ReactNativeJS( 7127):        #29  Discworld 29 - Night Watch                              certain  alb.name-num-dash folder:name-corroborated split:number-collision(49% dupes -> 2 folders)
08-08 17:42:51.809 I/ReactNativeJS( 7127):        #30  Discworld 30 - The Wee Free Men                         certain  alb.name-num-dash folder:name-corroborated split:number-collision(49% dupes -> 2 folders)
08-08 17:42:51.809 I/ReactNativeJS( 7127):        #31  Discworld 31 - Monstrous Regiment                       certain  alb.name-num-dash folder:name-corroborated split:number-collision(49% dupes -> 2 folders)
08-08 17:42:51.809 I/ReactNativeJS( 7127):        #32  Discworld 32 - A Hat Full of Sky                        certain  alb.name-num-dash folder:name-corroborated split:number-collision(49% dupes -> 2 folders)
08-08 17:42:51.809 I/ReactNativeJS( 7127):        #33  Discworld 33 - Going Postal                             certain  alb.name-num-dash folder:name-corroborated split:number-collision(49% dupes -> 2 folders)
08-08 17:42:51.809 I/ReactNativeJS( 7127):        #34  Discworld 34 - Thud!                                    certain  alb.name-num-dash folder:name-corroborated split:number-collision(49% dupes -> 2 folders)
08-08 17:42:51.809 I/ReactNativeJS( 7127):        #35  Discworld 35 - Wintersmith                              certain  alb.name-num-dash folder:name-corroborated split:number-collision(49% dupes -> 2 folders)
08-08 17:42:51.809 I/ReactNativeJS( 7127):        #36  Discworld 36 - Making Money                             certain  alb.name-num-dash folder:name-corroborated split:number-collision(49% dupes -> 2 folders)
08-08 17:42:51.809 I/ReactNativeJS( 7127):        #37  Discworld 37 - Unseen Academicals                       certain  tag.Grouping+bare-num alb.name-num-dash folder:name-corroborated split:number-collision(49% dupes -> 2 folders)
08-08 17:42:51.809 I/ReactNativeJS( 7127):        #38  DW38-I Shall Wear Midnight                              possible folder:name-corroborated(37/41) num:folder split:number-collision(49% dupes -> 2 folders)
08-08 17:42:51.809 I/ReactNativeJS( 7127):        #39  Snuff                                                   possible folder:name-corroborated(37/41) num:folder split:number-collision(49% dupes -> 2 folders)
08-08 17:42:51.809 I/ReactNativeJS( 7127):        #40  Raising Steam                                           possible folder:name-corroborated(37/41) num:folder split:number-collision(49% dupes -> 2 folders)
08-08 17:42:51.809 I/ReactNativeJS( 7127):        #41  The Shepherd's Crown                                    possible folder:name-corroborated(37/41) num:folder split:number-collision(49% dupes -> 2 folders)
08-08 17:42:51.811 I/ReactNativeJS( 7127): [series] "Discworld (2022)"  39 books  (existing)
08-08 17:42:51.811 I/ReactNativeJS( 7127):         #1  The Colour of Magic                                     possible folder:name-corroborated(10/39) num:folder split:number-collision(49% dupes -> 2 folders)
08-08 17:42:51.811 I/ReactNativeJS( 7127):         #2  The Light Fantastic                                     possible folder:name-corroborated(10/39) num:folder split:number-collision(49% dupes -> 2 folders)
08-08 17:42:51.811 I/ReactNativeJS( 7127):         #3  Equal Rites                                             possible folder:name-corroborated(10/39) num:folder split:number-collision(49% dupes -> 2 folders)
08-08 17:42:51.811 I/ReactNativeJS( 7127):         #4  Mort (#4)                                               possible folder:name-corroborated(10/39) split:number-collision(49% dupes -> 2 folders)
08-08 17:42:51.811 I/ReactNativeJS( 7127):         #5  Sourcery (#5)                                           possible folder:name-corroborated(10/39) split:number-collision(49% dupes -> 2 folders)
08-08 17:42:51.811 I/ReactNativeJS( 7127):         #7  Pyramids: Discworld, Book 7                             certain  alb.book-suffix folder:name-corroborated split:number-collision(49% dupes -> 2 folders)
08-08 17:42:51.811 I/ReactNativeJS( 7127):         #8  Guards! Guards! (Unabridged)                            possible folder:name-corroborated(10/39) num:folder split:number-collision(49% dupes -> 2 folders)
08-08 17:42:51.811 I/ReactNativeJS( 7127):         #9  (#9) Eric                                               possible folder:name-corroborated(10/39) split:number-collision(49% dupes -> 2 folders)
08-08 17:42:51.811 I/ReactNativeJS( 7127):        #10  Moving Pictures: Discworld, Book 10                     certain  alb.book-suffix folder:name-corroborated split:number-collision(49% dupes -> 2 folders)
08-08 17:42:51.811 I/ReactNativeJS( 7127):        #11  (#11) Reaper Man                                        possible folder:name-corroborated(10/39) split:number-collision(49% dupes -> 2 folders)
08-08 17:42:51.811 I/ReactNativeJS( 7127):        #12  Witches Abroad                                          possible folder:name-corroborated(10/39) num:folder split:number-collision(49% dupes -> 2 folders)
08-08 17:42:51.811 I/ReactNativeJS( 7127):        #13  Small Gods (#13)                                        possible folder:name-corroborated(10/39) split:number-collision(49% dupes -> 2 folders)
08-08 17:42:51.811 I/ReactNativeJS( 7127):        #14  Lords and Ladies                                        possible folder:name-corroborated(10/39) num:folder split:number-collision(49% dupes -> 2 folders)
08-08 17:42:51.811 I/ReactNativeJS( 7127):        #15  Men at Arms (Unabridged)                                possible folder:name-corroborated(10/39) num:folder split:number-collision(49% dupes -> 2 folders)
08-08 17:42:51.811 I/ReactNativeJS( 7127):        #16  (#16) Soul Music                                        possible folder:name-corroborated(10/39) split:number-collision(49% dupes -> 2 folders)
08-08 17:42:51.811 I/ReactNativeJS( 7127):        #17  (#17) Interesting Times                                 possible folder:name-corroborated(10/39) split:number-collision(49% dupes -> 2 folders)
08-08 17:42:51.811 I/ReactNativeJS( 7127):        #18  Maskerade                                               possible folder:name-corroborated(10/39) num:folder split:number-collision(49% dupes -> 2 folders)
08-08 17:42:51.811 I/ReactNativeJS( 7127):        #19  Feet of Clay (Unabridged)                               possible folder:name-corroborated(10/39) num:folder split:number-collision(49% dupes -> 2 folders)
08-08 17:42:51.811 I/ReactNativeJS( 7127):        #20  Hogfather: Discworld, Book 20                           certain  alb.book-suffix folder:name-corroborated split:number-collision(49% dupes -> 2 folders)
08-08 17:42:51.811 I/ReactNativeJS( 7127):        #21  Jingo (Unabridged)                                      possible folder:name-corroborated(10/39) num:folder split:number-collision(49% dupes -> 2 folders)
08-08 17:42:51.811 I/ReactNativeJS( 7127):        #22  The Last Continent: Discworld, Book 22                  certain  alb.book-suffix folder:name-corroborated split:number-collision(49% dupes -> 2 folders)
08-08 17:42:51.811 I/ReactNativeJS( 7127):        #23  Carpe Jugulum                                           possible folder:name-corroborated(10/39) num:folder split:number-collision(49% dupes -> 2 folders)
08-08 17:42:51.811 I/ReactNativeJS( 7127):        #24  The Fifth Elephant (Unabridged)                         possible folder:name-corroborated(10/39) num:folder split:number-collision(49% dupes -> 2 folders)
08-08 17:42:51.811 I/ReactNativeJS( 7127):        #25  The Truth (Unabridged)                                  possible folder:name-corroborated(10/39) num:folder split:number-collision(49% dupes -> 2 folders)
08-08 17:42:51.811 I/ReactNativeJS( 7127):        #26  Thief of Time (#26)                                     possible folder:name-corroborated(10/39) split:number-collision(49% dupes -> 2 folders)
08-08 17:42:51.811 I/ReactNativeJS( 7127):        #28  The Amazing Maurice and His Educated Rodents (#28)      possible folder:name-corroborated(10/39) split:number-collision(49% dupes -> 2 folders)
08-08 17:42:51.811 I/ReactNativeJS( 7127):        #29  Night Watch: Discworld, Book 29                         certain  alb.book-suffix folder:name-corroborated split:number-collision(49% dupes -> 2 folders)
08-08 17:42:51.811 I/ReactNativeJS( 7127):        #30  The Wee Free Men: Discworld, Book 30                    certain  alb.book-suffix folder:name-corroborated split:number-collision(49% dupes -> 2 folders)
08-08 17:42:51.811 I/ReactNativeJS( 7127):        #31  (#31) Monstrous Regiment                                possible folder:name-corroborated(10/39) split:number-collision(49% dupes -> 2 folders)
08-08 17:42:51.811 I/ReactNativeJS( 7127):        #32  A Hat Full of Sky: Discworld, Book 32                   certain  alb.book-suffix folder:name-corroborated split:number-collision(49% dupes -> 2 folders)
08-08 17:42:51.811 I/ReactNativeJS( 7127):        #33  Going Postal (Unabridged)                               possible folder:name-corroborated(10/39) num:folder split:number-collision(49% dupes -> 2 folders)
08-08 17:42:51.811 I/ReactNativeJS( 7127):        #34  Thud!: Discworld, Book 34                               certain  alb.book-suffix folder:name-corroborated split:number-collision(49% dupes -> 2 folders)
08-08 17:42:51.811 I/ReactNativeJS( 7127):        #35  Wintersmith: Discworld, Book 35                         certain  alb.book-suffix folder:name-corroborated split:number-collision(49% dupes -> 2 folders)
08-08 17:42:51.811 I/ReactNativeJS( 7127):        #36  Making Money (Unabridged)                               possible folder:name-corroborated(10/39) num:folder split:number-collision(49% dupes -> 2 folders)
08-08 17:42:51.811 I/ReactNativeJS( 7127):        #37  Unseen Academicals: Discworld Book, 37                  possible folder:name-corroborated(10/39) num:folder split:number-collision(49% dupes -> 2 folders)
08-08 17:42:51.811 I/ReactNativeJS( 7127):        #38  I Shall Wear Midnight (Unabridged)                      possible folder:name-corroborated(10/39) num:folder split:number-collision(49% dupes -> 2 folders)
08-08 17:42:51.811 I/ReactNativeJS( 7127):        #39  Snuff: Discworld, Book 39                               certain  alb.book-suffix folder:name-corroborated split:number-collision(49% dupes -> 2 folders)
08-08 17:42:51.811 I/ReactNativeJS( 7127):        #40  Raising Steam (Unabridged)                              possible folder:name-corroborated(10/39) num:folder split:number-collision(49% dupes -> 2 folders)
08-08 17:42:51.811 I/ReactNativeJS( 7127):        #41  The Shepherd's Crown (Unabridged)                       possible folder:name-corroborated(10/39) num:folder split:number-collision(49% dupes -> 2 folders)
08-08 17:42:51.812 I/ReactNativeJS( 7127): [series] "Dresden Files"  22 books  (existing)
08-08 17:42:51.812 I/ReactNativeJS( 7127):         #1  Storm Front: The Dresden Files, Book 1 (Unabridged)     certain  tag.extra.SERIES alb.book-suffix folder:name-corroborated
08-08 17:42:51.812 I/ReactNativeJS( 7127):         #2  Fool Moon: The Dresden Files, Book 2 (Unabridged)       certain  tag.extra.SERIES alb.book-suffix folder:name-corroborated
08-08 17:42:51.812 I/ReactNativeJS( 7127):         #3  Grave Peril: The Dresden Files, Book 3 (Unabridged)     certain  tag.extra.SERIES alb.book-suffix folder:name-corroborated
08-08 17:42:51.812 I/ReactNativeJS( 7127):         #4  Summer Knight: The Dresden Files, Book 4 (Unabridged)   certain  tag.extra.SERIES alb.book-suffix folder:name-corroborated
08-08 17:42:51.812 I/ReactNativeJS( 7127):         #5  Death Masks: The Dresden Files, Book 5 (Unabridged)     certain  tag.extra.SERIES alb.book-suffix folder:name-corroborated
08-08 17:42:51.812 I/ReactNativeJS( 7127):         #6  Blood Rites: The Dresden Files, Book 6 (Unabridged)     certain  tag.extra.SERIES alb.book-suffix folder:name-corroborated
08-08 17:42:51.812 I/ReactNativeJS( 7127):         #7  Dead Beat: The Dresden Files, Book 7 (Unabridged)       certain  tag.extra.SERIES alb.book-suffix folder:name-corroborated
08-08 17:42:51.812 I/ReactNativeJS( 7127):         #8  Proven Guilty: The Dresden Files, Book 8 (Unabridged)   certain  tag.extra.SERIES alb.book-suffix folder:name-corroborated
08-08 17:42:51.812 I/ReactNativeJS( 7127):         #9  White Night: The Dresden Files, Book 9 (Unabridged)     certain  tag.extra.SERIES alb.book-suffix folder:name-corroborated
08-08 17:42:51.812 I/ReactNativeJS( 7127):        #10  The Dresden Files #10: Small Favor                      certain  tag.Grouping alb.hash-colon folder:name-corroborated
08-08 17:42:51.812 I/ReactNativeJS( 7127):        #11  The Dresden Files #11: Turn Coat                        certain  tag.Grouping alb.hash-colon folder:name-corroborated
08-08 17:42:51.812 I/ReactNativeJS( 7127):        #12  The Dresden Files #12: Changes                          certain  tag.Grouping alb.hash-colon folder:name-corroborated
08-08 17:42:51.812 I/ReactNativeJS( 7127):      #12.5  The Dresden Files #12.5: Side Jobs                      certain  tag.Grouping alb.hash-colon folder:name-corroborated
08-08 17:42:51.812 I/ReactNativeJS( 7127):        #13  The Dresden Files #13: Ghost Story                      certain  tag.Grouping alb.hash-colon folder:name-corroborated
08-08 17:42:51.812 I/ReactNativeJS( 7127):        #14  The Dresden Files #14: Cold Days                        certain  tag.Grouping alb.hash-colon folder:name-corroborated
08-08 17:42:51.812 I/ReactNativeJS( 7127):        #15  The Dresden Files #15: Skin Game                        certain  tag.Grouping alb.hash-colon folder:name-corroborated
08-08 17:42:51.812 I/ReactNativeJS( 7127):      #15.5  Brief Cases (Unabridged)                                certain  tag.extra.SERIES folder:name-corroborated
08-08 17:42:51.812 I/ReactNativeJS( 7127):        #16  Peace Talks (Unabridged)                                certain  tag.extra.SERIES folder:name-corroborated
08-08 17:42:51.812 I/ReactNativeJS( 7127):        #17  Battle Ground (Unabridged)                              certain  tag.extra.SERIES folder:name-corroborated
08-08 17:42:51.812 I/ReactNativeJS( 7127):      #17.5  The Law                                                 certain  tag.extra.SERIES folder:name-corroborated
08-08 17:42:51.812 I/ReactNativeJS( 7127):        #18  Twelve Months (Unabridged)                              certain  tag.extra.SERIES folder:name-corroborated
08-08 17:42:51.812 I/ReactNativeJS( 7127):          —  Heroic Hearts (Unabridged)                              possible folder:name-corroborated(21/22)
08-08 17:42:51.814 I/ReactNativeJS( 7127): [series] "Demon Accords"  17 books  (existing)
08-08 17:42:51.814 I/ReactNativeJS( 7127):         #1  Book 01 - God Touched - Demon Accords Series            certain  alb.book-dash-series folder:name-corroborated
08-08 17:42:51.814 I/ReactNativeJS( 7127):         #1  Volume 01 - The Demon Accords Compendium                possible folder:name-corroborated(14/17)
08-08 17:42:51.814 I/ReactNativeJS( 7127):         #2  Book 02 - Demon Driven - Demon Accords Series           certain  alb.book-dash-series folder:name-corroborated
08-08 17:42:51.814 I/ReactNativeJS( 7127):         #2  Volume 02 - The Demon Accords Compendium                possible folder:name-corroborated(14/17)
08-08 17:42:51.814 I/ReactNativeJS( 7127):         #3  Book 03 - Brutal Asset - Demon Accords Series           certain  alb.book-dash-series folder:name-corroborated
08-08 17:42:51.814 I/ReactNativeJS( 7127):         #3  Volume 3 - The Demon Accords Compendium                 possible folder:name-corroborated(14/17)
08-08 17:42:51.814 I/ReactNativeJS( 7127):       #3.5  Book 03.5 - Black Frost - Demon Accords Series          certain  alb.book-dash-series folder:name-corroborated
08-08 17:42:51.814 I/ReactNativeJS( 7127):         #4  Book 04 - Duel Nature - Demon Accords Series            certain  alb.book-dash-series folder:name-corroborated
08-08 17:42:51.814 I/ReactNativeJS( 7127):         #5  Book 05 - Fallen Stars - Demon Accords Series           certain  alb.book-dash-series folder:name-corroborated
08-08 17:42:51.814 I/ReactNativeJS( 7127):         #6  Book 06 - Executable - Demon Accords Series             certain  alb.book-dash-series folder:name-corroborated
08-08 17:42:51.814 I/ReactNativeJS( 7127):         #7  Book 07 - Forced Ascent - Demon Accords Series          certain  alb.book-dash-series folder:name-corroborated
08-08 17:42:51.814 I/ReactNativeJS( 7127):         #8  Book 08 Part 1 - College Arcane - Demon Accords Series  certain  alb.book-dash-series folder:name-corroborated
08-08 17:42:51.814 I/ReactNativeJS( 7127):         #8  Book 08 Part 2 - College Arcane - Demon Accords Series  certain  alb.book-dash-series folder:name-corroborated
08-08 17:42:51.814 I/ReactNativeJS( 7127):         #9  Book 09 - God Hammer - Demon Accords Series             certain  alb.book-dash-series folder:name-corroborated
08-08 17:42:51.814 I/ReactNativeJS( 7127):        #10  Book 10 - Rogues - Demon Accords Series                 certain  alb.book-dash-series folder:name-corroborated
08-08 17:42:51.814 I/ReactNativeJS( 7127):        #11  Book 11 - Snake Eyes - Demon Accords Series             certain  alb.book-dash-series folder:name-corroborated
08-08 17:42:51.814 I/ReactNativeJS( 7127):        #12  Book 12 - Winterfall - Demon Accords Series             certain  alb.book-dash-series folder:name-corroborated
08-08 17:42:51.815 I/ReactNativeJS( 7127): [series] "Dungeon Crawler Carl"  8 books  (existing)
08-08 17:42:51.815 I/ReactNativeJS( 7127):         #1  Dungeon Crawler Carl (Unabridged)                       certain  tag.extra.SERIES folder:name-corroborated
08-08 17:42:51.815 I/ReactNativeJS( 7127):         #2  Carl's Doomsday Scenario: Dungeon Crawler Carl, Book 2  certain  alb.book-suffix folder:name-corroborated
08-08 17:42:51.815 I/ReactNativeJS( 7127):         #3  The Dungeon Anarchist's Cookbook: Dungeon Crawler Carl  certain  alb.book-suffix folder:name-corroborated
08-08 17:42:51.815 I/ReactNativeJS( 7127):         #4  The Gate of the Feral Gods: Dungeon Crawler Carl, Book  certain  alb.book-suffix folder:name-corroborated
08-08 17:42:51.815 I/ReactNativeJS( 7127):         #5  The Butcher's Masquerade: Dungeon Crawler Carl, Book 5  certain  alb.book-suffix folder:name-corroborated
08-08 17:42:51.815 I/ReactNativeJS( 7127):         #6  The Eye of the Bedlam Bride: Dungeon Crawler Carl, Boo  certain  alb.book-suffix folder:name-corroborated
08-08 17:42:51.815 I/ReactNativeJS( 7127):         #7  This Inevitable Ruin                                    certain  tag.extra.SERIES folder:name-corroborated
08-08 17:42:51.815 I/ReactNativeJS( 7127):          —  A Parade of Horribles                                   possible folder:name-corroborated(7/8)
08-08 17:42:51.817 I/ReactNativeJS( 7127): [series] "The Dark Tower"  8 books  (existing)
08-08 17:42:51.817 I/ReactNativeJS( 7127):         #1  The Dark Tower I: The Gunslinger                        certain  alb.roman folder:name-corroborated
08-08 17:42:51.817 I/ReactNativeJS( 7127):         #2  The Dark Tower II: The Drawing Of The Three             certain  alb.roman folder:name-corroborated
08-08 17:42:51.817 I/ReactNativeJS( 7127):         #4  The Dark Tower IV: Wizard & Glass                       certain  alb.roman folder:name-corroborated
08-08 17:42:51.817 I/ReactNativeJS( 7127):         #5  The Dark Tower V: Wolves Of The Calla                   certain  alb.roman folder:name-corroborated
08-08 17:42:51.817 I/ReactNativeJS( 7127):         #6  The Dark Tower VI: Song Of Susannah                     certain  alb.roman folder:name-corroborated
08-08 17:42:51.817 I/ReactNativeJS( 7127):         #7  The Dark Tower VII: The Dark Tower                      certain  alb.roman folder:name-corroborated
08-08 17:42:51.817 I/ReactNativeJS( 7127):          —  1991 - The Waste Lands (DT3 - read by Frank Muller)     possible folder:name-corroborated(6/8)
08-08 17:42:51.817 I/ReactNativeJS( 7127):          —  LEGENDS - Stories by The Masters of Fantasy             possible folder:name-corroborated(6/8)
08-08 17:42:51.818 I/ReactNativeJS( 7127): [series] "The First Law"  7 books  (existing)
08-08 17:42:51.818 I/ReactNativeJS( 7127):         #1  01 - The Blade Itself                                   guess    folder:number-corroborated(7/7)
08-08 17:42:51.818 I/ReactNativeJS( 7127):         #2  02 - Before They Are Hanged                             guess    folder:number-corroborated(7/7)
08-08 17:42:51.818 I/ReactNativeJS( 7127):         #3  03 - Last Argument of Kings                             guess    folder:number-corroborated(7/7)
08-08 17:42:51.818 I/ReactNativeJS( 7127):         #4  04 - Best Served Cold                                   guess    folder:number-corroborated(7/7)
08-08 17:42:51.818 I/ReactNativeJS( 7127):         #5  05 - The Heroes                                         guess    folder:number-corroborated(7/7)
08-08 17:42:51.818 I/ReactNativeJS( 7127):         #6  06 - Red Country                                        guess    folder:number-corroborated(7/7)
08-08 17:42:51.818 I/ReactNativeJS( 7127):         #7  07 - Sharp Ends: Stories from the World of the First L  guess    folder:number-corroborated(7/7)
08-08 17:42:51.820 I/ReactNativeJS( 7127): [series] "Mistborn"  6 books  (existing)
08-08 17:42:51.820 I/ReactNativeJS( 7127):         #1  Mistborn 1 (Michael Kramer)                             likely   alb.name-num-sp
08-08 17:42:51.820 I/ReactNativeJS( 7127):         #2  Mistborn 2 (Michael Kramer)                             likely   alb.name-num-sp
08-08 17:42:51.820 I/ReactNativeJS( 7127):         #3  Mistborn 3 (Michael Kramer)                             likely   alb.name-num-sp
08-08 17:42:51.820 I/ReactNativeJS( 7127):         #4  Mistborn 4 (Michael Kramer)                             likely   alb.name-num-sp
08-08 17:42:51.820 I/ReactNativeJS( 7127):         #5  Mistborn 5 (Michael Kramer)                             likely   alb.name-num-sp
08-08 17:42:51.820 I/ReactNativeJS( 7127):         #6  Mistborn 6 (Michael Kramer)                             likely   alb.name-num-sp
08-08 17:42:51.821 I/ReactNativeJS( 7127): [series] "Shadow Saga"  6 books  (existing)
08-08 17:42:51.821 I/ReactNativeJS( 7127):         #1  Shadow 1 - Ender's Shadow                               certain  alb.name-num-dash folder:name-corroborated
08-08 17:42:51.821 I/ReactNativeJS( 7127):         #3  Shadow 3 - Shadow Puppets                               certain  alb.name-num-dash folder:name-corroborated
08-08 17:42:51.821 I/ReactNativeJS( 7127):         #6  Shadow of the Hegemon                                   possible folder:name-corroborated(2/6) num:folder
08-08 17:42:51.821 I/ReactNativeJS( 7127):         #8  008 - Shadow of the Giant                               possible folder:name-corroborated(2/6)
08-08 17:42:51.821 I/ReactNativeJS( 7127):         #9  Shadows in Flight                                       possible folder:name-corroborated(2/6) num:folder
08-08 17:42:51.821 I/ReactNativeJS( 7127):        #10  The Last Shadow: Other Tales from the Ender Universe    possible folder:name-corroborated(2/6) num:folder
08-08 17:42:51.822 I/ReactNativeJS( 7127): [series] "Bobiverse"  5 books  (existing)
08-08 17:42:51.822 I/ReactNativeJS( 7127):         #1  Bobiverse 01 We Are Legion (We Are Bob)                 certain  alb.name-num-sp folder:name-corroborated
08-08 17:42:51.822 I/ReactNativeJS( 7127):         #2  Bobiverse 02 For We Are Many                            certain  alb.name-num-sp folder:name-corroborated
08-08 17:42:51.822 I/ReactNativeJS( 7127):         #3  Bobiverse 03 All These Worlds                           certain  alb.name-num-sp folder:name-corroborated
08-08 17:42:51.822 I/ReactNativeJS( 7127):         #4  Bobiverse 04 Heaven's River                             certain  alb.name-num-sp folder:name-corroborated
08-08 17:42:51.822 I/ReactNativeJS( 7127):         #5  Bobiverse 05 Not Till We Are Lost                       certain  alb.name-num-sp folder:name-corroborated
08-08 17:42:51.824 I/ReactNativeJS( 7127): [series] "Long Earth"  5 books  (existing)
08-08 17:42:51.824 I/ReactNativeJS( 7127):         #1  (Long Earth 01) The Long Earth                          certain  alb.paren-pre folder:name-corroborated
08-08 17:42:51.824 I/ReactNativeJS( 7127):         #2  (Long Earth 02) The Long War                            certain  alb.paren-pre folder:name-corroborated
08-08 17:42:51.824 I/ReactNativeJS( 7127):         #3  (Long Earth 03) The Long Mars                           certain  alb.paren-pre folder:name-corroborated
08-08 17:42:51.824 I/ReactNativeJS( 7127):         #4  (Long Earth 04) The Long Utopia                         certain  alb.paren-pre folder:name-corroborated
08-08 17:42:51.824 I/ReactNativeJS( 7127):         #5  (Long Earth 05) The Long Cosmos                         certain  alb.paren-pre folder:name-corroborated
08-08 17:42:51.825 I/ReactNativeJS( 7127): [series] "Lockwood and Co."  4 books  (existing)
08-08 17:42:51.825 I/ReactNativeJS( 7127):         #1  Lockwood and Co Book 1 - The Screaming Staircase        certain  alb.series-book-n folder:name-corroborated
08-08 17:42:51.825 I/ReactNativeJS( 7127):         #2  Lockwood and Co Book 2 - The Whispering Skull           certain  alb.series-book-n folder:name-corroborated
08-08 17:42:51.825 I/ReactNativeJS( 7127):         #3  Lockwood and Co Book 3 - The Hollow Boy                 certain  alb.series-book-n folder:name-corroborated
08-08 17:42:51.825 I/ReactNativeJS( 7127):         #5  Lockwood & Co: The Empty Grave (Unabridged)             possible folder:name-corroborated(3/5) num:folder
08-08 17:42:51.827 I/ReactNativeJS( 7127): [series] "Memory, Sorrow & Thorn"  4 books  (existing)
08-08 17:42:51.827 I/ReactNativeJS( 7127):         #1  01 The Dragonbone Chair                                 guess    folder:number-corroborated(4/4)
08-08 17:42:51.827 I/ReactNativeJS( 7127):         #2  02 The Stone of Farewell                                guess    folder:number-corroborated(4/4)
08-08 17:42:51.827 I/ReactNativeJS( 7127):         #3  03 To Green Angel Tower - Siege                         guess    folder:number-corroborated(4/4)
08-08 17:42:51.827 I/ReactNativeJS( 7127):         #4  04 To Green Angel Tower - Storm                         guess    folder:number-corroborated(4/4)
08-08 17:42:51.828 I/ReactNativeJS( 7127): [series] "The Murderbot Diaries"  4 books  (existing)
08-08 17:42:51.828 I/ReactNativeJS( 7127):         #3  Rogue Protocol: The Murderbot Diaries, Book 3           likely   alb.book-suffix
08-08 17:42:51.828 I/ReactNativeJS( 7127):         #5  Network Effect                                          certain  tag.extra.SERIES
08-08 17:42:51.828 I/ReactNativeJS( 7127):         #6  The Murderbot Diaries 6: Fugitive Telemetry             likely   alb.name-num-dash
08-08 17:42:51.828 I/ReactNativeJS( 7127):         #7  Martha Wells - The Murderbot Diaries 07 - System Colla  likely   alb.name-num-dash
08-08 17:42:51.829 I/ReactNativeJS( 7127): [series] "Bromeliad"  3 books  (existing)
08-08 17:42:51.829 I/ReactNativeJS( 7127):         #1  Bromeliad 01 - Truckers                                 certain  alb.name-num-dash folder:name-corroborated
08-08 17:42:51.829 I/ReactNativeJS( 7127):         #2  Bromeliad 02 - Diggers                                  certain  alb.name-num-dash folder:name-corroborated
08-08 17:42:51.829 I/ReactNativeJS( 7127):         #3  Bromeliad 03 - Wings                                    certain  alb.name-num-dash folder:name-corroborated
08-08 17:42:51.830 I/ReactNativeJS( 7127): [series] "Crouch, B"  3 books  (existing)
08-08 17:42:51.830 I/ReactNativeJS( 7127):         #1  Crouch, B: 1 Pines                                      likely   alb.name-num-sp
08-08 17:42:51.830 I/ReactNativeJS( 7127):         #2  Crouch, B: 2 Wayward                                    likely   alb.name-num-sp
08-08 17:42:51.830 I/ReactNativeJS( 7127):         #3  Crouch, B: 3 The Last Town                              likely   alb.name-num-sp
08-08 17:42:51.832 I/ReactNativeJS( 7127): [series] "Lord of the Rings"  3 books  (existing)
08-08 17:42:51.832 I/ReactNativeJS( 7127):         #1  The Fellowship of the Ring: Lord of the Rings, Book 1   likely   alb.book-suffix
08-08 17:42:51.832 I/ReactNativeJS( 7127):         #2  The Two Towers: Lord of the Rings, Book 2               likely   alb.book-suffix
08-08 17:42:51.832 I/ReactNativeJS( 7127):         #3  The Return of the King: Lord of the Rings, Book 3       likely   alb.book-suffix
08-08 17:42:51.833 I/ReactNativeJS( 7127): [series] "The Age of Madness"  3 books  (existing)
08-08 17:42:51.833 I/ReactNativeJS( 7127):         #1  01 - A Little Hatred                                    guess    folder:number-corroborated(3/3)
08-08 17:42:51.833 I/ReactNativeJS( 7127):         #2  02 - The Trouble with Peace                             guess    folder:number-corroborated(3/3)
08-08 17:42:51.833 I/ReactNativeJS( 7127):         #3  03 - The Wisdom of Crowds                               guess    folder:number-corroborated(3/3)
08-08 17:42:51.834 I/ReactNativeJS( 7127): [series] "The Silo Saga"  3 books  (existing)
08-08 17:42:51.834 I/ReactNativeJS( 7127):         #1  Wool: The Silo Saga, Book 1                             certain  tag.Grouping alb.book-suffix folder:name-corroborated
08-08 17:42:51.834 I/ReactNativeJS( 7127):         #2  Shift: The Silo Saga, Book 2                            certain  alb.book-suffix folder:name-corroborated
08-08 17:42:51.834 I/ReactNativeJS( 7127):         #3  Dust: The Silo Saga, Book 3                             certain  alb.book-suffix folder:name-corroborated
08-08 17:42:51.836 I/ReactNativeJS( 7127): [series] "TMC"  3 books  (existing)
08-08 17:42:51.836 I/ReactNativeJS( 7127):         #1  TMC 01 Thursday Murder Club                             likely   alb.name-num-sp
08-08 17:42:51.836 I/ReactNativeJS( 7127):         #2  TMC 02 The Man Who Died Twice                           likely   alb.name-num-sp
08-08 17:42:51.836 I/ReactNativeJS( 7127):         #3  TMC 03 The Bullet That Missed                           likely   alb.name-num-sp
08-08 17:42:51.837 I/ReactNativeJS( 7127): [series] "Cerulean Chronicles"  2 books  (existing)
08-08 17:42:51.837 I/ReactNativeJS( 7127):         #1  Cerulean Chronicles 01 - The House in the Cerulean Sea  certain  tag.extra.SERIES alb.name-num-dash
08-08 17:42:51.837 I/ReactNativeJS( 7127):         #2  Cerulean Chronicles 02 - Somewhere Beyond the Sea       certain  tag.extra.SERIES alb.name-num-dash
08-08 17:42:51.838 I/ReactNativeJS( 7127): [series] "Kingkiller Chronicle"  2 books  (existing)
08-08 17:42:51.838 I/ReactNativeJS( 7127):         #1  Kingkiller Chronicle 01 The Name of the Wind            likely   alb.name-num-sp
08-08 17:42:51.838 I/ReactNativeJS( 7127):         #2  Kingkiller Chronicle 02 The Wise Man's Fear             likely   alb.name-num-sp
08-08 17:42:51.839 I/ReactNativeJS( 7127): [series] "Red Rising"  2 books  (existing)
08-08 17:42:51.839 I/ReactNativeJS( 7127):         #5  Red Rising, Book 5 - Dark Age                           likely   alb.series-book-n
08-08 17:42:51.839 I/ReactNativeJS( 7127):         #6  Light Bringer: Red Rising, Book 6                       likely   alb.book-suffix
08-08 17:42:51.841 I/ReactNativeJS( 7127): [series] detection (conservative): 351 units → 23 series, 200 books placed · created 0 (0 rows) · inserted 1 · removed 0 · skipped 0 · 160ms
08-08 17:42:51.843 I/ReactNativeJS( 7127): [scan] 2174ms total · 3461 files, 1 new (291.0ms/new file) — enumerate 1160ms · existing-urls 173ms · process 291ms · cleanup 245ms · detect 195ms
08-08 17:43:20.455 I/ReactNativeJS( 7127): [rowprobe] inner 3b0YaWbhyUgNSpdn h=220
08-08 17:43:20.458 I/ReactNativeJS( 7127): [rowprobe] item qXw2k21Ym8i2DQtb h=212
08-08 17:43:20.459 I/ReactNativeJS( 7127): [rowprobe] item YyCDElBIyBP6Naz9 h=212
08-08 17:43:20.461 I/ReactNativeJS( 7127): [rowprobe] item a1Eg0iGDCORrKtXF h=212
08-08 17:43:21.208 I/ReactNativeJS( 7127): [rowprobe] inner qOaTL4K5UJHtGnyW h=220
08-08 17:43:21.210 I/ReactNativeJS( 7127): [rowprobe] item ECHWIXlMsonDH3Fa h=212
08-08 17:43:21.211 I/ReactNativeJS( 7127): [rowprobe] item 9ZbdMeTpRUHyc7sb h=212
08-08 17:43:21.213 I/ReactNativeJS( 7127): [rowprobe] item FapbtS2YzJEcUBUz h=212
08-08 17:43:21.214 I/ReactNativeJS( 7127): [rowprobe] item Bns5J1QQZmAoT6IU h=212
08-08 17:43:21.479 I/ReactNativeJS( 7127): [rowprobe] item O6dCyB7GvfV3OCSw h=212
08-08 17:43:21.482 I/ReactNativeJS( 7127): [rowprobe] item Y1kBMMhXo1TIsTDd h=212
08-08 17:43:21.485 I/ReactNativeJS( 7127): [rowprobe] item bfHaTVRSplaDpMFC h=212
08-08 17:43:21.486 I/ReactNativeJS( 7127): [rowprobe] item xxPrjsX3kToCcrlB h=212
08-08 17:43:21.488 I/ReactNativeJS( 7127): [rowprobe] item sPrH8L6yuIlfPH1G h=212
08-08 17:43:21.489 I/ReactNativeJS( 7127): [rowprobe] item jrLJMrWUcO8uxUl1 h=212
08-08 17:43:21.490 I/ReactNativeJS( 7127): [rowprobe] item Y9QZ947RJ3gAeUwZ h=212
08-08 17:43:22.166 I/ReactNativeJS( 7127): [rowprobe] item sgYJFFpVejRAV7eG h=212
08-08 17:43:22.168 I/ReactNativeJS( 7127): [rowprobe] item 3CMM2BN7lEWbkV25 h=212
08-08 17:43:22.169 I/ReactNativeJS( 7127): [rowprobe] item qRL7XjqcELmKGgnn h=212
08-08 17:43:22.171 I/ReactNativeJS( 7127): [rowprobe] item OJtDh91tdBOEBD1C h=212
08-08 17:43:22.172 I/ReactNativeJS( 7127): [rowprobe] item 5WONxGnRFu38JegB h=212
08-08 17:43:22.174 I/ReactNativeJS( 7127): [rowprobe] item TzrsnGD1ABNKguSI h=212
08-08 17:43:22.366 I/ReactNativeJS( 7127): [rowprobe] item i80803hL78zO35ld h=212
08-08 17:43:22.368 I/ReactNativeJS( 7127): [rowprobe] item xJY0DzPIfMSEQQZE h=212
08-08 17:43:23.112 I/ReactNativeJS( 7127): [rowprobe] item oKL1Z0d6pS6cvRxc h=212
08-08 17:43:24.102 I/ReactNativeJS( 7127): [rowprobe] item pBsN3VPpfl7fG0k4 h=212
08-08 17:43:24.103 I/ReactNativeJS( 7127): [rowprobe] item JM61CU8LqANONnpP h=212
08-08 17:43:24.105 I/ReactNativeJS( 7127): [rowprobe] item 61RMHi8qXY3Z8eaN h=212
08-08 17:43:24.106 I/ReactNativeJS( 7127): [rowprobe] item hCBT6Jlc0xVmzAz6 h=212
08-08 17:43:24.503 I/ReactNativeJS( 7127): [rowprobe] inner NvuPVRGtv9kuTP6F h=219.999755859375
08-08 17:43:24.504 I/ReactNativeJS( 7127): [rowprobe] item PdWZsKbL7HImNeg8 h=211.999755859375
08-08 17:43:24.506 I/ReactNativeJS( 7127): [rowprobe] item Z4Ik22xcxSouJQQR h=211.999755859375
08-08 17:43:24.510 I/ReactNativeJS( 7127): [rowprobe] item LBbd1wdmnmqSzEfe h=211.999755859375
08-08 17:43:24.512 I/ReactNativeJS( 7127): [rowprobe] item 4PiqHMPdSEyjMl96 h=211.999755859375
08-08 17:43:25.249 I/ReactNativeJS( 7127): [rowprobe] inner 16pKtrzRc0CvQ1fX h=220
08-08 17:43:25.253 I/ReactNativeJS( 7127): [rowprobe] item X0RZSOIsa5NoR0SA h=212
08-08 17:43:25.254 I/ReactNativeJS( 7127): [rowprobe] item zrb8i8SiFnCtemVX h=212
08-08 17:43:25.256 I/ReactNativeJS( 7127): [rowprobe] item nUtG80WHCGPcO1rT h=212
08-08 17:43:25.257 I/ReactNativeJS( 7127): [rowprobe] item oKL1Z0d6pS6cvRxc h=212
08-08 17:44:16.996 W/ReactNativeJS( 7127): [series] 0 books sit under no configured root and 1 have no first chapter — all dropped before detection, out of 352
08-08 17:44:17.208 I/ReactNativeJS( 7127): [series] "Discworld"  41 books  (existing)
08-08 17:44:17.208 I/ReactNativeJS( 7127):         #1  Discworld 01 - The Colour of Magic                      certain  alb.name-num-dash folder:name-corroborated split:number-collision(49% dupes -> 2 folders)
08-08 17:44:17.208 I/ReactNativeJS( 7127):         #2  Discworld 02 - The Light Fantastic                      certain  alb.name-num-dash folder:name-corroborated split:number-collision(49% dupes -> 2 folders)
08-08 17:44:17.208 I/ReactNativeJS( 7127):         #3  Discworld 03 - Equal Rites                              certain  alb.name-num-dash folder:name-corroborated split:number-collision(49% dupes -> 2 folders)
08-08 17:44:17.208 I/ReactNativeJS( 7127):         #4  Discworld 04 - Mort                                     certain  alb.name-num-dash folder:name-corroborated split:number-collision(49% dupes -> 2 folders)
08-08 17:44:17.208 I/ReactNativeJS( 7127):         #5  Discworld 05 - Sourcery                                 certain  alb.name-num-dash folder:name-corroborated split:number-collision(49% dupes -> 2 folders)
08-08 17:44:17.208 I/ReactNativeJS( 7127):         #6  Discworld 06 -  Wyrd Sisters                            certain  alb.name-num-dash folder:name-corroborated split:number-collision(49% dupes -> 2 folders)
08-08 17:44:17.208 I/ReactNativeJS( 7127):         #7  Discworld 07 - Pyramids                                 certain  alb.name-num-dash folder:name-corroborated split:number-collision(49% dupes -> 2 folders)
08-08 17:44:17.208 I/ReactNativeJS( 7127):         #8  Discworld 08 - Guards! Guards!                          certain  alb.name-num-dash folder:name-corroborated split:number-collision(49% dupes -> 2 folders)
08-08 17:44:17.208 I/ReactNativeJS( 7127):         #9  Discworld 09 - Eric                                     certain  alb.name-num-dash folder:name-corroborated split:number-collision(49% dupes -> 2 folders)
08-08 17:44:17.208 I/ReactNativeJS( 7127):        #10  Discworld 10 - Moving Pictures                          certain  alb.name-num-dash folder:name-corroborated split:number-collision(49% dupes -> 2 folders)
08-08 17:44:17.208 I/ReactNativeJS( 7127):        #11  Discworld 11 - Reaper Man                               certain  alb.name-num-dash folder:name-corroborated split:number-collision(49% dupes -> 2 folders)
08-08 17:44:17.208 I/ReactNativeJS( 7127):        #12  Discworld 12 - Witches Abroad                           certain  alb.name-num-dash folder:name-corroborated split:number-collision(49% dupes -> 2 folders)
08-08 17:44:17.208 I/ReactNativeJS( 7127):        #13  Discworld 13 - Small Gods                               certain  tag.Grouping+bare-num alb.name-num-dash folder:name-corroborated split:number-collision(49% dupes -> 2 folders)
08-08 17:44:17.208 I/ReactNativeJS( 7127):        #14  Discworld 14 - Lords and Ladies                         certain  alb.name-num-dash folder:name-corroborated split:number-collision(49% dupes -> 2 folders)
08-08 17:44:17.208 I/ReactNativeJS( 7127):        #15  Discworld 15 - Men At Arms                              certain  alb.name-num-dash folder:name-corroborated split:number-collision(49% dupes -> 2 folders)
08-08 17:44:17.208 I/ReactNativeJS( 7127):        #16  Discworld 16 - Soul Music                               certain  alb.name-num-dash folder:name-corroborated split:number-collision(49% dupes -> 2 folders)
08-08 17:44:17.208 I/ReactNativeJS( 7127):        #17  Discworld 17 - Interesting Times                        certain  alb.name-num-dash folder:name-corroborated split:number-collision(49% dupes -> 2 folders)
08-08 17:44:17.208 I/ReactNativeJS( 7127):        #18  Discworld 18 - Maskerade                                certain  alb.name-num-dash folder:name-corroborated split:number-collision(49% dupes -> 2 folders)
08-08 17:44:17.208 I/ReactNativeJS( 7127):        #19  Discworld 19 - Feet of Clay                             certain  alb.name-num-dash folder:name-corroborated split:number-collision(49% dupes -> 2 folders)
08-08 17:44:17.208 I/ReactNativeJS( 7127):        #20  Discworld 20 - Hogfather                                certain  alb.name-num-dash folder:name-corroborated split:number-collision(49% dupes -> 2 folders)
08-08 17:44:17.208 I/ReactNativeJS( 7127):        #21  Discworld 21 - Jingo                                    certain  alb.name-num-dash folder:name-corroborated split:number-collision(49% dupes -> 2 folders)
08-08 17:44:17.208 I/ReactNativeJS( 7127):        #22  Discworld 22 - The Last Continent                       certain  alb.name-num-dash folder:name-corroborated split:number-collision(49% dupes -> 2 folders)
08-08 17:44:17.208 I/ReactNativeJS( 7127):        #23  Discworld 23 - Carpe Jugulum                            certain  alb.name-num-dash folder:name-corroborated split:number-collision(49% dupes -> 2 folders)
08-08 17:44:17.208 I/ReactNativeJS( 7127):        #24  Discworld 24 - The Fifth Elephant                       certain  alb.name-num-dash folder:name-corroborated split:number-collision(49% dupes -> 2 folders)
08-08 17:44:17.208 I/ReactNativeJS( 7127):        #25  Discworld 25 - The Truth                                certain  alb.name-num-dash folder:name-corroborated split:number-collision(49% dupes -> 2 folders)
08-08 17:44:17.208 I/ReactNativeJS( 7127):        #26  Discworld 26 - Thief of Time                            certain  alb.name-num-dash folder:name-corroborated split:number-collision(49% dupes -> 2 folders)
08-08 17:44:17.208 I/ReactNativeJS( 7127):        #27  Discworld 27 - The Last Hero                            certain  alb.name-num-dash folder:name-corroborated split:number-collision(49% dupes -> 2 folders)
08-08 17:44:17.208 I/ReactNativeJS( 7127):        #28  Discworld 28 - The Amazing Maurice and His Educated Ro  certain  alb.name-num-dash folder:name-corroborated split:number-collision(49% dupes -> 2 folders)
08-08 17:44:17.208 I/ReactNativeJS( 7127):        #29  Discworld 29 - Night Watch                              certain  alb.name-num-dash folder:name-corroborated split:number-collision(49% dupes -> 2 folders)
08-08 17:44:17.208 I/ReactNativeJS( 7127):        #30  Discworld 30 - The Wee Free Men                         certain  alb.name-num-dash folder:name-corroborated split:number-collision(49% dupes -> 2 folders)
08-08 17:44:17.208 I/ReactNativeJS( 7127):        #31  Discworld 31 - Monstrous Regiment                       certain  alb.name-num-dash folder:name-corroborated split:number-collision(49% dupes -> 2 folders)
08-08 17:44:17.208 I/ReactNativeJS( 7127):        #32  Discworld 32 - A Hat Full of Sky                        certain  alb.name-num-dash folder:name-corroborated split:number-collision(49% dupes -> 2 folders)
08-08 17:44:17.208 I/ReactNativeJS( 7127):        #33  Discworld 33 - Going Postal                             certain  alb.name-num-dash folder:name-corroborated split:number-collision(49% dupes -> 2 folders)
08-08 17:44:17.208 I/ReactNativeJS( 7127):        #34  Discworld 34 - Thud!                                    certain  alb.name-num-dash folder:name-corroborated split:number-collision(49% dupes -> 2 folders)
08-08 17:44:17.208 I/ReactNativeJS( 7127):        #35  Discworld 35 - Wintersmith                              certain  alb.name-num-dash folder:name-corroborated split:number-collision(49% dupes -> 2 folders)
08-08 17:44:17.208 I/ReactNativeJS( 7127):        #36  Discworld 36 - Making Money                             certain  alb.name-num-dash folder:name-corroborated split:number-collision(49% dupes -> 2 folders)
08-08 17:44:17.208 I/ReactNativeJS( 7127):        #37  Discworld 37 - Unseen Academicals                       certain  tag.Grouping+bare-num alb.name-num-dash folder:name-corroborated split:number-collision(49% dupes -> 2 folders)
08-08 17:44:17.208 I/ReactNativeJS( 7127):        #38  DW38-I Shall Wear Midnight                              possible folder:name-corroborated(37/41) num:folder split:number-collision(49% dupes -> 2 folders)
08-08 17:44:17.208 I/ReactNativeJS( 7127):        #39  Snuff                                                   possible folder:name-corroborated(37/41) num:folder split:number-collision(49% dupes -> 2 folders)
08-08 17:44:17.208 I/ReactNativeJS( 7127):        #40  Raising Steam                                           possible folder:name-corroborated(37/41) num:folder split:number-collision(49% dupes -> 2 folders)
08-08 17:44:17.208 I/ReactNativeJS( 7127):        #41  The Shepherd's Crown                                    possible folder:name-corroborated(37/41) num:folder split:number-collision(49% dupes -> 2 folders)
08-08 17:44:17.209 I/ReactNativeJS( 7127): [series] "Discworld (2022)"  39 books  (existing)
08-08 17:44:17.209 I/ReactNativeJS( 7127):         #1  The Colour of Magic                                     possible folder:name-corroborated(10/39) num:folder split:number-collision(49% dupes -> 2 folders)
08-08 17:44:17.209 I/ReactNativeJS( 7127):         #2  The Light Fantastic                                     possible folder:name-corroborated(10/39) num:folder split:number-collision(49% dupes -> 2 folders)
08-08 17:44:17.209 I/ReactNativeJS( 7127):         #3  Equal Rites                                             possible folder:name-corroborated(10/39) num:folder split:number-collision(49% dupes -> 2 folders)
08-08 17:44:17.209 I/ReactNativeJS( 7127):         #4  Mort (#4)                                               possible folder:name-corroborated(10/39) split:number-collision(49% dupes -> 2 folders)
08-08 17:44:17.209 I/ReactNativeJS( 7127):         #5  Sourcery (#5)                                           possible folder:name-corroborated(10/39) split:number-collision(49% dupes -> 2 folders)
08-08 17:44:17.209 I/ReactNativeJS( 7127):         #7  Pyramids: Discworld, Book 7                             certain  alb.book-suffix folder:name-corroborated split:number-collision(49% dupes -> 2 folders)
08-08 17:44:17.209 I/ReactNativeJS( 7127):         #8  Guards! Guards! (Unabridged)                            possible folder:name-corroborated(10/39) num:folder split:number-collision(49% dupes -> 2 folders)
08-08 17:44:17.209 I/ReactNativeJS( 7127):         #9  (#9) Eric                                               possible folder:name-corroborated(10/39) split:number-collision(49% dupes -> 2 folders)
08-08 17:44:17.209 I/ReactNativeJS( 7127):        #10  Moving Pictures: Discworld, Book 10                     certain  alb.book-suffix folder:name-corroborated split:number-collision(49% dupes -> 2 folders)
08-08 17:44:17.209 I/ReactNativeJS( 7127):        #11  (#11) Reaper Man                                        possible folder:name-corroborated(10/39) split:number-collision(49% dupes -> 2 folders)
08-08 17:44:17.209 I/ReactNativeJS( 7127):        #12  Witches Abroad                                          possible folder:name-corroborated(10/39) num:folder split:number-collision(49% dupes -> 2 folders)
08-08 17:44:17.209 I/ReactNativeJS( 7127):        #13  Small Gods (#13)                                        possible folder:name-corroborated(10/39) split:number-collision(49% dupes -> 2 folders)
08-08 17:44:17.209 I/ReactNativeJS( 7127):        #14  Lords and Ladies                                        possible folder:name-corroborated(10/39) num:folder split:number-collision(49% dupes -> 2 folders)
08-08 17:44:17.209 I/ReactNativeJS( 7127):        #15  Men at Arms (Unabridged)                                possible folder:name-corroborated(10/39) num:folder split:number-collision(49% dupes -> 2 folders)
08-08 17:44:17.209 I/ReactNativeJS( 7127):        #16  (#16) Soul Music                                        possible folder:name-corroborated(10/39) split:number-collision(49% dupes -> 2 folders)
08-08 17:44:17.209 I/ReactNativeJS( 7127):        #17  (#17) Interesting Times                                 possible folder:name-corroborated(10/39) split:number-collision(49% dupes -> 2 folders)
08-08 17:44:17.209 I/ReactNativeJS( 7127):        #18  Maskerade                                               possible folder:name-corroborated(10/39) num:folder split:number-collision(49% dupes -> 2 folders)
08-08 17:44:17.209 I/ReactNativeJS( 7127):        #19  Feet of Clay (Unabridged)                               possible folder:name-corroborated(10/39) num:folder split:number-collision(49% dupes -> 2 folders)
08-08 17:44:17.209 I/ReactNativeJS( 7127):        #20  Hogfather: Discworld, Book 20                           certain  alb.book-suffix folder:name-corroborated split:number-collision(49% dupes -> 2 folders)
08-08 17:44:17.209 I/ReactNativeJS( 7127):        #21  Jingo (Unabridged)                                      possible folder:name-corroborated(10/39) num:folder split:number-collision(49% dupes -> 2 folders)
08-08 17:44:17.209 I/ReactNativeJS( 7127):        #22  The Last Continent: Discworld, Book 22                  certain  alb.book-suffix folder:name-corroborated split:number-collision(49% dupes -> 2 folders)
08-08 17:44:17.209 I/ReactNativeJS( 7127):        #23  Carpe Jugulum                                           possible folder:name-corroborated(10/39) num:folder split:number-collision(49% dupes -> 2 folders)
08-08 17:44:17.209 I/ReactNativeJS( 7127):        #24  The Fifth Elephant (Unabridged)                         possible folder:name-corroborated(10/39) num:folder split:number-collision(49% dupes -> 2 folders)
08-08 17:44:17.209 I/ReactNativeJS( 7127):        #25  The Truth (Unabridged)                                  possible folder:name-corroborated(10/39) num:folder split:number-collision(49% dupes -> 2 folders)
08-08 17:44:17.209 I/ReactNativeJS( 7127):        #26  Thief of Time (#26)                                     possible folder:name-corroborated(10/39) split:number-collision(49% dupes -> 2 folders)
08-08 17:44:17.209 I/ReactNativeJS( 7127):        #28  The Amazing Maurice and His Educated Rodents (#28)      possible folder:name-corroborated(10/39) split:number-collision(49% dupes -> 2 folders)
08-08 17:44:17.209 I/ReactNativeJS( 7127):        #29  Night Watch: Discworld, Book 29                         certain  alb.book-suffix folder:name-corroborated split:number-collision(49% dupes -> 2 folders)
08-08 17:44:17.209 I/ReactNativeJS( 7127):        #30  The Wee Free Men: Discworld, Book 30                    certain  alb.book-suffix folder:name-corroborated split:number-collision(49% dupes -> 2 folders)
08-08 17:44:17.209 I/ReactNativeJS( 7127):        #31  (#31) Monstrous Regiment                                possible folder:name-corroborated(10/39) split:number-collision(49% dupes -> 2 folders)
08-08 17:44:17.209 I/ReactNativeJS( 7127):        #32  A Hat Full of Sky: Discworld, Book 32                   certain  alb.book-suffix folder:name-corroborated split:number-collision(49% dupes -> 2 folders)
08-08 17:44:17.209 I/ReactNativeJS( 7127):        #33  Going Postal (Unabridged)                               possible folder:name-corroborated(10/39) num:folder split:number-collision(49% dupes -> 2 folders)
08-08 17:44:17.209 I/ReactNativeJS( 7127):        #34  Thud!: Discworld, Book 34                               certain  alb.book-suffix folder:name-corroborated split:number-collision(49% dupes -> 2 folders)
08-08 17:44:17.209 I/ReactNativeJS( 7127):        #35  Wintersmith: Discworld, Book 35                         certain  alb.book-suffix folder:name-corroborated split:number-collision(49% dupes -> 2 folders)
08-08 17:44:17.209 I/ReactNativeJS( 7127):        #36  Making Money (Unabridged)                               possible folder:name-corroborated(10/39) num:folder split:number-collision(49% dupes -> 2 folders)
08-08 17:44:17.209 I/ReactNativeJS( 7127):        #37  Unseen Academicals: Discworld Book, 37                  possible folder:name-corroborated(10/39) num:folder split:number-collision(49% dupes -> 2 folders)
08-08 17:44:17.209 I/ReactNativeJS( 7127):        #38  I Shall Wear Midnight (Unabridged)                      possible folder:name-corroborated(10/39) num:folder split:number-collision(49% dupes -> 2 folders)
08-08 17:44:17.209 I/ReactNativeJS( 7127):        #39  Snuff: Discworld, Book 39                               certain  alb.book-suffix folder:name-corroborated split:number-collision(49% dupes -> 2 folders)
08-08 17:44:17.209 I/ReactNativeJS( 7127):        #40  Raising Steam (Unabridged)                              possible folder:name-corroborated(10/39) num:folder split:number-collision(49% dupes -> 2 folders)
08-08 17:44:17.209 I/ReactNativeJS( 7127):        #41  The Shepherd's Crown (Unabridged)                       possible folder:name-corroborated(10/39) num:folder split:number-collision(49% dupes -> 2 folders)
08-08 17:44:17.211 I/ReactNativeJS( 7127): [series] "Dresden Files"  22 books  (existing)
08-08 17:44:17.211 I/ReactNativeJS( 7127):         #1  Storm Front: The Dresden Files, Book 1 (Unabridged)     certain  tag.extra.SERIES alb.book-suffix folder:name-corroborated
08-08 17:44:17.211 I/ReactNativeJS( 7127):         #2  Fool Moon: The Dresden Files, Book 2 (Unabridged)       certain  tag.extra.SERIES alb.book-suffix folder:name-corroborated
08-08 17:44:17.211 I/ReactNativeJS( 7127):         #3  Grave Peril: The Dresden Files, Book 3 (Unabridged)     certain  tag.extra.SERIES alb.book-suffix folder:name-corroborated
08-08 17:44:17.211 I/ReactNativeJS( 7127):         #4  Summer Knight: The Dresden Files, Book 4 (Unabridged)   certain  tag.extra.SERIES alb.book-suffix folder:name-corroborated
08-08 17:44:17.211 I/ReactNativeJS( 7127):         #5  Death Masks: The Dresden Files, Book 5 (Unabridged)     certain  tag.extra.SERIES alb.book-suffix folder:name-corroborated
08-08 17:44:17.211 I/ReactNativeJS( 7127):         #6  Blood Rites: The Dresden Files, Book 6 (Unabridged)     certain  tag.extra.SERIES alb.book-suffix folder:name-corroborated
08-08 17:44:17.211 I/ReactNativeJS( 7127):         #7  Dead Beat: The Dresden Files, Book 7 (Unabridged)       certain  tag.extra.SERIES alb.book-suffix folder:name-corroborated
08-08 17:44:17.211 I/ReactNativeJS( 7127):         #8  Proven Guilty: The Dresden Files, Book 8 (Unabridged)   certain  tag.extra.SERIES alb.book-suffix folder:name-corroborated
08-08 17:44:17.211 I/ReactNativeJS( 7127):         #9  White Night: The Dresden Files, Book 9 (Unabridged)     certain  tag.extra.SERIES alb.book-suffix folder:name-corroborated
08-08 17:44:17.211 I/ReactNativeJS( 7127):        #10  The Dresden Files #10: Small Favor                      certain  tag.Grouping alb.hash-colon folder:name-corroborated
08-08 17:44:17.211 I/ReactNativeJS( 7127):        #11  The Dresden Files #11: Turn Coat                        certain  tag.Grouping alb.hash-colon folder:name-corroborated
08-08 17:44:17.211 I/ReactNativeJS( 7127):        #12  The Dresden Files #12: Changes                          certain  tag.Grouping alb.hash-colon folder:name-corroborated
08-08 17:44:17.211 I/ReactNativeJS( 7127):      #12.5  The Dresden Files #12.5: Side Jobs                      certain  tag.Grouping alb.hash-colon folder:name-corroborated
08-08 17:44:17.211 I/ReactNativeJS( 7127):        #13  The Dresden Files #13: Ghost Story                      certain  tag.Grouping alb.hash-colon folder:name-corroborated
08-08 17:44:17.211 I/ReactNativeJS( 7127):        #14  The Dresden Files #14: Cold Days                        certain  tag.Grouping alb.hash-colon folder:name-corroborated
08-08 17:44:17.211 I/ReactNativeJS( 7127):        #15  The Dresden Files #15: Skin Game                        certain  tag.Grouping alb.hash-colon folder:name-corroborated
08-08 17:44:17.211 I/ReactNativeJS( 7127):      #15.5  Brief Cases (Unabridged)                                certain  tag.extra.SERIES folder:name-corroborated
08-08 17:44:17.211 I/ReactNativeJS( 7127):        #16  Peace Talks (Unabridged)                                certain  tag.extra.SERIES folder:name-corroborated
08-08 17:44:17.211 I/ReactNativeJS( 7127):        #17  Battle Ground (Unabridged)                              certain  tag.extra.SERIES folder:name-corroborated
08-08 17:44:17.211 I/ReactNativeJS( 7127):      #17.5  The Law                                                 certain  tag.extra.SERIES folder:name-corroborated
08-08 17:44:17.211 I/ReactNativeJS( 7127):        #18  Twelve Months (Unabridged)                              certain  tag.extra.SERIES folder:name-corroborated
08-08 17:44:17.211 I/ReactNativeJS( 7127):          —  Heroic Hearts (Unabridged)                              possible folder:name-corroborated(21/22)
08-08 17:44:17.212 I/ReactNativeJS( 7127): [series] "Demon Accords"  17 books  (existing)
08-08 17:44:17.212 I/ReactNativeJS( 7127):         #1  Book 01 - God Touched - Demon Accords Series            certain  alb.book-dash-series folder:name-corroborated
08-08 17:44:17.212 I/ReactNativeJS( 7127):         #1  Volume 01 - The Demon Accords Compendium                possible folder:name-corroborated(14/17)
08-08 17:44:17.212 I/ReactNativeJS( 7127):         #2  Book 02 - Demon Driven - Demon Accords Series           certain  alb.book-dash-series folder:name-corroborated
08-08 17:44:17.212 I/ReactNativeJS( 7127):         #2  Volume 02 - The Demon Accords Compendium                possible folder:name-corroborated(14/17)
08-08 17:44:17.212 I/ReactNativeJS( 7127):         #3  Book 03 - Brutal Asset - Demon Accords Series           certain  alb.book-dash-series folder:name-corroborated
08-08 17:44:17.212 I/ReactNativeJS( 7127):         #3  Volume 3 - The Demon Accords Compendium                 possible folder:name-corroborated(14/17)
08-08 17:44:17.212 I/ReactNativeJS( 7127):       #3.5  Book 03.5 - Black Frost - Demon Accords Series          certain  alb.book-dash-series folder:name-corroborated
08-08 17:44:17.212 I/ReactNativeJS( 7127):         #4  Book 04 - Duel Nature - Demon Accords Series            certain  alb.book-dash-series folder:name-corroborated
08-08 17:44:17.212 I/ReactNativeJS( 7127):         #5  Book 05 - Fallen Stars - Demon Accords Series           certain  alb.book-dash-series folder:name-corroborated
08-08 17:44:17.212 I/ReactNativeJS( 7127):         #6  Book 06 - Executable - Demon Accords Series             certain  alb.book-dash-series folder:name-corroborated
08-08 17:44:17.212 I/ReactNativeJS( 7127):         #7  Book 07 - Forced Ascent - Demon Accords Series          certain  alb.book-dash-series folder:name-corroborated
08-08 17:44:17.212 I/ReactNativeJS( 7127):         #8  Book 08 Part 1 - College Arcane - Demon Accords Series  certain  alb.book-dash-series folder:name-corroborated
08-08 17:44:17.212 I/ReactNativeJS( 7127):         #8  Book 08 Part 2 - College Arcane - Demon Accords Series  certain  alb.book-dash-series folder:name-corroborated
08-08 17:44:17.212 I/ReactNativeJS( 7127):         #9  Book 09 - God Hammer - Demon Accords Series             certain  alb.book-dash-series folder:name-corroborated
08-08 17:44:17.212 I/ReactNativeJS( 7127):        #10  Book 10 - Rogues - Demon Accords Series                 certain  alb.book-dash-series folder:name-corroborated
08-08 17:44:17.212 I/ReactNativeJS( 7127):        #11  Book 11 - Snake Eyes - Demon Accords Series             certain  alb.book-dash-series folder:name-corroborated
08-08 17:44:17.212 I/ReactNativeJS( 7127):        #12  Book 12 - Winterfall - Demon Accords Series             certain  alb.book-dash-series folder:name-corroborated
08-08 17:44:17.213 I/ReactNativeJS( 7127): [series] "Dungeon Crawler Carl"  8 books  (existing)
08-08 17:44:17.213 I/ReactNativeJS( 7127):         #1  Dungeon Crawler Carl (Unabridged)                       certain  tag.extra.SERIES folder:name-corroborated
08-08 17:44:17.213 I/ReactNativeJS( 7127):         #2  Carl's Doomsday Scenario: Dungeon Crawler Carl, Book 2  certain  alb.book-suffix folder:name-corroborated
08-08 17:44:17.213 I/ReactNativeJS( 7127):         #3  The Dungeon Anarchist's Cookbook: Dungeon Crawler Carl  certain  alb.book-suffix folder:name-corroborated
08-08 17:44:17.213 I/ReactNativeJS( 7127):         #4  The Gate of the Feral Gods: Dungeon Crawler Carl, Book  certain  alb.book-suffix folder:name-corroborated
08-08 17:44:17.213 I/ReactNativeJS( 7127):         #5  The Butcher's Masquerade: Dungeon Crawler Carl, Book 5  certain  alb.book-suffix folder:name-corroborated
08-08 17:44:17.213 I/ReactNativeJS( 7127):         #6  The Eye of the Bedlam Bride: Dungeon Crawler Carl, Boo  certain  alb.book-suffix folder:name-corroborated
08-08 17:44:17.213 I/ReactNativeJS( 7127):         #7  This Inevitable Ruin                                    certain  tag.extra.SERIES folder:name-corroborated
08-08 17:44:17.213 I/ReactNativeJS( 7127):          —  A Parade of Horribles                                   possible folder:name-corroborated(7/8)
08-08 17:44:17.215 I/ReactNativeJS( 7127): [series] "The Dark Tower"  8 books  (existing)
08-08 17:44:17.215 I/ReactNativeJS( 7127):         #1  The Dark Tower I: The Gunslinger                        certain  alb.roman folder:name-corroborated
08-08 17:44:17.215 I/ReactNativeJS( 7127):         #2  The Dark Tower II: The Drawing Of The Three             certain  alb.roman folder:name-corroborated
08-08 17:44:17.215 I/ReactNativeJS( 7127):         #4  The Dark Tower IV: Wizard & Glass                       certain  alb.roman folder:name-corroborated
08-08 17:44:17.215 I/ReactNativeJS( 7127):         #5  The Dark Tower V: Wolves Of The Calla                   certain  alb.roman folder:name-corroborated
08-08 17:44:17.215 I/ReactNativeJS( 7127):         #6  The Dark Tower VI: Song Of Susannah                     certain  alb.roman folder:name-corroborated
08-08 17:44:17.215 I/ReactNativeJS( 7127):         #7  The Dark Tower VII: The Dark Tower                      certain  alb.roman folder:name-corroborated
08-08 17:44:17.215 I/ReactNativeJS( 7127):          —  1991 - The Waste Lands (DT3 - read by Frank Muller)     possible folder:name-corroborated(6/8)
08-08 17:44:17.215 I/ReactNativeJS( 7127):          —  LEGENDS - Stories by The Masters of Fantasy             possible folder:name-corroborated(6/8)
08-08 17:44:17.216 I/ReactNativeJS( 7127): [series] "The First Law"  7 books  (existing)
08-08 17:44:17.216 I/ReactNativeJS( 7127):         #1  01 - The Blade Itself                                   guess    folder:number-corroborated(7/7)
08-08 17:44:17.216 I/ReactNativeJS( 7127):         #2  02 - Before They Are Hanged                             guess    folder:number-corroborated(7/7)
08-08 17:44:17.216 I/ReactNativeJS( 7127):         #3  03 - Last Argument of Kings                             guess    folder:number-corroborated(7/7)
08-08 17:44:17.216 I/ReactNativeJS( 7127):         #4  04 - Best Served Cold                                   guess    folder:number-corroborated(7/7)
08-08 17:44:17.216 I/ReactNativeJS( 7127):         #5  05 - The Heroes                                         guess    folder:number-corroborated(7/7)
08-08 17:44:17.216 I/ReactNativeJS( 7127):         #6  06 - Red Country                                        guess    folder:number-corroborated(7/7)
08-08 17:44:17.216 I/ReactNativeJS( 7127):         #7  07 - Sharp Ends: Stories from the World of the First L  guess    folder:number-corroborated(7/7)
08-08 17:44:17.217 I/ReactNativeJS( 7127): [series] "Mistborn"  6 books  (existing)
08-08 17:44:17.217 I/ReactNativeJS( 7127):         #1  Mistborn 1 (Michael Kramer)                             likely   alb.name-num-sp
08-08 17:44:17.217 I/ReactNativeJS( 7127):         #2  Mistborn 2 (Michael Kramer)                             likely   alb.name-num-sp
08-08 17:44:17.217 I/ReactNativeJS( 7127):         #3  Mistborn 3 (Michael Kramer)                             likely   alb.name-num-sp
08-08 17:44:17.217 I/ReactNativeJS( 7127):         #4  Mistborn 4 (Michael Kramer)                             likely   alb.name-num-sp
08-08 17:44:17.217 I/ReactNativeJS( 7127):         #5  Mistborn 5 (Michael Kramer)                             likely   alb.name-num-sp
08-08 17:44:17.217 I/ReactNativeJS( 7127):         #6  Mistborn 6 (Michael Kramer)                             likely   alb.name-num-sp
08-08 17:44:17.219 I/ReactNativeJS( 7127): [series] "Shadow Saga"  6 books  (existing)
08-08 17:44:17.219 I/ReactNativeJS( 7127):         #1  Shadow 1 - Ender's Shadow                               certain  alb.name-num-dash folder:name-corroborated
08-08 17:44:17.219 I/ReactNativeJS( 7127):         #3  Shadow 3 - Shadow Puppets                               certain  alb.name-num-dash folder:name-corroborated
08-08 17:44:17.219 I/ReactNativeJS( 7127):         #6  Shadow of the Hegemon                                   possible folder:name-corroborated(2/6) num:folder
08-08 17:44:17.219 I/ReactNativeJS( 7127):         #8  008 - Shadow of the Giant                               possible folder:name-corroborated(2/6)
08-08 17:44:17.219 I/ReactNativeJS( 7127):         #9  Shadows in Flight                                       possible folder:name-corroborated(2/6) num:folder
08-08 17:44:17.219 I/ReactNativeJS( 7127):        #10  The Last Shadow: Other Tales from the Ender Universe    possible folder:name-corroborated(2/6) num:folder
08-08 17:44:17.220 I/ReactNativeJS( 7127): [series] "Bobiverse"  5 books  (existing)
08-08 17:44:17.220 I/ReactNativeJS( 7127):         #1  Bobiverse 01 We Are Legion (We Are Bob)                 certain  alb.name-num-sp folder:name-corroborated
08-08 17:44:17.220 I/ReactNativeJS( 7127):         #2  Bobiverse 02 For We Are Many                            certain  alb.name-num-sp folder:name-corroborated
08-08 17:44:17.220 I/ReactNativeJS( 7127):         #3  Bobiverse 03 All These Worlds                           certain  alb.name-num-sp folder:name-corroborated
08-08 17:44:17.220 I/ReactNativeJS( 7127):         #4  Bobiverse 04 Heaven's River                             certain  alb.name-num-sp folder:name-corroborated
08-08 17:44:17.220 I/ReactNativeJS( 7127):         #5  Bobiverse 05 Not Till We Are Lost                       certain  alb.name-num-sp folder:name-corroborated
08-08 17:44:17.221 I/ReactNativeJS( 7127): [series] "Long Earth"  5 books  (existing)
08-08 17:44:17.221 I/ReactNativeJS( 7127):         #1  (Long Earth 01) The Long Earth                          certain  alb.paren-pre folder:name-corroborated
08-08 17:44:17.221 I/ReactNativeJS( 7127):         #2  (Long Earth 02) The Long War                            certain  alb.paren-pre folder:name-corroborated
08-08 17:44:17.221 I/ReactNativeJS( 7127):         #3  (Long Earth 03) The Long Mars                           certain  alb.paren-pre folder:name-corroborated
08-08 17:44:17.221 I/ReactNativeJS( 7127):         #4  (Long Earth 04) The Long Utopia                         certain  alb.paren-pre folder:name-corroborated
08-08 17:44:17.221 I/ReactNativeJS( 7127):         #5  (Long Earth 05) The Long Cosmos                         certain  alb.paren-pre folder:name-corroborated
08-08 17:44:17.223 I/ReactNativeJS( 7127): [series] "Lockwood and Co."  4 books  (existing)
08-08 17:44:17.223 I/ReactNativeJS( 7127):         #1  Lockwood and Co Book 1 - The Screaming Staircase        certain  alb.series-book-n folder:name-corroborated
08-08 17:44:17.223 I/ReactNativeJS( 7127):         #2  Lockwood and Co Book 2 - The Whispering Skull           certain  alb.series-book-n folder:name-corroborated
08-08 17:44:17.223 I/ReactNativeJS( 7127):         #3  Lockwood and Co Book 3 - The Hollow Boy                 certain  alb.series-book-n folder:name-corroborated
08-08 17:44:17.223 I/ReactNativeJS( 7127):         #5  Lockwood & Co: The Empty Grave (Unabridged)             possible folder:name-corroborated(3/5) num:folder
08-08 17:44:17.224 I/ReactNativeJS( 7127): [series] "Memory, Sorrow & Thorn"  4 books  (existing)
08-08 17:44:17.224 I/ReactNativeJS( 7127):         #1  01 The Dragonbone Chair                                 guess    folder:number-corroborated(4/4)
08-08 17:44:17.224 I/ReactNativeJS( 7127):         #2  02 The Stone of Farewell                                guess    folder:number-corroborated(4/4)
08-08 17:44:17.224 I/ReactNativeJS( 7127):         #3  03 To Green Angel Tower - Siege                         guess    folder:number-corroborated(4/4)
08-08 17:44:17.224 I/ReactNativeJS( 7127):         #4  04 To Green Angel Tower - Storm                         guess    folder:number-corroborated(4/4)
08-08 17:44:17.225 I/ReactNativeJS( 7127): [series] "The Murderbot Diaries"  4 books  (existing)
08-08 17:44:17.225 I/ReactNativeJS( 7127):         #3  Rogue Protocol: The Murderbot Diaries, Book 3           likely   alb.book-suffix
08-08 17:44:17.225 I/ReactNativeJS( 7127):         #5  Network Effect                                          certain  tag.extra.SERIES
08-08 17:44:17.225 I/ReactNativeJS( 7127):         #6  The Murderbot Diaries 6: Fugitive Telemetry             likely   alb.name-num-dash
08-08 17:44:17.225 I/ReactNativeJS( 7127):         #7  Martha Wells - The Murderbot Diaries 07 - System Colla  likely   alb.name-num-dash
08-08 17:44:17.226 I/ReactNativeJS( 7127): [series] "Bromeliad"  3 books  (existing)
08-08 17:44:17.226 I/ReactNativeJS( 7127):         #1  Bromeliad 01 - Truckers                                 certain  alb.name-num-dash folder:name-corroborated
08-08 17:44:17.226 I/ReactNativeJS( 7127):         #2  Bromeliad 02 - Diggers                                  certain  alb.name-num-dash folder:name-corroborated
08-08 17:44:17.226 I/ReactNativeJS( 7127):         #3  Bromeliad 03 - Wings                                    certain  alb.name-num-dash folder:name-corroborated
08-08 17:44:17.228 I/ReactNativeJS( 7127): [series] "Crouch, B"  3 books  (existing)
08-08 17:44:17.228 I/ReactNativeJS( 7127):         #1  Crouch, B: 1 Pines                                      likely   alb.name-num-sp
08-08 17:44:17.228 I/ReactNativeJS( 7127):         #2  Crouch, B: 2 Wayward                                    likely   alb.name-num-sp
08-08 17:44:17.228 I/ReactNativeJS( 7127):         #3  Crouch, B: 3 The Last Town                              likely   alb.name-num-sp
08-08 17:44:17.229 I/ReactNativeJS( 7127): [series] "Lord of the Rings"  3 books  (existing)
08-08 17:44:17.229 I/ReactNativeJS( 7127):         #1  The Fellowship of the Ring: Lord of the Rings, Book 1   likely   alb.book-suffix
08-08 17:44:17.229 I/ReactNativeJS( 7127):         #2  The Two Towers: Lord of the Rings, Book 2               likely   alb.book-suffix
08-08 17:44:17.229 I/ReactNativeJS( 7127):         #3  The Return of the King: Lord of the Rings, Book 3       likely   alb.book-suffix
08-08 17:44:17.230 I/ReactNativeJS( 7127): [series] "The Age of Madness"  3 books  (existing)
08-08 17:44:17.230 I/ReactNativeJS( 7127):         #1  01 - A Little Hatred                                    guess    folder:number-corroborated(3/3)
08-08 17:44:17.230 I/ReactNativeJS( 7127):         #2  02 - The Trouble with Peace                             guess    folder:number-corroborated(3/3)
08-08 17:44:17.230 I/ReactNativeJS( 7127):         #3  03 - The Wisdom of Crowds                               guess    folder:number-corroborated(3/3)
08-08 17:44:17.231 I/ReactNativeJS( 7127): [series] "The Silo Saga"  3 books  (existing)
08-08 17:44:17.231 I/ReactNativeJS( 7127):         #1  Wool: The Silo Saga, Book 1                             certain  tag.Grouping alb.book-suffix folder:name-corroborated
08-08 17:44:17.231 I/ReactNativeJS( 7127):         #2  Shift: The Silo Saga, Book 2                            certain  alb.book-suffix folder:name-corroborated
08-08 17:44:17.231 I/ReactNativeJS( 7127):         #3  Dust: The Silo Saga, Book 3                             certain  alb.book-suffix folder:name-corroborated
08-08 17:44:17.233 I/ReactNativeJS( 7127): [series] "TMC"  3 books  (existing)
08-08 17:44:17.233 I/ReactNativeJS( 7127):         #1  TMC 01 Thursday Murder Club                             likely   alb.name-num-sp
08-08 17:44:17.233 I/ReactNativeJS( 7127):         #2  TMC 02 The Man Who Died Twice                           likely   alb.name-num-sp
08-08 17:44:17.233 I/ReactNativeJS( 7127):         #3  TMC 03 The Bullet That Missed                           likely   alb.name-num-sp
08-08 17:44:17.234 I/ReactNativeJS( 7127): [series] "Cerulean Chronicles"  2 books  (existing)
08-08 17:44:17.234 I/ReactNativeJS( 7127):         #1  Cerulean Chronicles 01 - The House in the Cerulean Sea  certain  tag.extra.SERIES alb.name-num-dash
08-08 17:44:17.234 I/ReactNativeJS( 7127):         #2  Cerulean Chronicles 02 - Somewhere Beyond the Sea       certain  tag.extra.SERIES alb.name-num-dash
08-08 17:44:17.235 I/ReactNativeJS( 7127): [series] "Kingkiller Chronicle"  2 books  (existing)
08-08 17:44:17.235 I/ReactNativeJS( 7127):         #1  Kingkiller Chronicle 01 The Name of the Wind            likely   alb.name-num-sp
08-08 17:44:17.235 I/ReactNativeJS( 7127):         #2  Kingkiller Chronicle 02 The Wise Man's Fear             likely   alb.name-num-sp
08-08 17:44:17.236 I/ReactNativeJS( 7127): [series] "Red Rising"  2 books  (existing)
08-08 17:44:17.236 I/ReactNativeJS( 7127):         #5  Red Rising, Book 5 - Dark Age                           likely   alb.series-book-n
08-08 17:44:17.236 I/ReactNativeJS( 7127):         #6  Light Bringer: Red Rising, Book 6                       likely   alb.book-suffix
08-08 17:44:17.238 I/ReactNativeJS( 7127): [series] detection (conservative): 351 units → 23 series, 200 books placed · created 0 (0 rows) · inserted 1 · removed 0 · skipped 0 · 224ms
08-08 17:44:17.240 I/ReactNativeJS( 7127): [scan] 2067ms total · 3461 files, 1 new (209.0ms/new file) — enumerate 1045ms · existing-urls 196ms · process 209ms · cleanup 249ms · detect 257ms
08-08 17:44:17.273 I/ReactNativeJS( 7127): [rowprobe] item 61RMHi8qXY3Z8eaN h=212
08-08 17:44:17.274 I/ReactNativeJS( 7127): [rowprobe] item hCBT6Jlc0xVmzAz6 h=212
08-08 17:44:17.275 I/ReactNativeJS( 7127): [rowprobe] item 6dKRX1BiIT33s7Y3 h=212
