08-08 23:43:43.865 D/ReactNativeJS(18909): [RevenueCat] ℹ️ App backgrounded
08-08 23:43:43.902 D/ReactNativeJS(18909): [RevenueCat] ℹ️ No subscriber attributes to synchronize.
08-08 23:43:45.723 D/ReactNativeJS(18909): [RevenueCat] ℹ️ App foregrounded
08-08 23:43:45.729 D/ReactNativeJS(18909): [RevenueCat] ℹ️ Checking if cache is stale AppInBackground false
08-08 23:43:45.732 D/ReactNativeJS(18909): [RevenueCat] ℹ️ CustomerInfo cache is stale, updating from network in foreground.
08-08 23:43:45.738 D/ReactNativeJS(18909): [RevenueCat] Retrieving customer info with policy: FETCH_CURRENT
08-08 23:43:45.744 D/ReactNativeJS(18909): [RevenueCat] ℹ️ Updating pending purchase queue
08-08 23:43:45.747 D/ReactNativeJS(18909): [RevenueCat] ℹ️ Checking if cache is stale AppInBackground false
08-08 23:43:45.753 D/ReactNativeJS(18909): [RevenueCat] ℹ️ Offerings cache is stale, updating from network in foreground
08-08 23:43:45.756 D/ReactNativeJS(18909): [RevenueCat] ℹ️ Querying purchases
08-08 23:43:45.758 D/ReactNativeJS(18909): [RevenueCat] 😻 Start Offerings update from network.
08-08 23:43:45.762 D/ReactNativeJS(18909): [RevenueCat] Request already scheduled with jitter delay, adding existing callbacks to unjittered request with key: BackgroundAwareCallbackCacheKey(cacheKey=[/v1/subscribers/%24RCAnonymousID%3Af417f2fd439842af90398d8864855efe/offerings], appInBackground=false)
08-08 23:43:45.764 D/ReactNativeJS(18909): [RevenueCat] ℹ️ Updating pending purchase queue
08-08 23:43:45.766 D/ReactNativeJS(18909): [RevenueCat] ℹ️ No subscriber attributes to synchronize.
08-08 23:43:45.807 D/ReactNativeJS(18909): [RevenueCat] Retrieving customer info with policy: CACHED_OR_FETCHED
08-08 23:43:45.812 D/ReactNativeJS(18909): [RevenueCat] ℹ️ Vending CustomerInfo from cache.
08-08 23:43:45.816 D/ReactNativeJS(18909): [RevenueCat] ℹ️ Checking if cache is stale AppInBackground false
08-08 23:43:45.818 D/ReactNativeJS(18909): [RevenueCat] ℹ️ CustomerInfo cache is stale, updating from network in foreground.
08-08 23:43:45.821 D/ReactNativeJS(18909): [RevenueCat] ℹ️ Updating pending purchase queue
08-08 23:43:45.826 D/ReactNativeJS(18909): [RevenueCat] ℹ️ Purchase of type INAPP with hash +kORLy46FojrPu9U/FL3iTpN9E4=
08-08 23:43:45.829 D/ReactNativeJS(18909): [RevenueCat] ℹ️ Cleaning previously sent tokens
08-08 23:43:45.831 D/ReactNativeJS(18909): [RevenueCat] ℹ️ Tokens already posted: [+kORLy46FojrPu9U/FL3iTpN9E4=]
08-08 23:43:45.833 D/ReactNativeJS(18909): [RevenueCat] ℹ️ Saving tokens [+kORLy46FojrPu9U/FL3iTpN9E4=]
08-08 23:43:45.835 D/ReactNativeJS(18909): [RevenueCat] ℹ️ Tokens already posted: [+kORLy46FojrPu9U/FL3iTpN9E4=]
08-08 23:43:45.837 D/ReactNativeJS(18909): [RevenueCat] ℹ️ No pending purchases to sync
08-08 23:43:45.839 D/ReactNativeJS(18909): [RevenueCat] Request already scheduled with jitter delay, adding existing callbacks to unjittered request with key: BackgroundAwareCallbackCacheKey(cacheKey=[/v1/subscribers/%24RCAnonymousID%3Af417f2fd439842af90398d8864855efe], appInBackground=false)
08-08 23:43:45.842 D/ReactNativeJS(18909): [RevenueCat] ℹ️ Vending Offerings from cache
08-08 23:43:45.844 D/ReactNativeJS(18909): [RevenueCat] ℹ️ Checking if cache is stale AppInBackground false
08-08 23:43:45.846 D/ReactNativeJS(18909): [RevenueCat] ℹ️ Offerings cache is stale, updating from network in foreground
08-08 23:43:45.848 D/ReactNativeJS(18909): [RevenueCat] 😻 Start Offerings update from network.
08-08 23:43:45.854 D/ReactNativeJS(18909): [RevenueCat] Same call already in progress, adding to callbacks map with key: BackgroundAwareCallbackCacheKey(cacheKey=[/v1/subscribers/%24RCAnonymousID%3Af417f2fd439842af90398d8864855efe/offerings], appInBackground=false)
08-08 23:43:45.857 D/ReactNativeJS(18909): [RevenueCat] Request already scheduled with jitter delay, adding existing callbacks to unjittered request with key: BackgroundAwareCallbackCacheKey(cacheKey=[/v1/subscribers/%24RCAnonymousID%3Af417f2fd439842af90398d8864855efe/offerings], appInBackground=false)
08-08 23:43:46.271 D/ReactNativeJS(18909): [RevenueCat] API request started: GET /v1/subscribers/%24RCAnonymousID%3Af417f2fd439842af90398d8864855efe/offerings
08-08 23:43:46.283 D/ReactNativeJS(18909): [RevenueCat] API request completed with status: GET /v1/subscribers/%24RCAnonymousID%3Af417f2fd439842af90398d8864855efe/offerings 304
08-08 23:43:46.295 D/ReactNativeJS(18909): [RevenueCat] ℹ️ Requesting products from the store with identifiers: pro
08-08 23:43:46.302 D/ReactNativeJS(18909): [RevenueCat] ℹ️ Requesting products from the store with identifiers: pro
08-08 23:43:46.307 D/ReactNativeJS(18909): [RevenueCat] ℹ️ Querying purchases
08-08 23:43:46.313 D/ReactNativeJS(18909): [RevenueCat] ℹ️ Querying purchases
08-08 23:43:46.318 D/ReactNativeJS(18909): [RevenueCat] ℹ️ Purchase of type INAPP with hash +kORLy46FojrPu9U/FL3iTpN9E4=
08-08 23:43:46.322 D/ReactNativeJS(18909): [RevenueCat] ℹ️ Purchase of type INAPP with hash +kORLy46FojrPu9U/FL3iTpN9E4=
08-08 23:43:46.326 D/ReactNativeJS(18909): [RevenueCat] ℹ️ Cleaning previously sent tokens
08-08 23:43:46.330 D/ReactNativeJS(18909): [RevenueCat] ℹ️ Tokens already posted: [+kORLy46FojrPu9U/FL3iTpN9E4=]
08-08 23:43:46.333 D/ReactNativeJS(18909): [RevenueCat] ℹ️ Products request finished for pro
08-08 23:43:46.341 D/ReactNativeJS(18909): [RevenueCat] 💰 Retrieved productDetailsList: 
08-08 23:43:46.344 I/ReactNativeJS(18909): [RevenueCat] ℹ️ Missing productDetails: UnfetchedProduct{productId='pro', productType='subs', statusCode=3}
08-08 23:43:46.348 I/ReactNativeJS(18909): [RevenueCat] ℹ️ Product not found: pro - Product Type: subs, Reason: PRODUCT_NOT_FOUND, Serialized doc ID: 
08-08 23:43:46.352 D/ReactNativeJS(18909): [RevenueCat] ℹ️ Saving tokens [+kORLy46FojrPu9U/FL3iTpN9E4=]
08-08 23:43:46.356 D/ReactNativeJS(18909): [RevenueCat] ℹ️ Requesting products from the store with identifiers: pro
08-08 23:43:46.358 D/ReactNativeJS(18909): [RevenueCat] ℹ️ Tokens already posted: [+kORLy46FojrPu9U/FL3iTpN9E4=]
08-08 23:43:46.361 D/ReactNativeJS(18909): [RevenueCat] ℹ️ Cleaning previously sent tokens
08-08 23:43:46.363 D/ReactNativeJS(18909): [RevenueCat] ℹ️ No pending purchases to sync
08-08 23:43:46.365 D/ReactNativeJS(18909): [RevenueCat] ℹ️ Tokens already posted: [+kORLy46FojrPu9U/FL3iTpN9E4=]
08-08 23:43:46.367 D/ReactNativeJS(18909): [RevenueCat] ℹ️ Saving tokens [+kORLy46FojrPu9U/FL3iTpN9E4=]
08-08 23:43:46.369 D/ReactNativeJS(18909): [RevenueCat] ℹ️ Tokens already posted: [+kORLy46FojrPu9U/FL3iTpN9E4=]
08-08 23:43:46.373 D/ReactNativeJS(18909): [RevenueCat] ℹ️ No pending purchases to sync
08-08 23:43:46.376 D/ReactNativeJS(18909): [RevenueCat] Same call already in progress, adding to callbacks map with key: BackgroundAwareCallbackCacheKey(cacheKey=[/v1/subscribers/%24RCAnonymousID%3Af417f2fd439842af90398d8864855efe], appInBackground=false)
08-08 23:43:46.378 D/ReactNativeJS(18909): [RevenueCat] Request already scheduled with jitter delay, adding existing callbacks to unjittered request with key: BackgroundAwareCallbackCacheKey(cacheKey=[/v1/subscribers/%24RCAnonymousID%3Af417f2fd439842af90398d8864855efe], appInBackground=false)
08-08 23:43:46.380 D/ReactNativeJS(18909): [RevenueCat] ℹ️ Products request finished for pro
08-08 23:43:46.382 D/ReactNativeJS(18909): [RevenueCat] ℹ️ Products request finished for pro
08-08 23:43:46.385 D/ReactNativeJS(18909): [RevenueCat] 💰 Retrieved productDetailsList: ProductDetails{jsonString='{"productId":"pro","type":"inapp","title":"Pro (Sonicbooks)","name":"Pro","description":"One time payment grants a lifetime subscription to access all Pro features.","localizedIn":["en-US"],"skuDetailsToken":"AEuhp4JSoa2Fshv0iNYEeUEl9hmLwNZGhG-ZAPeZV7EH2_YXg6qU6QufQn18kX9J51fkOMa_3NyBmbA=","oneTimePurchaseOfferDetails":{},"oneTimePurchaseOfferDetailsList":[{"priceAmountMicros":3990000,"priceCurrencyCode":"USD","formattedPrice":"$3.99","offerIdToken":"AXW7mMtmSb18y4Wwv4t1Uqt18ejthC1psw+uv\/OGOMUJ2T3DRsopHFuR\/jPsp0SEYtUaAxma8g==","purchaseOptionId":"pro","offerTags":[]}]}', parsedJson={"productId":"pro","type":"inapp","title":"Pro (Sonicbooks)","name":"Pro","description":"One time payment grants a lifetime subscription to access all Pro features.","localizedIn":["en-US"],"skuDetailsToken":"AEuhp4JSoa2Fshv0iNYEeUEl9hmLwNZGhG-ZAPeZV7EH2_YXg6qU6QufQn18kX9J51fkOMa_3NyBmbA=","oneTimePurchaseOfferDetails":{},"oneTimePurchaseOfferDetailsList":[{"priceAmountMicros":3990000,"priceCurrencyCode":"USD","formattedPrice":"$3.99","offerIdToken":"AXW7mMtmSb18y4Wwv4t1Uqt18ejthC1psw+uv\/OGOMUJ2T3DRsopHFuR\/jPsp0SEYtUaAxma8g==","purchaseOptionId":"pro","offerTags":[]}]}, productId='pro', productType='inapp', title='Pro (Sonicbooks)', productDetailsToken='AEuhp4JSoa2Fshv0iNYEeUEl9hmLwNZGhG-ZAPeZV7EH2_YXg6qU6QufQn18kX9J51fkOMa_3NyBmbA=', subscriptionOfferDetails=null}
08-08 23:43:46.387 D/ReactNativeJS(18909): [RevenueCat] 💰 Retrieved productDetailsList: 
08-08 23:43:46.389 D/ReactNativeJS(18909): [RevenueCat] 💰 pro - ProductDetails{jsonString='{"productId":"pro","type":"inapp","title":"Pro (Sonicbooks)","name":"Pro","description":"One time payment grants a lifetime subscription to access all Pro features.","localizedIn":["en-US"],"skuDetailsToken":"AEuhp4JSoa2Fshv0iNYEeUEl9hmLwNZGhG-ZAPeZV7EH2_YXg6qU6QufQn18kX9J51fkOMa_3NyBmbA=","oneTimePurchaseOfferDetails":{},"oneTimePurchaseOfferDetailsList":[{"priceAmountMicros":3990000,"priceCurrencyCode":"USD","formattedPrice":"$3.99","offerIdToken":"AXW7mMtmSb18y4Wwv4t1Uqt18ejthC1psw+uv\/OGOMUJ2T3DRsopHFuR\/jPsp0SEYtUaAxma8g==","purchaseOptionId":"pro","offerTags":[]}]}', parsedJson={"productId":"pro","type":"inapp","title":"Pro (Sonicbooks)","name":"Pro","description":"One time payment grants a lifetime subscription to access all Pro features.","localizedIn":["en-US"],"skuDetailsToken":"AEuhp4JSoa2Fshv0iNYEeUEl9hmLwNZGhG-ZAPeZV7EH2_YXg6qU6QufQn18kX9J51fkOMa_3NyBmbA=","oneTimePurchaseOfferDetails":{},"oneTimePurchaseOfferDetailsList":[{"priceAmountMicros":3990000,"priceCurrencyCode":"USD","formattedPrice":"$3.99","offerIdToken":"AXW7mMtmSb18y4Wwv4t1Uqt18ejthC1psw+uv\/OGOMUJ2T3DRsopHFuR\/jPsp0SEYtUaAxma8g==","purchaseOptionId":"pro","offerTags":[]}]}, productId='pro', productType='inapp', title='Pro (Sonicbooks)', productDetailsToken='AEuhp4JSoa2Fshv0iNYEeUEl9hmLwNZGhG-ZAPeZV7EH2_YXg6qU6QufQn18kX9J51fkOMa_3NyBmbA=', subscriptionOfferDetails=null}
08-08 23:43:46.391 I/ReactNativeJS(18909): [RevenueCat] ℹ️ Missing productDetails: UnfetchedProduct{productId='pro', productType='subs', statusCode=3}
08-08 23:43:46.393 D/ReactNativeJS(18909): [RevenueCat] ℹ️ Building offerings response with 1 products
08-08 23:43:46.396 I/ReactNativeJS(18909): [RevenueCat] ℹ️ Product not found: pro - Product Type: subs, Reason: PRODUCT_NOT_FOUND, Serialized doc ID: 
08-08 23:43:46.405 D/ReactNativeJS(18909): [RevenueCat] API request started: GET /v1/subscribers/%24RCAnonymousID%3Af417f2fd439842af90398d8864855efe
08-08 23:43:46.407 D/ReactNativeJS(18909): [RevenueCat] API request completed with status: GET /v1/subscribers/%24RCAnonymousID%3Af417f2fd439842af90398d8864855efe 304
08-08 23:43:46.409 D/ReactNativeJS(18909): [RevenueCat] 😻 CustomerInfo updated from network.
08-08 23:43:46.412 D/ReactNativeJS(18909): [RevenueCat] 😻 CustomerInfo updated from network.
08-08 23:43:46.426 D/ReactNativeJS(18909): [RevenueCat] Block store: Not storing user id since there is one already present.
08-08 23:43:46.429 D/ReactNativeJS(18909): [RevenueCat] OfferingImagePreDownloader: starting image download
08-08 23:43:46.432 D/ReactNativeJS(18909): [RevenueCat] Pre-downloading Paywall V2 image: https://assets.pawwalls.com/1370130_low_res_1769842758_6d7ae17c.webp
08-08 23:43:46.434 D/ReactNativeJS(18909): [RevenueCat] Pre-downloading Paywall V2 image: https://icons.pawwalls.com/check.webp
08-08 23:43:46.436 D/ReactNativeJS(18909): [RevenueCat] ℹ️ Requesting products from the store with identifiers: pro
08-08 23:43:46.438 D/ReactNativeJS(18909): [RevenueCat] ℹ️ Products request finished for pro
08-08 23:43:46.441 D/ReactNativeJS(18909): [RevenueCat] 💰 Retrieved productDetailsList: ProductDetails{jsonString='{"productId":"pro","type":"inapp","title":"Pro (Sonicbooks)","name":"Pro","description":"One time payment grants a lifetime subscription to access all Pro features.","localizedIn":["en-US"],"skuDetailsToken":"AEuhp4JSoa2Fshv0iNYEeUEl9hmLwNZGhG-ZAPeZV7EH2_YXg6qU6QufQn18kX9J51fkOMa_3NyBmbA=","oneTimePurchaseOfferDetails":{},"oneTimePurchaseOfferDetailsList":[{"priceAmountMicros":3990000,"priceCurrencyCode":"USD","formattedPrice":"$3.99","offerIdToken":"AXW7mMtmSb18y4Wwv4t1Uqt18ejthC1psw+uv\/OGOMUJ2T3DRsopHFuR\/jPsp0SEYtUaAxma8g==","purchaseOptionId":"pro","offerTags":[]}]}', parsedJson={"productId":"pro","type":"inapp","title":"Pro (Sonicbooks)","name":"Pro","description":"One time payment grants a lifetime subscription to access all Pro features.","localizedIn":["en-US"],"skuDetailsToken":"AEuhp4JSoa2Fshv0iNYEeUEl9hmLwNZGhG-ZAPeZV7EH2_YXg6qU6QufQn18kX9J51fkOMa_3NyBmbA=","oneTimePurchaseOfferDetails":{},"oneTimePurchaseOfferDetailsList":[{"priceAmountMicros":3990000,"priceCurrencyCode":"USD","formattedPrice":"$3.99","offerIdToken":"AXW7mMtmSb18y4Wwv4t1Uqt18ejthC1psw+uv\/OGOMUJ2T3DRsopHFuR\/jPsp0SEYtUaAxma8g==","purchaseOptionId":"pro","offerTags":[]}]}, productId='pro', productType='inapp', title='Pro (Sonicbooks)', productDetailsToken='AEuhp4JSoa2Fshv0iNYEeUEl9hmLwNZGhG-ZAPeZV7EH2_YXg6qU6QufQn18kX9J51fkOMa_3NyBmbA=', subscriptionOfferDetails=null}
08-08 23:43:46.443 D/ReactNativeJS(18909): [RevenueCat] 💰 pro - ProductDetails{jsonString='{"productId":"pro","type":"inapp","title":"Pro (Sonicbooks)","name":"Pro","description":"One time payment grants a lifetime subscription to access all Pro features.","localizedIn":["en-US"],"skuDetailsToken":"AEuhp4JSoa2Fshv0iNYEeUEl9hmLwNZGhG-ZAPeZV7EH2_YXg6qU6QufQn18kX9J51fkOMa_3NyBmbA=","oneTimePurchaseOfferDetails":{},"oneTimePurchaseOfferDetailsList":[{"priceAmountMicros":3990000,"priceCurrencyCode":"USD","formattedPrice":"$3.99","offerIdToken":"AXW7mMtmSb18y4Wwv4t1Uqt18ejthC1psw+uv\/OGOMUJ2T3DRsopHFuR\/jPsp0SEYtUaAxma8g==","purchaseOptionId":"pro","offerTags":[]}]}', parsedJson={"productId":"pro","type":"inapp","title":"Pro (Sonicbooks)","name":"Pro","description":"One time payment grants a lifetime subscription to access all Pro features.","localizedIn":["en-US"],"skuDetailsToken":"AEuhp4JSoa2Fshv0iNYEeUEl9hmLwNZGhG-ZAPeZV7EH2_YXg6qU6QufQn18kX9J51fkOMa_3NyBmbA=","oneTimePurchaseOfferDetails":{},"oneTimePurchaseOfferDetailsList":[{"priceAmountMicros":3990000,"priceCurrencyCode":"USD","formattedPrice":"$3.99","offerIdToken":"AXW7mMtmSb18y4Wwv4t1Uqt18ejthC1psw+uv\/OGOMUJ2T3DRsopHFuR\/jPsp0SEYtUaAxma8g==","purchaseOptionId":"pro","offerTags":[]}]}, productId='pro', productType='inapp', title='Pro (Sonicbooks)', productDetailsToken='AEuhp4JSoa2Fshv0iNYEeUEl9hmLwNZGhG-ZAPeZV7EH2_YXg6qU6QufQn18kX9J51fkOMa_3NyBmbA=', subscriptionOfferDetails=null}
08-08 23:43:46.445 D/ReactNativeJS(18909): [RevenueCat] ℹ️ Building offerings response with 1 products
08-08 23:43:47.378 D/ReactNativeJS(18909): [RevenueCat] OfferingImagePreDownloader: starting image download
08-08 23:43:47.382 D/ReactNativeJS(18909): [RevenueCat] Pre-downloading Paywall V2 image: https://assets.pawwalls.com/1370130_low_res_1769842758_6d7ae17c.webp
08-08 23:43:47.385 D/ReactNativeJS(18909): [RevenueCat] Pre-downloading Paywall V2 image: https://icons.pawwalls.com/check.webp
08-08 23:43:47.425 D/ReactNativeJS(18909): [RevenueCat] Font downloaded successfully from https://fonts.pawwalls.com/1370130_7fb5fc75_b173809d324f90872967.ttf
08-08 23:43:48.043 I/ReactNativeJS(18909): [rowprobe] inner recentlyAdded h=220.00003051757812
08-08 23:43:48.045 I/ReactNativeJS(18909): [rowprobe] inner Agatha Christie h=220
08-08 23:43:48.048 I/ReactNativeJS(18909): [rowprobe] item wqWMJLhWG8HWba1c h=212.00003051757812
08-08 23:43:48.050 I/ReactNativeJS(18909): [rowprobe] item wqWMJLhWG8HWba1c h=212
08-08 23:43:48.470 I/ReactNativeJS(18909): [rowprobe] inner recentlyAdded h=220.00001525878906
08-08 23:43:48.475 I/ReactNativeJS(18909): [rowprobe] item wqWMJLhWG8HWba1c h=212.00001525878906
08-08 23:43:48.478 I/ReactNativeJS(18909): [rowprobe] item 2Se4aEWHJb1mPVhh h=212.00001525878906
08-08 23:43:48.480 I/ReactNativeJS(18909): [rowprobe] inner Andy Weir h=220
08-08 23:43:48.482 I/ReactNativeJS(18909): [rowprobe] item 2Se4aEWHJb1mPVhh h=212
08-08 23:43:48.954 I/ReactNativeJS(18909): [rowprobe] item zlJvmRLOdYTyXvkd h=212.00001525878906
08-08 23:43:48.956 I/ReactNativeJS(18909): [rowprobe] item zlJvmRLOdYTyXvkd h=212
08-08 23:43:49.350 I/ReactNativeJS(18909): [rowprobe] item zNftQnaD96CCQ1dy h=212.00001525878906
08-08 23:43:49.352 I/ReactNativeJS(18909): [rowprobe] item zNftQnaD96CCQ1dy h=212
08-08 23:43:52.036 I/ReactNativeJS(18909): [rowprobe] inner Ben Aaronovitch h=220
08-08 23:43:52.038 I/ReactNativeJS(18909): [rowprobe] item NMDXxg7JITLfilOj h=212
08-08 23:43:52.041 I/ReactNativeJS(18909): [rowprobe] item UG4I96wQG1b3qIuE h=212
08-08 23:43:52.421 I/ReactNativeJS(18909): [rowprobe] item uUEPA2Oqh5nMKYzv h=212
08-08 23:43:52.424 I/ReactNativeJS(18909): [rowprobe] item fm71NcW5PGrqYPqH h=212
08-08 23:44:04.685 I/ReactNativeJS(18909): [rowprobe] item yPaZ1h6C5nit0Ftt h=212.00001525878906
08-08 23:44:04.688 I/ReactNativeJS(18909): [rowprobe] item YSfUPsI1HBuwlHEj h=212.00001525878906
08-08 23:44:04.690 I/ReactNativeJS(18909): [rowprobe] item Ikiodq7Xjy9FsjUi h=212.00001525878906
08-08 23:44:04.692 I/ReactNativeJS(18909): [rowprobe] item RabUjbRo420MWHea h=212.00001525878906
08-08 23:44:05.204 I/ReactNativeJS(18909): [rowprobe] item BCS0ooKEjubWGIhX h=212.00001525878906
08-08 23:44:05.206 I/ReactNativeJS(18909): [rowprobe] item YSfUPsI1HBuwlHEj h=212.00001525878906
08-08 23:44:05.208 I/ReactNativeJS(18909): [rowprobe] item Ikiodq7Xjy9FsjUi h=212.00001525878906
08-08 23:44:05.210 I/ReactNativeJS(18909): [rowprobe] item Lm0cS2UOehh07Tpo h=212.00001525878906
08-08 23:44:05.598 I/ReactNativeJS(18909): [rowprobe] item BCS0ooKEjubWGIhX h=212.00001525878906
08-08 23:44:05.603 I/ReactNativeJS(18909): [rowprobe] item yPaZ1h6C5nit0Ftt h=212.00001525878906
08-08 23:44:05.605 I/ReactNativeJS(18909): [rowprobe] item YSfUPsI1HBuwlHEj h=212.00001525878906
08-08 23:44:05.611 I/ReactNativeJS(18909): [rowprobe] item Lm0cS2UOehh07Tpo h=212.00001525878906
08-08 23:44:06.227 I/ReactNativeJS(18909): [rowprobe] item fGYKRnsdi8tYXB46 h=212.00001525878906
08-08 23:44:06.230 I/ReactNativeJS(18909): [rowprobe] item yPaZ1h6C5nit0Ftt h=212.00001525878906
08-08 23:44:06.232 I/ReactNativeJS(18909): [rowprobe] item YSfUPsI1HBuwlHEj h=212.00001525878906
08-08 23:44:06.234 I/ReactNativeJS(18909): [rowprobe] item Lm0cS2UOehh07Tpo h=212.00001525878906
08-08 23:44:06.747 I/ReactNativeJS(18909): [rowprobe] item yPaZ1h6C5nit0Ftt h=212.00001525878906
08-08 23:44:06.750 I/ReactNativeJS(18909): [rowprobe] item 5MrMKVApGbrceuL8 h=212.00001525878906
08-08 23:44:06.757 I/ReactNativeJS(18909): [rowprobe] item Lm0cS2UOehh07Tpo h=212.00001525878906
08-08 23:44:07.171 I/ReactNativeJS(18909): [rowprobe] item fGYKRnsdi8tYXB46 h=212.00001525878906
08-08 23:44:07.173 I/ReactNativeJS(18909): [rowprobe] item 19OdGgVICJK8VSIJ h=212.00001525878906
08-08 23:44:07.175 I/ReactNativeJS(18909): [rowprobe] item 2Glr753Tk458IhCA h=212.00001525878906
08-08 23:44:07.177 I/ReactNativeJS(18909): [rowprobe] item Lm0cS2UOehh07Tpo h=212.00001525878906
08-08 23:44:07.180 I/ReactNativeJS(18909): [rowprobe] item 5MrMKVApGbrceuL8 h=212.00001525878906
08-08 23:44:07.395 I/ReactNativeJS(18909): [rowprobe] item fGYKRnsdi8tYXB46 h=212.00001525878906
08-08 23:44:07.397 I/ReactNativeJS(18909): [rowprobe] item 5MrMKVApGbrceuL8 h=212.00001525878906
08-08 23:44:07.401 I/ReactNativeJS(18909): [rowprobe] item ZplXdmccFAZK1Wct h=212.00001525878906
08-08 23:44:07.403 I/ReactNativeJS(18909): [rowprobe] item 19OdGgVICJK8VSIJ h=212.00001525878906
08-08 23:44:07.819 I/ReactNativeJS(18909): [rowprobe] item fGYKRnsdi8tYXB46 h=212.00001525878906
08-08 23:44:07.821 I/ReactNativeJS(18909): [rowprobe] item 19OdGgVICJK8VSIJ h=212.00001525878906
08-08 23:44:07.823 I/ReactNativeJS(18909): [rowprobe] item 5MrMKVApGbrceuL8 h=212.00001525878906
08-08 23:44:07.825 I/ReactNativeJS(18909): [rowprobe] item l1cxFlZ4YzpGBc6w h=212.00001525878906
08-08 23:44:07.827 I/ReactNativeJS(18909): [rowprobe] item 2Glr753Tk458IhCA h=212.00001525878906
08-08 23:44:08.515 I/ReactNativeJS(18909): [rowprobe] item 19OdGgVICJK8VSIJ h=212.00001525878906
08-08 23:44:08.519 I/ReactNativeJS(18909): [rowprobe] item 5MrMKVApGbrceuL8 h=212.00001525878906
08-08 23:44:08.522 I/ReactNativeJS(18909): [rowprobe] item l1cxFlZ4YzpGBc6w h=212.00001525878906
08-08 23:44:08.900 I/ReactNativeJS(18909): [rowprobe] item 6YwSoUgf9TtTnYTm h=212.00001525878906
08-08 23:44:08.903 I/ReactNativeJS(18909): [rowprobe] item 19OdGgVICJK8VSIJ h=212.00001525878906
08-08 23:44:08.905 I/ReactNativeJS(18909): [rowprobe] item 5MrMKVApGbrceuL8 h=212.00001525878906
08-08 23:44:08.908 I/ReactNativeJS(18909): [rowprobe] item ZplXdmccFAZK1Wct h=212.00001525878906
08-08 23:44:09.155 I/ReactNativeJS(18909): [rowprobe] item uyP4Qt57CnOQ5MB8 h=212.00001525878906
08-08 23:44:09.158 I/ReactNativeJS(18909): [rowprobe] item 19OdGgVICJK8VSIJ h=212.00001525878906
08-08 23:44:09.160 I/ReactNativeJS(18909): [rowprobe] item ZplXdmccFAZK1Wct h=212.00001525878906
08-08 23:44:09.162 I/ReactNativeJS(18909): [rowprobe] item l1cxFlZ4YzpGBc6w h=212.00001525878906
08-08 23:44:09.330 I/ReactNativeJS(18909): [rowprobe] item dcDcE5lFAELftFWl h=212.00001525878906
08-08 23:44:09.332 I/ReactNativeJS(18909): [rowprobe] item l1cxFlZ4YzpGBc6w h=212.00001525878906
08-08 23:44:09.653 I/ReactNativeJS(18909): [rowprobe] item jZoOwifMS36GryBl h=212.00001525878906
08-08 23:44:09.655 I/ReactNativeJS(18909): [rowprobe] item l1cxFlZ4YzpGBc6w h=212.00001525878906
08-08 23:44:10.033 I/ReactNativeJS(18909): [rowprobe] item bg6Q5n4MWqRANKhx h=212.00001525878906
08-08 23:44:10.330 I/ReactNativeJS(18909): [rowprobe] item Y9lFpoEb6JvIYMMD h=212.00001525878906
08-08 23:44:10.334 I/ReactNativeJS(18909): [rowprobe] item 6YwSoUgf9TtTnYTm h=212.00001525878906
08-08 23:44:10.832 I/ReactNativeJS(18909): [rowprobe] item eIlRTVYUGrEwTkeC h=212.00001525878906
08-08 23:44:13.075 I/ReactNativeJS(18909): [rowprobe] item A7acST4AKjneoSrj h=212.00001525878906
08-08 23:44:13.077 I/ReactNativeJS(18909): [rowprobe] item ejYubfQji9LiGdlJ h=212.00001525878906
08-08 23:44:13.078 I/ReactNativeJS(18909): [rowprobe] item FCztDtxGyQSy2wNF h=212.00001525878906
08-08 23:44:13.080 I/ReactNativeJS(18909): [rowprobe] item 85RIFJSNRPajzkYt h=212.00001525878906
08-08 23:44:13.228 I/ReactNativeJS(18909): [rowprobe] item FCztDtxGyQSy2wNF h=212.00001525878906
08-08 23:44:13.230 I/ReactNativeJS(18909): [rowprobe] item H5x829siLTJM4fvg h=212.00001525878906
08-08 23:44:13.232 I/ReactNativeJS(18909): [rowprobe] item A7acST4AKjneoSrj h=212.00001525878906
08-08 23:44:13.378 I/ReactNativeJS(18909): [rowprobe] item md31u7KQxm84MT69 h=212.00001525878906
08-08 23:44:13.379 I/ReactNativeJS(18909): [rowprobe] item A7acST4AKjneoSrj h=212.00001525878906
08-08 23:44:13.520 I/ReactNativeJS(18909): [rowprobe] item MY42Xp61OmCWOJth h=212.00001525878906
08-08 23:44:13.521 I/ReactNativeJS(18909): [rowprobe] item A7acST4AKjneoSrj h=212.00001525878906
08-08 23:44:13.658 I/ReactNativeJS(18909): [rowprobe] item A7acST4AKjneoSrj h=212.00001525878906
08-08 23:44:14.091 I/ReactNativeJS(18909): [rowprobe] item bN1jBee4Py0ky0m3 h=212.00001525878906
08-08 23:44:14.096 I/ReactNativeJS(18909): [rowprobe] item MY42Xp61OmCWOJth h=212.00001525878906
08-08 23:44:14.101 I/ReactNativeJS(18909): [rowprobe] item SgdS4nkvjBOTXs4T h=212.00001525878906
08-08 23:44:14.102 I/ReactNativeJS(18909): [rowprobe] item ZdjF2a9d4LGkibjQ h=212.00001525878906
08-08 23:44:14.104 I/ReactNativeJS(18909): [rowprobe] item wDArRJq5E6XZVbGy h=212.00001525878906
08-08 23:44:14.231 I/ReactNativeJS(18909): [rowprobe] item bN1jBee4Py0ky0m3 h=212.00001525878906
08-08 23:44:14.714 I/ReactNativeJS(18909): [rowprobe] item XQsb1jZryb3KfYAd h=212.00001525878906
08-08 23:44:14.716 I/ReactNativeJS(18909): [rowprobe] item bN1jBee4Py0ky0m3 h=212.00001525878906
08-08 23:44:14.717 I/ReactNativeJS(18909): [rowprobe] item GpKe4OLiBghAzrEy h=212.00001525878906
08-08 23:44:15.553 I/ReactNativeJS(18909): [rowprobe] item pas4QoTliXQ2G9nl h=212.00001525878906
08-08 23:44:15.557 I/ReactNativeJS(18909): [rowprobe] item SgdS4nkvjBOTXs4T h=212.00001525878906
08-08 23:44:15.559 I/ReactNativeJS(18909): [rowprobe] item GpKe4OLiBghAzrEy h=212.00001525878906
08-08 23:44:15.560 I/ReactNativeJS(18909): [rowprobe] item wDArRJq5E6XZVbGy h=212.00001525878906
08-08 23:44:15.825 I/ReactNativeJS(18909): [rowprobe] item ZdjF2a9d4LGkibjQ h=212.00001525878906
08-08 23:44:15.829 I/ReactNativeJS(18909): [rowprobe] item wDArRJq5E6XZVbGy h=212.00001525878906
08-08 23:44:15.831 I/ReactNativeJS(18909): [rowprobe] item SgdS4nkvjBOTXs4T h=212.00001525878906
08-08 23:44:15.834 I/ReactNativeJS(18909): [rowprobe] item pas4QoTliXQ2G9nl h=212.00001525878906
08-08 23:44:16.470 I/ReactNativeJS(18909): [rowprobe] item XQsb1jZryb3KfYAd h=212.00001525878906
08-08 23:44:16.474 I/ReactNativeJS(18909): [rowprobe] item ZdjF2a9d4LGkibjQ h=212.00001525878906
08-08 23:44:16.476 I/ReactNativeJS(18909): [rowprobe] item V4Zt4YU9eztbc3W2 h=212.00001525878906
08-08 23:44:17.219 I/ReactNativeJS(18909): [rowprobe] item n7DCNeZRTyCcmjmd h=212.00001525878906
08-08 23:44:17.221 I/ReactNativeJS(18909): [rowprobe] item pas4QoTliXQ2G9nl h=212.00001525878906
08-08 23:44:17.223 I/ReactNativeJS(18909): [rowprobe] item V4Zt4YU9eztbc3W2 h=212.00001525878906
08-08 23:44:17.629 I/ReactNativeJS(18909): [rowprobe] item pas4QoTliXQ2G9nl h=212.00001525878906
08-08 23:44:17.632 I/ReactNativeJS(18909): [rowprobe] item V4Zt4YU9eztbc3W2 h=212.00001525878906
08-08 23:44:17.633 I/ReactNativeJS(18909): [rowprobe] item n7DCNeZRTyCcmjmd h=212.00001525878906
08-08 23:44:18.001 I/ReactNativeJS(18909): [rowprobe] item 1Z3dRNxdMO3d2371 h=212.00001525878906
08-08 23:44:18.002 I/ReactNativeJS(18909): [rowprobe] item V4Zt4YU9eztbc3W2 h=212.00001525878906
08-08 23:44:18.004 I/ReactNativeJS(18909): [rowprobe] item pas4QoTliXQ2G9nl h=212.00001525878906
08-08 23:44:18.396 I/ReactNativeJS(18909): [rowprobe] item V4Zt4YU9eztbc3W2 h=212.00001525878906
08-08 23:44:18.397 I/ReactNativeJS(18909): [rowprobe] item rIjpdsoDcaSGiUoS h=212.00001525878906
08-08 23:44:18.399 I/ReactNativeJS(18909): [rowprobe] item n7DCNeZRTyCcmjmd h=212.00001525878906
08-08 23:44:18.799 I/ReactNativeJS(18909): [rowprobe] item 6ReGykScVkZzk88z h=212.00001525878906
08-08 23:44:18.802 I/ReactNativeJS(18909): [rowprobe] item V4Zt4YU9eztbc3W2 h=212.00001525878906
08-08 23:44:18.804 I/ReactNativeJS(18909): [rowprobe] item n7DCNeZRTyCcmjmd h=212.00001525878906
08-08 23:44:19.210 I/ReactNativeJS(18909): [rowprobe] item nSqogq5U9Iaf8oEZ h=212.00001525878906
08-08 23:44:19.213 I/ReactNativeJS(18909): [rowprobe] item n7DCNeZRTyCcmjmd h=212.00001525878906
08-08 23:44:20.448 I/ReactNativeJS(18909): [rowprobe] item 1Z3dRNxdMO3d2371 h=212.00001525878906
08-08 23:44:37.583 I/ReactNativeJS(18909): [rowprobe] item eR7cerd5sIldtHbS h=212.00001525878906
08-08 23:44:37.588 I/ReactNativeJS(18909): [rowprobe] item QsJQs7VfG9emfvsI h=212.00001525878906
08-08 23:44:38.032 I/ReactNativeJS(18909): [rowprobe] item QsJQs7VfG9emfvsI h=212.00001525878906
08-08 23:44:38.035 I/ReactNativeJS(18909): [rowprobe] item eR7cerd5sIldtHbS h=212.00001525878906
08-08 23:44:38.402 I/ReactNativeJS(18909): [rowprobe] item eR7cerd5sIldtHbS h=212.00001525878906
08-08 23:44:39.395 I/ReactNativeJS(18909): [rowprobe] item kPojV4jSUvvZILmq h=212.00001525878906
08-08 23:44:39.397 I/ReactNativeJS(18909): [rowprobe] item eR7cerd5sIldtHbS h=212.00001525878906
08-08 23:44:40.563 I/ReactNativeJS(18909): [rowprobe] item a9VomclG8B68ioiI h=212.00001525878906
08-08 23:44:49.007 I/ReactNativeJS(18909): [rowprobe] item Q5lJ8iArfrloXM0F h=212.00001525878906
08-08 23:44:49.793 I/ReactNativeJS(18909): [rowprobe] item Q5lJ8iArfrloXM0F h=212.00001525878906
08-08 23:44:50.401 I/ReactNativeJS(18909): [rowprobe] item Q5lJ8iArfrloXM0F h=212.00001525878906
08-08 23:44:51.906 I/ReactNativeJS(18909): [rowprobe] item NK9L8zwuTDaDrYa6 h=212.00001525878906
08-08 23:44:51.908 I/ReactNativeJS(18909): [rowprobe] item Q5lJ8iArfrloXM0F h=212.00001525878906
08-08 23:44:52.350 I/ReactNativeJS(18909): [rowprobe] item Bf9N67ecmroNpBVP h=212.00001525878906
08-08 23:44:55.358 I/ReactNativeJS(18909): [rowprobe] item 7pJ6LgXYwLrElPBj h=212.00001525878906
08-08 23:44:55.361 I/ReactNativeJS(18909): [rowprobe] item OXruv7s0QPAHKVhk h=212.00001525878906
08-08 23:44:55.695 I/ReactNativeJS(18909): [rowprobe] item 1Qk5ZMkteF7l6D3n h=212.00001525878906
08-08 23:44:55.697 I/ReactNativeJS(18909): [rowprobe] item OXruv7s0QPAHKVhk h=212.00001525878906
08-08 23:44:55.698 I/ReactNativeJS(18909): [rowprobe] item qLSySmnsiCFZ54Wj h=212.00001525878906
08-08 23:44:55.700 I/ReactNativeJS(18909): [rowprobe] item OuLXmBQRZfqIdtnb h=212.00001525878906
08-08 23:44:56.004 I/ReactNativeJS(18909): [rowprobe] item OuLXmBQRZfqIdtnb h=212.00001525878906
08-08 23:44:56.007 I/ReactNativeJS(18909): [rowprobe] item 1Qk5ZMkteF7l6D3n h=212.00001525878906
08-08 23:44:56.008 I/ReactNativeJS(18909): [rowprobe] item oFRqXyLP2cRt8mjW h=212.00001525878906
08-08 23:44:56.010 I/ReactNativeJS(18909): [rowprobe] item 7pJ6LgXYwLrElPBj h=212.00001525878906
08-08 23:44:56.201 I/ReactNativeJS(18909): [rowprobe] item qLSySmnsiCFZ54Wj h=212.00001525878906
08-08 23:44:56.202 I/ReactNativeJS(18909): [rowprobe] item oFRqXyLP2cRt8mjW h=212.00001525878906
08-08 23:44:56.536 I/ReactNativeJS(18909): [rowprobe] item 7pJ6LgXYwLrElPBj h=212.00001525878906
08-08 23:44:56.539 I/ReactNativeJS(18909): [rowprobe] item qLSySmnsiCFZ54Wj h=212.00001525878906
08-08 23:44:57.160 I/ReactNativeJS(18909): [rowprobe] item cXJnWRJjIyVtfn26 h=212.00001525878906
08-08 23:44:57.163 I/ReactNativeJS(18909): [rowprobe] item qLSySmnsiCFZ54Wj h=212.00001525878906
08-08 23:44:57.165 I/ReactNativeJS(18909): [rowprobe] item 7pJ6LgXYwLrElPBj h=212.00001525878906
08-08 23:44:57.166 I/ReactNativeJS(18909): [rowprobe] item oFRqXyLP2cRt8mjW h=212.00001525878906
08-08 23:44:57.317 I/ReactNativeJS(18909): [rowprobe] item oFRqXyLP2cRt8mjW h=212.00001525878906
08-08 23:44:57.318 I/ReactNativeJS(18909): [rowprobe] item q6Zl21CeZ6wIFsu3 h=212.00001525878906
08-08 23:44:57.320 I/ReactNativeJS(18909): [rowprobe] item qLSySmnsiCFZ54Wj h=212.00001525878906
08-08 23:44:57.465 I/ReactNativeJS(18909): [rowprobe] item oFRqXyLP2cRt8mjW h=212.00001525878906
08-08 23:44:57.467 I/ReactNativeJS(18909): [rowprobe] item fe8BKdXkWgPwAeAZ h=212.00001525878906
08-08 23:44:58.036 I/ReactNativeJS(18909): [rowprobe] item VFWIZlWQv9vnJq7M h=212.00001525878906
08-08 23:45:06.710 I/ReactNativeJS(18909): [rowprobe] item M2OWMYBHSdnbdkao h=212.00001525878906
08-08 23:45:06.711 I/ReactNativeJS(18909): [rowprobe] item 83byJArGVoj20Rlg h=212.00001525878906
08-08 23:45:06.712 I/ReactNativeJS(18909): [rowprobe] item 7gJpdt8trfuHq8a2 h=212.00001525878906
08-08 23:45:08.212 I/ReactNativeJS(18909): [rowprobe] item 83byJArGVoj20Rlg h=212.00001525878906
08-08 23:45:08.214 I/ReactNativeJS(18909): [rowprobe] item 3duxHHG8ayWkGIRR h=212.00001525878906
08-08 23:45:08.216 I/ReactNativeJS(18909): [rowprobe] item yVcpAQZO6d2iLsYU h=212.00001525878906
08-08 23:45:08.217 I/ReactNativeJS(18909): [rowprobe] item M2OWMYBHSdnbdkao h=212.00001525878906
08-08 23:45:08.683 I/ReactNativeJS(18909): [rowprobe] item 83byJArGVoj20Rlg h=212.00001525878906
08-08 23:45:08.686 I/ReactNativeJS(18909): [rowprobe] item M2OWMYBHSdnbdkao h=212.00001525878906
08-08 23:45:08.688 I/ReactNativeJS(18909): [rowprobe] item b8SmGt9sXYdFuDP2 h=212.00001525878906
08-08 23:45:08.689 I/ReactNativeJS(18909): [rowprobe] item 3duxHHG8ayWkGIRR h=212.00001525878906
08-08 23:45:08.903 I/ReactNativeJS(18909): [rowprobe] item M2OWMYBHSdnbdkao h=212.00001525878906
08-08 23:45:08.906 I/ReactNativeJS(18909): [rowprobe] item 3duxHHG8ayWkGIRR h=212.00001525878906
08-08 23:45:09.195 I/ReactNativeJS(18909): [rowprobe] item 3duxHHG8ayWkGIRR h=212.00001525878906
08-08 23:45:09.431 I/ReactNativeJS(18909): [rowprobe] item OzYMdurpWFHGDv4q h=212.00001525878906
08-08 23:45:09.434 I/ReactNativeJS(18909): [rowprobe] item M2OWMYBHSdnbdkao h=212.00001525878906
08-08 23:45:09.823 I/ReactNativeJS(18909): [rowprobe] item famSUkALXr5Lx7Lf h=212.00001525878906
08-08 23:45:09.825 I/ReactNativeJS(18909): [rowprobe] item 3duxHHG8ayWkGIRR h=212.00001525878906
08-08 23:45:10.196 I/ReactNativeJS(18909): [rowprobe] item o4XMlPjTKTkgPlOS h=212.00001525878906
08-08 23:45:10.369 I/ReactNativeJS(18909): [rowprobe] item wEGJH4xx86Mca2gW h=212.00001525878906
08-08 23:45:13.340 I/ReactNativeJS(18909): [rowprobe] item 8hB2hWLTTTTNLOgM h=212.00001525878906
08-08 23:45:13.341 I/ReactNativeJS(18909): [rowprobe] item YIPmr6Sp8zvPA1Dk h=212.00001525878906
08-08 23:45:13.343 I/ReactNativeJS(18909): [rowprobe] item E77ln25YAQItYznh h=212.00001525878906
08-08 23:45:13.665 I/ReactNativeJS(18909): [rowprobe] item y113stTOHY7PJmC7 h=212.00001525878906
08-08 23:45:13.667 I/ReactNativeJS(18909): [rowprobe] item YIPmr6Sp8zvPA1Dk h=212.00001525878906
08-08 23:45:13.668 I/ReactNativeJS(18909): [rowprobe] item AmMioXIigFExOPxd h=212.00001525878906
08-08 23:45:13.670 I/ReactNativeJS(18909): [rowprobe] item 8hB2hWLTTTTNLOgM h=212.00001525878906
08-08 23:45:13.998 I/ReactNativeJS(18909): [rowprobe] item fLyGjnR9xDetIjBj h=212.00001525878906
08-08 23:45:14.001 I/ReactNativeJS(18909): [rowprobe] item 8hB2hWLTTTTNLOgM h=212.00001525878906
08-08 23:45:14.003 I/ReactNativeJS(18909): [rowprobe] item YIPmr6Sp8zvPA1Dk h=212.00001525878906
08-08 23:45:14.675 I/ReactNativeJS(18909): [rowprobe] item KB2rxfwp7t8C3Idf h=212.00001525878906
08-08 23:45:14.679 I/ReactNativeJS(18909): [rowprobe] item 8hB2hWLTTTTNLOgM h=212.00001525878906
08-08 23:45:14.898 I/ReactNativeJS(18909): [rowprobe] item 8hB2hWLTTTTNLOgM h=212.00001525878906
08-08 23:45:16.165 I/ReactNativeJS(18909): [rowprobe] item MGUmo5weYogMAWhI h=212.00001525878906
08-08 23:45:16.167 I/ReactNativeJS(18909): [rowprobe] item 8hB2hWLTTTTNLOgM h=212.00001525878906
08-08 23:45:16.521 I/ReactNativeJS(18909): [rowprobe] item j20zxqS0bxXnFPLH h=212.00001525878906
08-08 23:45:16.524 I/ReactNativeJS(18909): [rowprobe] item AmMioXIigFExOPxd h=212.00001525878906
08-08 23:45:16.525 I/ReactNativeJS(18909): [rowprobe] item MGUmo5weYogMAWhI h=212.00001525878906
08-08 23:45:16.527 I/ReactNativeJS(18909): [rowprobe] item KB2rxfwp7t8C3Idf h=212.00001525878906
08-08 23:45:18.125 I/ReactNativeJS(18909): [rowprobe] item MGUmo5weYogMAWhI h=212.00001525878906
08-08 23:45:18.126 I/ReactNativeJS(18909): [rowprobe] item KB2rxfwp7t8C3Idf h=212.00001525878906
08-08 23:45:18.128 I/ReactNativeJS(18909): [rowprobe] item 0beKA7911lAVa3NC h=212.00001525878906
08-08 23:45:18.130 I/ReactNativeJS(18909): [rowprobe] item j20zxqS0bxXnFPLH h=212.00001525878906
08-08 23:45:18.878 I/ReactNativeJS(18909): [rowprobe] item MGUmo5weYogMAWhI h=212.00001525878906
08-08 23:45:18.881 I/ReactNativeJS(18909): [rowprobe] item 55Y9rUyRcQipnZXm h=212.00001525878906
08-08 23:45:18.883 I/ReactNativeJS(18909): [rowprobe] item j20zxqS0bxXnFPLH h=212.00001525878906
08-08 23:45:18.884 I/ReactNativeJS(18909): [rowprobe] item 0beKA7911lAVa3NC h=212.00001525878906
08-08 23:45:18.886 I/ReactNativeJS(18909): [rowprobe] item KB2rxfwp7t8C3Idf h=212.00001525878906
08-08 23:45:19.064 I/ReactNativeJS(18909): [rowprobe] item MGUmo5weYogMAWhI h=212.00001525878906
08-08 23:45:19.066 I/ReactNativeJS(18909): [rowprobe] item 0beKA7911lAVa3NC h=212.00001525878906
08-08 23:45:19.067 I/ReactNativeJS(18909): [rowprobe] item j20zxqS0bxXnFPLH h=212.00001525878906
08-08 23:45:19.537 I/ReactNativeJS(18909): [rowprobe] item j20zxqS0bxXnFPLH h=212.00001525878906
08-08 23:45:19.933 I/ReactNativeJS(18909): [rowprobe] item j20zxqS0bxXnFPLH h=212.00001525878906
08-08 23:45:21.124 I/ReactNativeJS(18909): [rowprobe] item IELd8yfheaJtihzS h=212.00001525878906
08-08 23:45:29.829 I/ReactNativeJS(18909): [rowprobe] item 4LmCX8qMNhQeTJQl h=212.00001525878906
08-08 23:45:29.832 I/ReactNativeJS(18909): [rowprobe] item iTen7TtVIfFoHCDM h=212.00001525878906
08-08 23:45:30.297 I/ReactNativeJS(18909): [rowprobe] item fa5zMfyhuXFU96k1 h=212.00001525878906
08-08 23:45:30.299 I/ReactNativeJS(18909): [rowprobe] item iTen7TtVIfFoHCDM h=212.00001525878906
08-08 23:45:30.302 I/ReactNativeJS(18909): [rowprobe] item DbUKXbFKD5YjDN7b h=212.00001525878906
08-08 23:45:30.304 I/ReactNativeJS(18909): [rowprobe] item rStpZSaArq5sGpW0 h=212.00001525878906
08-08 23:45:30.733 I/ReactNativeJS(18909): [rowprobe] item 4LmCX8qMNhQeTJQl h=212.00001525878906
08-08 23:45:30.736 I/ReactNativeJS(18909): [rowprobe] item rStpZSaArq5sGpW0 h=212.00001525878906
08-08 23:45:30.738 I/ReactNativeJS(18909): [rowprobe] item yvPY1kewKlqDAAVG h=212.00001525878906
08-08 23:45:30.739 I/ReactNativeJS(18909): [rowprobe] item fa5zMfyhuXFU96k1 h=212.00001525878906
08-08 23:45:31.127 I/ReactNativeJS(18909): [rowprobe] item 4LmCX8qMNhQeTJQl h=212.00001525878906
08-08 23:45:31.128 I/ReactNativeJS(18909): [rowprobe] item rStpZSaArq5sGpW0 h=212.00001525878906
08-08 23:45:31.130 I/ReactNativeJS(18909): [rowprobe] item Vglii9BaIpodTKua h=212.00001525878906
08-08 23:45:31.131 I/ReactNativeJS(18909): [rowprobe] item DbUKXbFKD5YjDN7b h=212.00001525878906
08-08 23:45:31.274 I/ReactNativeJS(18909): [rowprobe] item rStpZSaArq5sGpW0 h=212.00001525878906
08-08 23:45:31.275 I/ReactNativeJS(18909): [rowprobe] item yvPY1kewKlqDAAVG h=212.00001525878906
08-08 23:45:31.277 I/ReactNativeJS(18909): [rowprobe] item DbUKXbFKD5YjDN7b h=212.00001525878906
08-08 23:45:31.278 I/ReactNativeJS(18909): [rowprobe] item 6dIlIzAZV1IILXk0 h=212.00001525878906
08-08 23:45:31.280 I/ReactNativeJS(18909): [rowprobe] item 4LmCX8qMNhQeTJQl h=212.00001525878906
08-08 23:45:31.771 I/ReactNativeJS(18909): [rowprobe] item 4LmCX8qMNhQeTJQl h=212.00001525878906
08-08 23:45:31.772 I/ReactNativeJS(18909): [rowprobe] item uX8ZXnDcE6Hrcezc h=212.00001525878906
08-08 23:45:31.774 I/ReactNativeJS(18909): [rowprobe] item Vglii9BaIpodTKua h=212.00001525878906
08-08 23:45:31.779 I/ReactNativeJS(18909): [rowprobe] item yvPY1kewKlqDAAVG h=212.00001525878906
08-08 23:45:31.781 I/ReactNativeJS(18909): [rowprobe] item DbUKXbFKD5YjDN7b h=212.00001525878906
08-08 23:45:31.782 I/ReactNativeJS(18909): [rowprobe] item 6dIlIzAZV1IILXk0 h=212.00001525878906
08-08 23:45:32.385 I/ReactNativeJS(18909): [rowprobe] item 5CTMvDDHC5W1y26o h=212.00001525878906
08-08 23:45:32.387 I/ReactNativeJS(18909): [rowprobe] item Vglii9BaIpodTKua h=212.00001525878906
08-08 23:45:32.389 I/ReactNativeJS(18909): [rowprobe] item DbUKXbFKD5YjDN7b h=212.00001525878906
08-08 23:45:32.390 I/ReactNativeJS(18909): [rowprobe] item 6dIlIzAZV1IILXk0 h=212.00001525878906
08-08 23:45:32.392 I/ReactNativeJS(18909): [rowprobe] item uX8ZXnDcE6Hrcezc h=212.00001525878906
08-08 23:45:33.632 I/ReactNativeJS(18909): [rowprobe] item uX8ZXnDcE6Hrcezc h=212.00001525878906
08-08 23:45:33.635 I/ReactNativeJS(18909): [rowprobe] item Y4mxpmMJitCsX3mF h=212.00001525878906
08-08 23:45:33.637 I/ReactNativeJS(18909): [rowprobe] item 6dIlIzAZV1IILXk0 h=212.00001525878906
08-08 23:45:33.638 I/ReactNativeJS(18909): [rowprobe] item Vglii9BaIpodTKua h=212.00001525878906
08-08 23:45:34.051 I/ReactNativeJS(18909): [rowprobe] item 5CTMvDDHC5W1y26o h=212.00001525878906
08-08 23:45:34.056 I/ReactNativeJS(18909): [rowprobe] item uX8ZXnDcE6Hrcezc h=212.00001525878906
08-08 23:45:34.058 I/ReactNativeJS(18909): [rowprobe] item hNSIJGGnuOIPbQu6 h=212.00001525878906
08-08 23:45:34.060 I/ReactNativeJS(18909): [rowprobe] item 6dIlIzAZV1IILXk0 h=212.00001525878906
08-08 23:45:34.061 I/ReactNativeJS(18909): [rowprobe] item Vglii9BaIpodTKua h=212.00001525878906
08-08 23:45:35.268 I/ReactNativeJS(18909): [rowprobe] item 5CTMvDDHC5W1y26o h=212.00001525878906
08-08 23:45:35.270 I/ReactNativeJS(18909): [rowprobe] item ARO5dCXYZznm3bjV h=212.00001525878906
08-08 23:45:35.271 I/ReactNativeJS(18909): [rowprobe] item uX8ZXnDcE6Hrcezc h=212.00001525878906
08-08 23:45:35.277 I/ReactNativeJS(18909): [rowprobe] item 6dIlIzAZV1IILXk0 h=212.00001525878906
08-08 23:45:35.279 I/ReactNativeJS(18909): [rowprobe] item Y4mxpmMJitCsX3mF h=212.00001525878906
08-08 23:45:36.631 I/ReactNativeJS(18909): [rowprobe] item KT8FAi5J3511ZuJx h=212.00001525878906
08-08 23:45:36.633 I/ReactNativeJS(18909): [rowprobe] item Y4mxpmMJitCsX3mF h=212.00001525878906
08-08 23:45:36.635 I/ReactNativeJS(18909): [rowprobe] item 5CTMvDDHC5W1y26o h=212.00001525878906
08-08 23:45:37.729 I/ReactNativeJS(18909): [rowprobe] item ARO5dCXYZznm3bjV h=212.00001525878906
08-08 23:45:41.788 I/ReactNativeJS(18909): [rowprobe] item wKYZXeX6AtarrRRV h=212.00001525878906
08-08 23:45:42.196 I/ReactNativeJS(18909): [rowprobe] item pL0GnCoHDcXghhhW h=212.00001525878906
08-08 23:45:42.761 I/ReactNativeJS(18909): [rowprobe] item UMlu884lMhoAx412 h=212.00001525878906
08-08 23:45:42.764 I/ReactNativeJS(18909): [rowprobe] item pL0GnCoHDcXghhhW h=212.00001525878906
08-08 23:45:43.229 I/ReactNativeJS(18909): [rowprobe] item ZHuG7qw7HXwu6k6V h=212.00001525878906
08-08 23:45:43.230 I/ReactNativeJS(18909): [rowprobe] item UMlu884lMhoAx412 h=212.00001525878906
08-08 23:45:43.232 I/ReactNativeJS(18909): [rowprobe] item pL0GnCoHDcXghhhW h=212.00001525878906
08-08 23:45:43.233 I/ReactNativeJS(18909): [rowprobe] item evOE5ZLtErBcFivP h=212.00001525878906
08-08 23:45:43.658 I/ReactNativeJS(18909): [rowprobe] item UMlu884lMhoAx412 h=212.00001525878906
08-08 23:45:43.661 I/ReactNativeJS(18909): [rowprobe] item wKYZXeX6AtarrRRV h=212.00001525878906
08-08 23:45:43.662 I/ReactNativeJS(18909): [rowprobe] item evOE5ZLtErBcFivP h=212.00001525878906
08-08 23:45:43.664 I/ReactNativeJS(18909): [rowprobe] item pL0GnCoHDcXghhhW h=212.00001525878906
08-08 23:45:43.666 I/ReactNativeJS(18909): [rowprobe] item ZHuG7qw7HXwu6k6V h=212.00001525878906
08-08 23:45:44.142 I/ReactNativeJS(18909): [rowprobe] item ZHuG7qw7HXwu6k6V h=212.00001525878906
08-08 23:45:44.145 I/ReactNativeJS(18909): [rowprobe] item wKYZXeX6AtarrRRV h=212.00001525878906
08-08 23:45:44.147 I/ReactNativeJS(18909): [rowprobe] item pL0GnCoHDcXghhhW h=212.00001525878906
08-08 23:45:44.969 I/ReactNativeJS(18909): [rowprobe] item UMlu884lMhoAx412 h=212.00001525878906
08-08 23:45:44.971 I/ReactNativeJS(18909): [rowprobe] item okZnym53AOVhPVjl h=212.00001525878906
08-08 23:45:44.972 I/ReactNativeJS(18909): [rowprobe] item ZHuG7qw7HXwu6k6V h=212.00001525878906
08-08 23:45:45.601 I/ReactNativeJS(18909): [rowprobe] item ZHuG7qw7HXwu6k6V h=212.00001525878906
08-08 23:45:45.604 I/ReactNativeJS(18909): [rowprobe] item vZpZPB4ZjBreigCs h=212.00001525878906
08-08 23:45:46.050 I/ReactNativeJS(18909): [rowprobe] item 1lWGxAPoKcTIuvvu h=212.00001525878906
08-08 23:45:46.055 I/ReactNativeJS(18909): [rowprobe] item ZHuG7qw7HXwu6k6V h=212.00001525878906
08-08 23:45:46.740 I/ReactNativeJS(18909): [rowprobe] item f7mWZUjvNwcAeDfR h=212.00001525878906
08-08 23:46:07.958 I/ReactNativeJS(18909): [rowprobe] item oNGnV9zqdf36tbVi h=212.00001525878906
08-08 23:46:08.468 I/ReactNativeJS(18909): [rowprobe] item TAIveyjGZll0d48D h=212.00001525878906
08-08 23:46:08.985 I/ReactNativeJS(18909): [rowprobe] item taSdGrIRwTWQrgGK h=212.00001525878906
08-08 23:46:09.416 I/ReactNativeJS(18909): [rowprobe] item WoQiue03qoB5QlcD h=212.00001525878906
08-08 23:46:09.911 I/ReactNativeJS(18909): [rowprobe] item v7nGfK1isFl3ZBQZ h=212.00001525878906
08-08 23:46:10.395 I/ReactNativeJS(18909): [rowprobe] item pALvCowATOeUUybf h=212.00001525878906
08-08 23:46:10.397 I/ReactNativeJS(18909): [rowprobe] item NZYjhASCKXmjqFOm h=212.00001525878906
08-08 23:46:10.880 I/ReactNativeJS(18909): [rowprobe] item iO8dbgn17VF8ZpbV h=212.00001525878906
08-08 23:46:11.327 I/ReactNativeJS(18909): [rowprobe] item Z13si8Dc5lQRqXoz h=212.00001525878906
08-08 23:46:11.331 I/ReactNativeJS(18909): [rowprobe] item pALvCowATOeUUybf h=212.00001525878906
08-08 23:46:11.333 I/ReactNativeJS(18909): [rowprobe] item iO8dbgn17VF8ZpbV h=212.00001525878906
08-08 23:46:11.788 I/ReactNativeJS(18909): [rowprobe] item pALvCowATOeUUybf h=212.00001525878906
08-08 23:46:11.791 I/ReactNativeJS(18909): [rowprobe] item YRm2ScUn7CYQnepV h=212.00001525878906
08-08 23:46:11.793 I/ReactNativeJS(18909): [rowprobe] item iO8dbgn17VF8ZpbV h=212.00001525878906
08-08 23:46:11.794 I/ReactNativeJS(18909): [rowprobe] item WoQiue03qoB5QlcD h=212.00001525878906
08-08 23:46:12.314 I/ReactNativeJS(18909): [rowprobe] item AKiCQuyCsnyaGesd h=212.00001525878906
08-08 23:46:12.316 I/ReactNativeJS(18909): [rowprobe] item Z13si8Dc5lQRqXoz h=212.00001525878906
08-08 23:46:12.317 I/ReactNativeJS(18909): [rowprobe] item v7nGfK1isFl3ZBQZ h=212.00001525878906
08-08 23:46:12.319 I/ReactNativeJS(18909): [rowprobe] item WoQiue03qoB5QlcD h=212.00001525878906
08-08 23:46:12.321 I/ReactNativeJS(18909): [rowprobe] item iO8dbgn17VF8ZpbV h=212.00001525878906
08-08 23:46:12.757 I/ReactNativeJS(18909): [rowprobe] item Z13si8Dc5lQRqXoz h=212.00001525878906
08-08 23:46:12.760 I/ReactNativeJS(18909): [rowprobe] item pALvCowATOeUUybf h=212.00001525878906
08-08 23:46:12.762 I/ReactNativeJS(18909): [rowprobe] item v7nGfK1isFl3ZBQZ h=212.00001525878906
08-08 23:46:12.764 I/ReactNativeJS(18909): [rowprobe] item YRm2ScUn7CYQnepV h=212.00001525878906
08-08 23:46:12.765 I/ReactNativeJS(18909): [rowprobe] item zgxwhMw3Fv6dmfsB h=212.00001525878906
08-08 23:46:13.168 I/ReactNativeJS(18909): [rowprobe] item AKiCQuyCsnyaGesd h=212.00001525878906
08-08 23:46:13.170 I/ReactNativeJS(18909): [rowprobe] item pALvCowATOeUUybf h=212.00001525878906
08-08 23:46:13.172 I/ReactNativeJS(18909): [rowprobe] item x8LdxEaYv6Mrr2zg h=212.00001525878906
08-08 23:46:13.174 I/ReactNativeJS(18909): [rowprobe] item YRm2ScUn7CYQnepV h=212.00001525878906
08-08 23:46:13.175 I/ReactNativeJS(18909): [rowprobe] item iO8dbgn17VF8ZpbV h=212.00001525878906
08-08 23:46:13.647 I/ReactNativeJS(18909): [rowprobe] item AKiCQuyCsnyaGesd h=212.00001525878906
08-08 23:46:13.651 I/ReactNativeJS(18909): [rowprobe] item Z13si8Dc5lQRqXoz h=212.00001525878906
08-08 23:46:13.653 I/ReactNativeJS(18909): [rowprobe] item 7nKwnY9kQIRQgeJs h=212.00001525878906
08-08 23:46:13.654 I/ReactNativeJS(18909): [rowprobe] item zgxwhMw3Fv6dmfsB h=212.00001525878906
08-08 23:46:13.656 I/ReactNativeJS(18909): [rowprobe] item iO8dbgn17VF8ZpbV h=212.00001525878906
08-08 23:46:14.041 I/ReactNativeJS(18909): [rowprobe] item AKiCQuyCsnyaGesd h=212.00001525878906
08-08 23:46:14.044 I/ReactNativeJS(18909): [rowprobe] item Z13si8Dc5lQRqXoz h=212.00001525878906
08-08 23:46:14.046 I/ReactNativeJS(18909): [rowprobe] item x8LdxEaYv6Mrr2zg h=212.00001525878906
08-08 23:46:14.048 I/ReactNativeJS(18909): [rowprobe] item YRm2ScUn7CYQnepV h=212.00001525878906
08-08 23:46:14.050 I/ReactNativeJS(18909): [rowprobe] item zgxwhMw3Fv6dmfsB h=212.00001525878906
08-08 23:46:14.052 I/ReactNativeJS(18909): [rowprobe] item nGfJrRCwOTgUICq8 h=212.00001525878906
08-08 23:46:14.550 I/ReactNativeJS(18909): [rowprobe] item AKiCQuyCsnyaGesd h=212.00001525878906
08-08 23:46:14.552 I/ReactNativeJS(18909): [rowprobe] item TdUJuHTGlWMJlTyF h=212.00001525878906
08-08 23:46:14.554 I/ReactNativeJS(18909): [rowprobe] item 7nKwnY9kQIRQgeJs h=212.00001525878906
08-08 23:46:14.555 I/ReactNativeJS(18909): [rowprobe] item x8LdxEaYv6Mrr2zg h=212.00001525878906
08-08 23:46:14.557 I/ReactNativeJS(18909): [rowprobe] item YRm2ScUn7CYQnepV h=212.00001525878906
08-08 23:46:15.046 I/ReactNativeJS(18909): [rowprobe] item AKiCQuyCsnyaGesd h=212.00001525878906
08-08 23:46:15.047 I/ReactNativeJS(18909): [rowprobe] item 7nKwnY9kQIRQgeJs h=212.00001525878906
08-08 23:46:15.049 I/ReactNativeJS(18909): [rowprobe] item x8LdxEaYv6Mrr2zg h=212.00001525878906
08-08 23:46:15.051 I/ReactNativeJS(18909): [rowprobe] item Lqnpt4fM5VF586yv h=212.00001525878906
08-08 23:46:15.052 I/ReactNativeJS(18909): [rowprobe] item zgxwhMw3Fv6dmfsB h=212.00001525878906
08-08 23:46:15.054 I/ReactNativeJS(18909): [rowprobe] item nGfJrRCwOTgUICq8 h=212.00001525878906
08-08 23:46:15.577 I/ReactNativeJS(18909): [rowprobe] item 0j3kS8NGi4oO25yC h=212.00001525878906
08-08 23:46:15.581 I/ReactNativeJS(18909): [rowprobe] item TdUJuHTGlWMJlTyF h=212.00001525878906
08-08 23:46:15.584 I/ReactNativeJS(18909): [rowprobe] item 7nKwnY9kQIRQgeJs h=212.00001525878906
08-08 23:46:15.585 I/ReactNativeJS(18909): [rowprobe] item x8LdxEaYv6Mrr2zg h=212.00001525878906
08-08 23:46:15.587 I/ReactNativeJS(18909): [rowprobe] item zgxwhMw3Fv6dmfsB h=212.00001525878906
08-08 23:46:16.062 I/ReactNativeJS(18909): [rowprobe] item TdUJuHTGlWMJlTyF h=212.00001525878906
08-08 23:46:16.064 I/ReactNativeJS(18909): [rowprobe] item Lqnpt4fM5VF586yv h=212.00001525878906
08-08 23:46:16.066 I/ReactNativeJS(18909): [rowprobe] item Xk5ToWAF2caOK88q h=212.00001525878906
08-08 23:46:16.499 I/ReactNativeJS(18909): [rowprobe] item 0j3kS8NGi4oO25yC h=212.00001525878906
08-08 23:46:16.503 I/ReactNativeJS(18909): [rowprobe] item qrxbTXrFia5r8aXq h=212.00001525878906
08-08 23:46:16.505 I/ReactNativeJS(18909): [rowprobe] item nGfJrRCwOTgUICq8 h=212.00001525878906
08-08 23:46:16.968 I/ReactNativeJS(18909): [rowprobe] item 0j3kS8NGi4oO25yC h=212.00001525878906
08-08 23:46:16.971 I/ReactNativeJS(18909): [rowprobe] item iBMeS6e0FG5QGXlc h=212.00001525878906
08-08 23:46:16.973 I/ReactNativeJS(18909): [rowprobe] item Xk5ToWAF2caOK88q h=212.00001525878906
08-08 23:46:16.975 I/ReactNativeJS(18909): [rowprobe] item nGfJrRCwOTgUICq8 h=212.00001525878906
08-08 23:46:16.976 I/ReactNativeJS(18909): [rowprobe] item qrxbTXrFia5r8aXq h=212.00001525878906
08-08 23:46:17.452 I/ReactNativeJS(18909): [rowprobe] item Xk5ToWAF2caOK88q h=212.00001525878906
08-08 23:46:17.456 I/ReactNativeJS(18909): [rowprobe] item UN6WEPNzZ6x31KAX h=212.00001525878906
08-08 23:46:17.459 I/ReactNativeJS(18909): [rowprobe] item 0j3kS8NGi4oO25yC h=212.00001525878906
08-08 23:46:17.460 I/ReactNativeJS(18909): [rowprobe] item iBMeS6e0FG5QGXlc h=212.00001525878906
08-08 23:46:17.462 I/ReactNativeJS(18909): [rowprobe] item Lqnpt4fM5VF586yv h=212.00001525878906
08-08 23:46:18.019 I/ReactNativeJS(18909): [rowprobe] item 0j3kS8NGi4oO25yC h=212.00001525878906
08-08 23:46:18.021 I/ReactNativeJS(18909): [rowprobe] item qsLtRH6bLZXhTlsP h=212.00001525878906
08-08 23:46:18.022 I/ReactNativeJS(18909): [rowprobe] item iBMeS6e0FG5QGXlc h=212.00001525878906
08-08 23:46:18.024 I/ReactNativeJS(18909): [rowprobe] item Lqnpt4fM5VF586yv h=212.00001525878906
08-08 23:46:18.026 I/ReactNativeJS(18909): [rowprobe] item Xk5ToWAF2caOK88q h=212.00001525878906
08-08 23:46:18.027 I/ReactNativeJS(18909): [rowprobe] item UN6WEPNzZ6x31KAX h=212.00001525878906
08-08 23:46:18.567 I/ReactNativeJS(18909): [rowprobe] item 0j3kS8NGi4oO25yC h=212.00001525878906
08-08 23:46:18.568 I/ReactNativeJS(18909): [rowprobe] item iBMeS6e0FG5QGXlc h=212.00001525878906
08-08 23:46:18.570 I/ReactNativeJS(18909): [rowprobe] item 75eYQqISOeYbFyBH h=212.00001525878906
08-08 23:46:18.572 I/ReactNativeJS(18909): [rowprobe] item Xk5ToWAF2caOK88q h=212.00001525878906
08-08 23:46:18.574 I/ReactNativeJS(18909): [rowprobe] item UN6WEPNzZ6x31KAX h=212.00001525878906
08-08 23:46:18.948 I/ReactNativeJS(18909): [rowprobe] item EQgxMIe6VTZJgmpe h=212.00001525878906
08-08 23:46:18.951 I/ReactNativeJS(18909): [rowprobe] item qsLtRH6bLZXhTlsP h=212.00001525878906
08-08 23:46:18.953 I/ReactNativeJS(18909): [rowprobe] item qrxbTXrFia5r8aXq h=212.00001525878906
08-08 23:46:18.955 I/ReactNativeJS(18909): [rowprobe] item UN6WEPNzZ6x31KAX h=212.00001525878906
08-08 23:46:19.490 I/ReactNativeJS(18909): [rowprobe] item qsLtRH6bLZXhTlsP h=212.00001525878906
08-08 23:46:19.494 I/ReactNativeJS(18909): [rowprobe] item iBMeS6e0FG5QGXlc h=212.00001525878906
08-08 23:46:19.495 I/ReactNativeJS(18909): [rowprobe] item qrxbTXrFia5r8aXq h=212.00001525878906
08-08 23:46:19.497 I/ReactNativeJS(18909): [rowprobe] item 75eYQqISOeYbFyBH h=212.00001525878906
08-08 23:46:19.499 I/ReactNativeJS(18909): [rowprobe] item 0irV5kbB1JngV9ec h=212.00001525878906
08-08 23:46:19.500 I/ReactNativeJS(18909): [rowprobe] item UN6WEPNzZ6x31KAX h=212.00001525878906
08-08 23:46:20.007 I/ReactNativeJS(18909): [rowprobe] item EQgxMIe6VTZJgmpe h=212.00001525878906
08-08 23:46:20.010 I/ReactNativeJS(18909): [rowprobe] item qsLtRH6bLZXhTlsP h=212.00001525878906
08-08 23:46:20.014 I/ReactNativeJS(18909): [rowprobe] item zc2w8lJxPnYLUvfb h=212.00001525878906
08-08 23:46:20.016 I/ReactNativeJS(18909): [rowprobe] item 75eYQqISOeYbFyBH h=212.00001525878906
08-08 23:46:20.018 I/ReactNativeJS(18909): [rowprobe] item UN6WEPNzZ6x31KAX h=212.00001525878906
08-08 23:46:20.483 I/ReactNativeJS(18909): [rowprobe] item EQgxMIe6VTZJgmpe h=212.00001525878906
08-08 23:46:20.486 I/ReactNativeJS(18909): [rowprobe] item h40AeTmdbe8fjuQp h=212.00001525878906
08-08 23:46:20.488 I/ReactNativeJS(18909): [rowprobe] item zc2w8lJxPnYLUvfb h=212.00001525878906
08-08 23:46:20.490 I/ReactNativeJS(18909): [rowprobe] item 0irV5kbB1JngV9ec h=212.00001525878906
08-08 23:46:20.492 I/ReactNativeJS(18909): [rowprobe] item UN6WEPNzZ6x31KAX h=212.00001525878906
08-08 23:46:20.959 I/ReactNativeJS(18909): [rowprobe] item EQgxMIe6VTZJgmpe h=212.00001525878906
08-08 23:46:20.962 I/ReactNativeJS(18909): [rowprobe] item tQH0PugOYgSKsrol h=212.00001525878906
08-08 23:46:20.965 I/ReactNativeJS(18909): [rowprobe] item zc2w8lJxPnYLUvfb h=212.00001525878906
08-08 23:46:20.966 I/ReactNativeJS(18909): [rowprobe] item 75eYQqISOeYbFyBH h=212.00001525878906
08-08 23:46:20.968 I/ReactNativeJS(18909): [rowprobe] item 0irV5kbB1JngV9ec h=212.00001525878906
08-08 23:46:20.969 I/ReactNativeJS(18909): [rowprobe] item qsLtRH6bLZXhTlsP h=212.00001525878906
08-08 23:46:20.971 I/ReactNativeJS(18909): [rowprobe] item h40AeTmdbe8fjuQp h=212.00001525878906
08-08 23:46:21.472 I/ReactNativeJS(18909): [rowprobe] item EQgxMIe6VTZJgmpe h=212.00001525878906
08-08 23:46:21.475 I/ReactNativeJS(18909): [rowprobe] item h40AeTmdbe8fjuQp h=212.00001525878906
08-08 23:46:21.476 I/ReactNativeJS(18909): [rowprobe] item zc2w8lJxPnYLUvfb h=212.00001525878906
08-08 23:46:21.478 I/ReactNativeJS(18909): [rowprobe] item bxZxW4GHJ8BvA4ja h=212.00001525878906
08-08 23:46:21.480 I/ReactNativeJS(18909): [rowprobe] item 75eYQqISOeYbFyBH h=212.00001525878906
08-08 23:46:21.951 I/ReactNativeJS(18909): [rowprobe] item 0jZFQswMwmA4RsGh h=212.00001525878906
08-08 23:46:21.955 I/ReactNativeJS(18909): [rowprobe] item tQH0PugOYgSKsrol h=212.00001525878906
08-08 23:46:21.957 I/ReactNativeJS(18909): [rowprobe] item h40AeTmdbe8fjuQp h=212.00001525878906
08-08 23:46:21.959 I/ReactNativeJS(18909): [rowprobe] item 0irV5kbB1JngV9ec h=212.00001525878906
08-08 23:46:21.960 I/ReactNativeJS(18909): [rowprobe] item EQgxMIe6VTZJgmpe h=212.00001525878906
08-08 23:46:22.555 I/ReactNativeJS(18909): [rowprobe] item h40AeTmdbe8fjuQp h=212.00001525878906
08-08 23:46:22.559 I/ReactNativeJS(18909): [rowprobe] item zc2w8lJxPnYLUvfb h=212.00001525878906
08-08 23:46:22.561 I/ReactNativeJS(18909): [rowprobe] item bxZxW4GHJ8BvA4ja h=212.00001525878906
08-08 23:46:22.563 I/ReactNativeJS(18909): [rowprobe] item VF01DSSR5uEP8SIG h=212.00001525878906
08-08 23:46:22.565 I/ReactNativeJS(18909): [rowprobe] item 0irV5kbB1JngV9ec h=212.00001525878906
08-08 23:46:23.045 I/ReactNativeJS(18909): [rowprobe] item 0jZFQswMwmA4RsGh h=212.00001525878906
08-08 23:46:23.048 I/ReactNativeJS(18909): [rowprobe] item h40AeTmdbe8fjuQp h=212.00001525878906
08-08 23:46:23.050 I/ReactNativeJS(18909): [rowprobe] item fJQGoObqDxW18Kgl h=212.00001525878906
08-08 23:46:23.052 I/ReactNativeJS(18909): [rowprobe] item zc2w8lJxPnYLUvfb h=212.00001525878906
08-08 23:46:23.445 I/ReactNativeJS(18909): [rowprobe] item 0jZFQswMwmA4RsGh h=212.00001525878906
08-08 23:46:23.448 I/ReactNativeJS(18909): [rowprobe] item tQH0PugOYgSKsrol h=212.00001525878906
08-08 23:46:23.450 I/ReactNativeJS(18909): [rowprobe] item 06egH3bGEX4M1uZA h=212.00001525878906
08-08 23:46:23.452 I/ReactNativeJS(18909): [rowprobe] item VF01DSSR5uEP8SIG h=212.00001525878906
08-08 23:46:23.454 I/ReactNativeJS(18909): [rowprobe] item h40AeTmdbe8fjuQp h=212.00001525878906
08-08 23:46:23.455 I/ReactNativeJS(18909): [rowprobe] item fJQGoObqDxW18Kgl h=212.00001525878906
08-08 23:46:23.457 I/ReactNativeJS(18909): [rowprobe] item bxZxW4GHJ8BvA4ja h=212.00001525878906
08-08 23:46:23.927 I/ReactNativeJS(18909): [rowprobe] item 0X4EEhaCYA9Ee9HS h=212.00001525878906
08-08 23:46:23.930 I/ReactNativeJS(18909): [rowprobe] item bxZxW4GHJ8BvA4ja h=212.00001525878906
08-08 23:46:23.932 I/ReactNativeJS(18909): [rowprobe] item tQH0PugOYgSKsrol h=212.00001525878906
08-08 23:46:23.933 I/ReactNativeJS(18909): [rowprobe] item 0jZFQswMwmA4RsGh h=212.00001525878906
08-08 23:46:23.935 I/ReactNativeJS(18909): [rowprobe] item 06egH3bGEX4M1uZA h=212.00001525878906
08-08 23:46:23.936 I/ReactNativeJS(18909): [rowprobe] item fJQGoObqDxW18Kgl h=212.00001525878906
08-08 23:46:23.938 I/ReactNativeJS(18909): [rowprobe] item VF01DSSR5uEP8SIG h=212.00001525878906
08-08 23:46:24.278 I/ReactNativeJS(18909): [rowprobe] item 0jZFQswMwmA4RsGh h=212.00001525878906
08-08 23:46:24.280 I/ReactNativeJS(18909): [rowprobe] item 06egH3bGEX4M1uZA h=212.00001525878906
08-08 23:46:24.281 I/ReactNativeJS(18909): [rowprobe] item fJQGoObqDxW18Kgl h=212.00001525878906
08-08 23:46:24.283 I/ReactNativeJS(18909): [rowprobe] item ix8AisXf88v5LipZ h=212.00001525878906
08-08 23:46:24.285 I/ReactNativeJS(18909): [rowprobe] item VF01DSSR5uEP8SIG h=212.00001525878906
08-08 23:46:24.286 I/ReactNativeJS(18909): [rowprobe] item bxZxW4GHJ8BvA4ja h=212.00001525878906
08-08 23:46:24.685 I/ReactNativeJS(18909): [rowprobe] item g3Jla6KvTEJzcTjM h=212.00001525878906
08-08 23:46:24.688 I/ReactNativeJS(18909): [rowprobe] item 0X4EEhaCYA9Ee9HS h=212.00001525878906
08-08 23:46:24.690 I/ReactNativeJS(18909): [rowprobe] item VF01DSSR5uEP8SIG h=212.00001525878906
08-08 23:46:24.692 I/ReactNativeJS(18909): [rowprobe] item 0jZFQswMwmA4RsGh h=212.00001525878906
08-08 23:46:24.693 I/ReactNativeJS(18909): [rowprobe] item fJQGoObqDxW18Kgl h=212.00001525878906
08-08 23:46:25.219 I/ReactNativeJS(18909): [rowprobe] item g3Jla6KvTEJzcTjM h=212.00001525878906
08-08 23:46:25.221 I/ReactNativeJS(18909): [rowprobe] item 0X4EEhaCYA9Ee9HS h=212.00001525878906
08-08 23:46:25.224 I/ReactNativeJS(18909): [rowprobe] item fJQGoObqDxW18Kgl h=212.00001525878906
08-08 23:46:25.226 I/ReactNativeJS(18909): [rowprobe] item ix8AisXf88v5LipZ h=212.00001525878906
08-08 23:46:25.228 I/ReactNativeJS(18909): [rowprobe] item NlPDYfYQG9k4vMPk h=212.00001525878906
08-08 23:46:25.229 I/ReactNativeJS(18909): [rowprobe] item VF01DSSR5uEP8SIG h=212.00001525878906
08-08 23:46:25.637 I/ReactNativeJS(18909): [rowprobe] item g3Jla6KvTEJzcTjM h=212.00001525878906
08-08 23:46:25.638 I/ReactNativeJS(18909): [rowprobe] item HonULZxMSRm05MZe h=212.00001525878906
08-08 23:46:25.640 I/ReactNativeJS(18909): [rowprobe] item ix8AisXf88v5LipZ h=212.00001525878906
08-08 23:46:25.642 I/ReactNativeJS(18909): [rowprobe] item fJQGoObqDxW18Kgl h=212.00001525878906
08-08 23:46:25.643 I/ReactNativeJS(18909): [rowprobe] item 0X4EEhaCYA9Ee9HS h=212.00001525878906
08-08 23:46:26.644 I/ReactNativeJS(18909): [rowprobe] item g3Jla6KvTEJzcTjM h=212.00001525878906
08-08 23:46:26.648 I/ReactNativeJS(18909): [rowprobe] item 0X4EEhaCYA9Ee9HS h=212.00001525878906
08-08 23:46:26.650 I/ReactNativeJS(18909): [rowprobe] item 4C3HE5QzORSg6oPY h=212.00001525878906
08-08 23:46:26.651 I/ReactNativeJS(18909): [rowprobe] item ix8AisXf88v5LipZ h=212.00001525878906
08-08 23:46:26.653 I/ReactNativeJS(18909): [rowprobe] item NlPDYfYQG9k4vMPk h=212.00001525878906
08-08 23:46:26.655 I/ReactNativeJS(18909): [rowprobe] item 06egH3bGEX4M1uZA h=212.00001525878906
08-08 23:46:26.656 I/ReactNativeJS(18909): [rowprobe] item HonULZxMSRm05MZe h=212.00001525878906
08-08 23:46:27.190 I/ReactNativeJS(18909): [rowprobe] item g3Jla6KvTEJzcTjM h=212.00001525878906
08-08 23:46:27.191 I/ReactNativeJS(18909): [rowprobe] item rA5AoHFNX53Bzglg h=212.00001525878906
08-08 23:46:27.193 I/ReactNativeJS(18909): [rowprobe] item ix8AisXf88v5LipZ h=212.00001525878906
08-08 23:46:27.195 I/ReactNativeJS(18909): [rowprobe] item NlPDYfYQG9k4vMPk h=212.00001525878906
08-08 23:46:27.196 I/ReactNativeJS(18909): [rowprobe] item 0X4EEhaCYA9Ee9HS h=212.00001525878906
08-08 23:46:27.687 I/ReactNativeJS(18909): [rowprobe] item FomV1SH8NW2agdEg h=212.00001525878906
08-08 23:46:27.689 I/ReactNativeJS(18909): [rowprobe] item ix8AisXf88v5LipZ h=212.00001525878906
08-08 23:46:27.690 I/ReactNativeJS(18909): [rowprobe] item NlPDYfYQG9k4vMPk h=212.00001525878906
08-08 23:46:27.692 I/ReactNativeJS(18909): [rowprobe] item g3Jla6KvTEJzcTjM h=212.00001525878906
08-08 23:46:27.694 I/ReactNativeJS(18909): [rowprobe] item HonULZxMSRm05MZe h=212.00001525878906
08-08 23:46:28.139 I/ReactNativeJS(18909): [rowprobe] item HonULZxMSRm05MZe h=212.00001525878906
08-08 23:46:28.141 I/ReactNativeJS(18909): [rowprobe] item zjCUOG1NU6yhol5D h=212.00001525878906
08-08 23:46:28.366 I/ReactNativeJS(18909): [rowprobe] item HonULZxMSRm05MZe h=212.00001525878906
08-08 23:46:28.367 I/ReactNativeJS(18909): [rowprobe] item 4C3HE5QzORSg6oPY h=212.00001525878906
08-08 23:46:28.779 I/ReactNativeJS(18909): [rowprobe] item HonULZxMSRm05MZe h=212.00001525878906
08-08 23:46:28.782 I/ReactNativeJS(18909): [rowprobe] item rA5AoHFNX53Bzglg h=212.00001525878906
08-08 23:46:29.284 I/ReactNativeJS(18909): [rowprobe] item FomV1SH8NW2agdEg h=212.00001525878906
08-08 23:46:34.937 I/ReactNativeJS(18909): [rowprobe] item eNsz6KfFFjOLD0w1 h=212.00001525878906
08-08 23:46:34.941 I/ReactNativeJS(18909): [rowprobe] item QeBBsjMWmLsFJ1I6 h=212.00001525878906
08-08 23:46:35.548 I/ReactNativeJS(18909): [rowprobe] item fXXDiq2POnXZDutW h=212.00001525878906
08-08 23:46:35.552 I/ReactNativeJS(18909): [rowprobe] item ndfPMkUYlAKidXu4 h=212.00001525878906
08-08 23:46:35.554 I/ReactNativeJS(18909): [rowprobe] item jGW3xLloM6WdNUxf h=212.00001525878906
08-08 23:46:35.556 I/ReactNativeJS(18909): [rowprobe] item YXLz9bQDtBgXBf5a h=212.00001525878906
08-08 23:46:35.557 I/ReactNativeJS(18909): [rowprobe] item pANbAEDt48j1edXw h=212.00001525878906
08-08 23:46:36.087 I/ReactNativeJS(18909): [rowprobe] item YXLz9bQDtBgXBf5a h=212.00001525878906
08-08 23:46:36.089 I/ReactNativeJS(18909): [rowprobe] item 5iGrraBjqjAl8UW8 h=212.00001525878906
08-08 23:46:36.091 I/ReactNativeJS(18909): [rowprobe] item eNsz6KfFFjOLD0w1 h=212.00001525878906
08-08 23:46:36.093 I/ReactNativeJS(18909): [rowprobe] item pANbAEDt48j1edXw h=212.00001525878906
08-08 23:46:36.666 I/ReactNativeJS(18909): [rowprobe] item dETwinj7k6khdWXK h=212.00001525878906
08-08 23:46:36.669 I/ReactNativeJS(18909): [rowprobe] item 5iGrraBjqjAl8UW8 h=212.00001525878906
08-08 23:46:36.671 I/ReactNativeJS(18909): [rowprobe] item eNsz6KfFFjOLD0w1 h=212.00001525878906
08-08 23:46:36.673 I/ReactNativeJS(18909): [rowprobe] item pANbAEDt48j1edXw h=212.00001525878906
08-08 23:46:36.675 I/ReactNativeJS(18909): [rowprobe] item fXXDiq2POnXZDutW h=212.00001525878906
08-08 23:46:37.421 I/ReactNativeJS(18909): [rowprobe] item 5iGrraBjqjAl8UW8 h=212.00001525878906
08-08 23:46:37.424 I/ReactNativeJS(18909): [rowprobe] item eNsz6KfFFjOLD0w1 h=212.00001525878906
08-08 23:46:37.427 I/ReactNativeJS(18909): [rowprobe] item xpZTajTvEpjEIvec h=212.00001525878906
08-08 23:46:37.429 I/ReactNativeJS(18909): [rowprobe] item fXXDiq2POnXZDutW h=212.00001525878906
08-08 23:46:37.431 I/ReactNativeJS(18909): [rowprobe] item dETwinj7k6khdWXK h=212.00001525878906
08-08 23:46:38.121 I/ReactNativeJS(18909): [rowprobe] item 5iGrraBjqjAl8UW8 h=212.00001525878906
08-08 23:46:38.125 I/ReactNativeJS(18909): [rowprobe] item m060HwckhJrYhWWS h=212.00001525878906
08-08 23:46:38.126 I/ReactNativeJS(18909): [rowprobe] item fXXDiq2POnXZDutW h=212.00001525878906
08-08 23:46:38.128 I/ReactNativeJS(18909): [rowprobe] item eNsz6KfFFjOLD0w1 h=212.00001525878906
08-08 23:46:38.259 W/ReactNativeJS(18909): [series] 0 books sit under no configured root and 1 have no first chapter — all dropped before detection, out of 352
08-08 23:46:38.433 I/ReactNativeJS(18909): [series] "Discworld"  41 books  (new)
08-08 23:46:38.433 I/ReactNativeJS(18909):         #1  Discworld 01 - The Colour of Magic                      certain  alb.name-num-dash folder:name-corroborated split:number-collision(49% dupes -> 2 folders)
08-08 23:46:38.433 I/ReactNativeJS(18909):         #2  Discworld 02 - The Light Fantastic                      certain  alb.name-num-dash folder:name-corroborated split:number-collision(49% dupes -> 2 folders)
08-08 23:46:38.433 I/ReactNativeJS(18909):         #3  Discworld 03 - Equal Rites                              certain  alb.name-num-dash folder:name-corroborated split:number-collision(49% dupes -> 2 folders)
08-08 23:46:38.433 I/ReactNativeJS(18909):         #4  Discworld 04 - Mort                                     certain  alb.name-num-dash folder:name-corroborated split:number-collision(49% dupes -> 2 folders)
08-08 23:46:38.433 I/ReactNativeJS(18909):         #5  Discworld 05 - Sourcery                                 certain  alb.name-num-dash folder:name-corroborated split:number-collision(49% dupes -> 2 folders)
08-08 23:46:38.433 I/ReactNativeJS(18909):         #6  Discworld 06 -  Wyrd Sisters                            certain  alb.name-num-dash folder:name-corroborated split:number-collision(49% dupes -> 2 folders)
08-08 23:46:38.433 I/ReactNativeJS(18909):         #7  Discworld 07 - Pyramids                                 certain  alb.name-num-dash folder:name-corroborated split:number-collision(49% dupes -> 2 folders)
08-08 23:46:38.433 I/ReactNativeJS(18909):         #8  Discworld 08 - Guards! Guards!                          certain  alb.name-num-dash folder:name-corroborated split:number-collision(49% dupes -> 2 folders)
08-08 23:46:38.433 I/ReactNativeJS(18909):         #9  Discworld 09 - Eric                                     certain  alb.name-num-dash folder:name-corroborated split:number-collision(49% dupes -> 2 folders)
08-08 23:46:38.433 I/ReactNativeJS(18909):        #10  Discworld 10 - Moving Pictures                          certain  alb.name-num-dash folder:name-corroborated split:number-collision(49% dupes -> 2 folders)
08-08 23:46:38.433 I/ReactNativeJS(18909):        #11  Discworld 11 - Reaper Man                               certain  alb.name-num-dash folder:name-corroborated split:number-collision(49% dupes -> 2 folders)
08-08 23:46:38.433 I/ReactNativeJS(18909):        #12  Discworld 12 - Witches Abroad                           certain  alb.name-num-dash folder:name-corroborated split:number-collision(49% dupes -> 2 folders)
08-08 23:46:38.433 I/ReactNativeJS(18909):        #13  Discworld 13 - Small Gods                               certain  tag.Grouping+bare-num alb.name-num-dash folder:name-corroborated split:number-collision(49% dupes -> 2 folders)
08-08 23:46:38.433 I/ReactNativeJS(18909):        #14  Discworld 14 - Lords and Ladies                         certain  alb.name-num-dash folder:name-corroborated split:number-collision(49% dupes -> 2 folders)
08-08 23:46:38.433 I/ReactNativeJS(18909):        #15  Discworld 15 - Men At Arms                              certain  alb.name-num-dash folder:name-corroborated split:number-collision(49% dupes -> 2 folders)
08-08 23:46:38.433 I/ReactNativeJS(18909):        #16  Discworld 16 - Soul Music                               certain  alb.name-num-dash folder:name-corroborated split:number-collision(49% dupes -> 2 folders)
08-08 23:46:38.433 I/ReactNativeJS(18909):        #17  Discworld 17 - Interesting Times                        certain  alb.name-num-dash folder:name-corroborated split:number-collision(49% dupes -> 2 folders)
08-08 23:46:38.433 I/ReactNativeJS(18909):        #18  Discworld 18 - Maskerade                                certain  alb.name-num-dash folder:name-corroborated split:number-collision(49% dupes -> 2 folders)
08-08 23:46:38.433 I/ReactNativeJS(18909):        #19  Discworld 19 - Feet of Clay                             certain  alb.name-num-dash folder:name-corroborated split:number-collision(49% dupes -> 2 folders)
08-08 23:46:38.433 I/ReactNativeJS(18909):        #20  Discworld 20 - Hogfather                                certain  alb.name-num-dash folder:name-corroborated split:number-collision(49% dupes -> 2 folders)
08-08 23:46:38.433 I/ReactNativeJS(18909):        #21  Discworld 21 - Jingo                                    certain  alb.name-num-dash folder:name-corroborated split:number-collision(49% dupes -> 2 folders)
08-08 23:46:38.433 I/ReactNativeJS(18909):        #22  Discworld 22 - The Last Continent                       certain  alb.name-num-dash folder:name-corroborated split:number-collision(49% dupes -> 2 folders)
08-08 23:46:38.433 I/ReactNativeJS(18909):        #23  Discworld 23 - Carpe Jugulum                            certain  alb.name-num-dash folder:name-corroborated split:number-collision(49% dupes -> 2 folders)
08-08 23:46:38.433 I/ReactNativeJS(18909):        #24  Discworld 24 - The Fifth Elephant                       certain  alb.name-num-dash folder:name-corroborated split:number-collision(49% dupes -> 2 folders)
08-08 23:46:38.433 I/ReactNativeJS(18909):        #25  Discworld 25 - The Truth                                certain  alb.name-num-dash folder:name-corroborated split:number-collision(49% dupes -> 2 folders)
08-08 23:46:38.433 I/ReactNativeJS(18909):        #26  Discworld 26 - Thief of Time                            certain  alb.name-num-dash folder:name-corroborated split:number-collision(49% dupes -> 2 folders)
08-08 23:46:38.433 I/ReactNativeJS(18909):        #27  Discworld 27 - The Last Hero                            certain  alb.name-num-dash folder:name-corroborated split:number-collision(49% dupes -> 2 folders)
08-08 23:46:38.433 I/ReactNativeJS(18909):        #28  Discworld 28 - The Amazing Maurice and His Educated Ro  certain  alb.name-num-dash folder:name-corroborated split:number-collision(49% dupes -> 2 folders)
08-08 23:46:38.433 I/ReactNativeJS(18909):        #29  Discworld 29 - Night Watch                              certain  alb.name-num-dash folder:name-corroborated split:number-collision(49% dupes -> 2 folders)
08-08 23:46:38.433 I/ReactNativeJS(18909):        #30  Discworld 30 - The Wee Free Men                         certain  alb.name-num-dash folder:name-corroborated split:number-collision(49% dupes -> 2 folders)
08-08 23:46:38.433 I/ReactNativeJS(18909):        #31  Discworld 31 - Monstrous Regiment                       certain  alb.name-num-dash folder:name-corroborated split:number-collision(49% dupes -> 2 folders)
08-08 23:46:38.433 I/ReactNativeJS(18909):        #32  Discworld 32 - A Hat Full of Sky                        certain  alb.name-num-dash folder:name-corroborated split:number-collision(49% dupes -> 2 folders)
08-08 23:46:38.433 I/ReactNativeJS(18909):        #33  Discworld 33 - Going Postal                             certain  alb.name-num-dash folder:name-corroborated split:number-collision(49% dupes -> 2 folders)
08-08 23:46:38.433 I/ReactNativeJS(18909):        #34  Discworld 34 - Thud!                                    certain  alb.name-num-dash folder:name-corroborated split:number-collision(49% dupes -> 2 folders)
08-08 23:46:38.433 I/ReactNativeJS(18909):        #35  Discworld 35 - Wintersmith                              certain  alb.name-num-dash folder:name-corroborated split:number-collision(49% dupes -> 2 folders)
08-08 23:46:38.433 I/ReactNativeJS(18909):        #36  Discworld 36 - Making Money                             certain  alb.name-num-dash folder:name-corroborated split:number-collision(49% dupes -> 2 folders)
08-08 23:46:38.433 I/ReactNativeJS(18909):        #37  Discworld 37 - Unseen Academicals                       certain  tag.Grouping+bare-num alb.name-num-dash folder:name-corroborated split:number-collision(49% dupes -> 2 folders)
08-08 23:46:38.433 I/ReactNativeJS(18909):        #38  DW38-I Shall Wear Midnight                              possible folder:name-corroborated(37/41) num:folder split:number-collision(49% dupes -> 2 folders)
08-08 23:46:38.433 I/ReactNativeJS(18909):        #39  Snuff                                                   possible folder:name-corroborated(37/41) num:folder split:number-collision(49% dupes -> 2 folders)
08-08 23:46:38.433 I/ReactNativeJS(18909):        #40  Raising Steam                                           possible folder:name-corroborated(37/41) num:folder split:number-collision(49% dupes -> 2 folders)
08-08 23:46:38.433 I/ReactNativeJS(18909):        #41  The Shepherd's Crown                                    possible folder:name-corroborated(37/41) num:folder split:number-collision(49% dupes -> 2 folders)
08-08 23:46:38.435 I/ReactNativeJS(18909): [series] "Discworld (2022)"  39 books  (new)
08-08 23:46:38.435 I/ReactNativeJS(18909):         #1  The Colour of Magic                                     possible folder:name-corroborated(10/39) num:folder split:number-collision(49% dupes -> 2 folders)
08-08 23:46:38.435 I/ReactNativeJS(18909):         #2  The Light Fantastic                                     possible folder:name-corroborated(10/39) num:folder split:number-collision(49% dupes -> 2 folders)
08-08 23:46:38.435 I/ReactNativeJS(18909):         #3  Equal Rites                                             possible folder:name-corroborated(10/39) num:folder split:number-collision(49% dupes -> 2 folders)
08-08 23:46:38.435 I/ReactNativeJS(18909):         #4  Mort (#4)                                               possible folder:name-corroborated(10/39) split:number-collision(49% dupes -> 2 folders)
08-08 23:46:38.435 I/ReactNativeJS(18909):         #5  Sourcery (#5)                                           possible folder:name-corroborated(10/39) split:number-collision(49% dupes -> 2 folders)
08-08 23:46:38.435 I/ReactNativeJS(18909):         #7  Pyramids: Discworld, Book 7                             certain  alb.book-suffix folder:name-corroborated split:number-collision(49% dupes -> 2 folders)
08-08 23:46:38.435 I/ReactNativeJS(18909):         #8  Guards! Guards! (Unabridged)                            possible folder:name-corroborated(10/39) num:folder split:number-collision(49% dupes -> 2 folders)
08-08 23:46:38.435 I/ReactNativeJS(18909):         #9  (#9) Eric                                               possible folder:name-corroborated(10/39) split:number-collision(49% dupes -> 2 folders)
08-08 23:46:38.435 I/ReactNativeJS(18909):        #10  Moving Pictures: Discworld, Book 10                     certain  alb.book-suffix folder:name-corroborated split:number-collision(49% dupes -> 2 folders)
08-08 23:46:38.435 I/ReactNativeJS(18909):        #11  (#11) Reaper Man                                        possible folder:name-corroborated(10/39) split:number-collision(49% dupes -> 2 folders)
08-08 23:46:38.435 I/ReactNativeJS(18909):        #12  Witches Abroad                                          possible folder:name-corroborated(10/39) num:folder split:number-collision(49% dupes -> 2 folders)
08-08 23:46:38.435 I/ReactNativeJS(18909):        #13  Small Gods (#13)                                        possible folder:name-corroborated(10/39) split:number-collision(49% dupes -> 2 folders)
08-08 23:46:38.435 I/ReactNativeJS(18909):        #14  Lords and Ladies                                        possible folder:name-corroborated(10/39) num:folder split:number-collision(49% dupes -> 2 folders)
08-08 23:46:38.435 I/ReactNativeJS(18909):        #15  Men at Arms (Unabridged)                                possible folder:name-corroborated(10/39) num:folder split:number-collision(49% dupes -> 2 folders)
08-08 23:46:38.435 I/ReactNativeJS(18909):        #16  (#16) Soul Music                                        possible folder:name-corroborated(10/39) split:number-collision(49% dupes -> 2 folders)
08-08 23:46:38.435 I/ReactNativeJS(18909):        #17  (#17) Interesting Times                                 possible folder:name-corroborated(10/39) split:number-collision(49% dupes -> 2 folders)
08-08 23:46:38.435 I/ReactNativeJS(18909):        #18  Maskerade                                               possible folder:name-corroborated(10/39) num:folder split:number-collision(49% dupes -> 2 folders)
08-08 23:46:38.435 I/ReactNativeJS(18909):        #19  Feet of Clay (Unabridged)                               possible folder:name-corroborated(10/39) num:folder split:number-collision(49% dupes -> 2 folders)
08-08 23:46:38.435 I/ReactNativeJS(18909):        #20  Hogfather: Discworld, Book 20                           certain  alb.book-suffix folder:name-corroborated split:number-collision(49% dupes -> 2 folders)
08-08 23:46:38.435 I/ReactNativeJS(18909):        #21  Jingo (Unabridged)                                      possible folder:name-corroborated(10/39) num:folder split:number-collision(49% dupes -> 2 folders)
08-08 23:46:38.435 I/ReactNativeJS(18909):        #22  The Last Continent: Discworld, Book 22                  certain  alb.book-suffix folder:name-corroborated split:number-collision(49% dupes -> 2 folders)
08-08 23:46:38.435 I/ReactNativeJS(18909):        #23  Carpe Jugulum                                           possible folder:name-corroborated(10/39) num:folder split:number-collision(49% dupes -> 2 folders)
08-08 23:46:38.435 I/ReactNativeJS(18909):        #24  The Fifth Elephant (Unabridged)                         possible folder:name-corroborated(10/39) num:folder split:number-collision(49% dupes -> 2 folders)
08-08 23:46:38.435 I/ReactNativeJS(18909):        #25  The Truth (Unabridged)                                  possible folder:name-corroborated(10/39) num:folder split:number-collision(49% dupes -> 2 folders)
08-08 23:46:38.435 I/ReactNativeJS(18909):        #26  Thief of Time (#26)                                     possible folder:name-corroborated(10/39) split:number-collision(49% dupes -> 2 folders)
08-08 23:46:38.435 I/ReactNativeJS(18909):        #28  The Amazing Maurice and His Educated Rodents (#28)      possible folder:name-corroborated(10/39) split:number-collision(49% dupes -> 2 folders)
08-08 23:46:38.435 I/ReactNativeJS(18909):        #29  Night Watch: Discworld, Book 29                         certain  alb.book-suffix folder:name-corroborated split:number-collision(49% dupes -> 2 folders)
08-08 23:46:38.435 I/ReactNativeJS(18909):        #30  The Wee Free Men: Discworld, Book 30                    certain  alb.book-suffix folder:name-corroborated split:number-collision(49% dupes -> 2 folders)
08-08 23:46:38.435 I/ReactNativeJS(18909):        #31  (#31) Monstrous Regiment                                possible folder:name-corroborated(10/39) split:number-collision(49% dupes -> 2 folders)
08-08 23:46:38.435 I/ReactNativeJS(18909):        #32  A Hat Full of Sky: Discworld, Book 32                   certain  alb.book-suffix folder:name-corroborated split:number-collision(49% dupes -> 2 folders)
08-08 23:46:38.435 I/ReactNativeJS(18909):        #33  Going Postal (Unabridged)                               possible folder:name-corroborated(10/39) num:folder split:number-collision(49% dupes -> 2 folders)
08-08 23:46:38.435 I/ReactNativeJS(18909):        #34  Thud!: Discworld, Book 34                               certain  alb.book-suffix folder:name-corroborated split:number-collision(49% dupes -> 2 folders)
08-08 23:46:38.435 I/ReactNativeJS(18909):        #35  Wintersmith: Discworld, Book 35                         certain  alb.book-suffix folder:name-corroborated split:number-collision(49% dupes -> 2 folders)
08-08 23:46:38.435 I/ReactNativeJS(18909):        #36  Making Money (Unabridged)                               possible folder:name-corroborated(10/39) num:folder split:number-collision(49% dupes -> 2 folders)
08-08 23:46:38.435 I/ReactNativeJS(18909):        #37  Unseen Academicals: Discworld Book, 37                  possible folder:name-corroborated(10/39) num:folder split:number-collision(49% dupes -> 2 folders)
08-08 23:46:38.435 I/ReactNativeJS(18909):        #38  I Shall Wear Midnight (Unabridged)                      possible folder:name-corroborated(10/39) num:folder split:number-collision(49% dupes -> 2 folders)
08-08 23:46:38.435 I/ReactNativeJS(18909):        #39  Snuff: Discworld, Book 39                               certain  alb.book-suffix folder:name-corroborated split:number-collision(49% dupes -> 2 folders)
08-08 23:46:38.435 I/ReactNativeJS(18909):        #40  Raising Steam (Unabridged)                              possible folder:name-corroborated(10/39) num:folder split:number-collision(49% dupes -> 2 folders)
08-08 23:46:38.435 I/ReactNativeJS(18909):        #41  The Shepherd's Crown (Unabridged)                       possible folder:name-corroborated(10/39) num:folder split:number-collision(49% dupes -> 2 folders)
08-08 23:46:38.437 I/ReactNativeJS(18909): [series] "Dresden Files"  22 books  (new)
08-08 23:46:38.437 I/ReactNativeJS(18909):         #1  Storm Front: The Dresden Files, Book 1 (Unabridged)     certain  tag.extra.SERIES alb.book-suffix folder:name-corroborated
08-08 23:46:38.437 I/ReactNativeJS(18909):         #2  Fool Moon: The Dresden Files, Book 2 (Unabridged)       certain  tag.extra.SERIES alb.book-suffix folder:name-corroborated
08-08 23:46:38.437 I/ReactNativeJS(18909):         #3  Grave Peril: The Dresden Files, Book 3 (Unabridged)     certain  tag.extra.SERIES alb.book-suffix folder:name-corroborated
08-08 23:46:38.437 I/ReactNativeJS(18909):         #4  Summer Knight: The Dresden Files, Book 4 (Unabridged)   certain  tag.extra.SERIES alb.book-suffix folder:name-corroborated
08-08 23:46:38.437 I/ReactNativeJS(18909):         #5  Death Masks: The Dresden Files, Book 5 (Unabridged)     certain  tag.extra.SERIES alb.book-suffix folder:name-corroborated
08-08 23:46:38.437 I/ReactNativeJS(18909):         #6  Blood Rites: The Dresden Files, Book 6 (Unabridged)     certain  tag.extra.SERIES alb.book-suffix folder:name-corroborated
08-08 23:46:38.437 I/ReactNativeJS(18909):         #7  Dead Beat: The Dresden Files, Book 7 (Unabridged)       certain  tag.extra.SERIES alb.book-suffix folder:name-corroborated
08-08 23:46:38.437 I/ReactNativeJS(18909):         #8  Proven Guilty: The Dresden Files, Book 8 (Unabridged)   certain  tag.extra.SERIES alb.book-suffix folder:name-corroborated
08-08 23:46:38.437 I/ReactNativeJS(18909):         #9  White Night: The Dresden Files, Book 9 (Unabridged)     certain  tag.extra.SERIES alb.book-suffix folder:name-corroborated
08-08 23:46:38.437 I/ReactNativeJS(18909):        #10  The Dresden Files #10: Small Favor                      certain  tag.Grouping alb.hash-colon folder:name-corroborated
08-08 23:46:38.437 I/ReactNativeJS(18909):        #11  The Dresden Files #11: Turn Coat                        certain  tag.Grouping alb.hash-colon folder:name-corroborated
08-08 23:46:38.437 I/ReactNativeJS(18909):        #12  The Dresden Files #12: Changes                          certain  tag.Grouping alb.hash-colon folder:name-corroborated
08-08 23:46:38.437 I/ReactNativeJS(18909):      #12.5  The Dresden Files #12.5: Side Jobs                      certain  tag.Grouping alb.hash-colon folder:name-corroborated
08-08 23:46:38.437 I/ReactNativeJS(18909):        #13  The Dresden Files #13: Ghost Story                      certain  tag.Grouping alb.hash-colon folder:name-corroborated
08-08 23:46:38.437 I/ReactNativeJS(18909):        #14  The Dresden Files #14: Cold Days                        certain  tag.Grouping alb.hash-colon folder:name-corroborated
08-08 23:46:38.437 I/ReactNativeJS(18909):        #15  The Dresden Files #15: Skin Game                        certain  tag.Grouping alb.hash-colon folder:name-corroborated
08-08 23:46:38.437 I/ReactNativeJS(18909):      #15.5  Brief Cases (Unabridged)                                certain  tag.extra.SERIES folder:name-corroborated
08-08 23:46:38.437 I/ReactNativeJS(18909):        #16  Peace Talks (Unabridged)                                certain  tag.extra.SERIES folder:name-corroborated
08-08 23:46:38.437 I/ReactNativeJS(18909):        #17  Battle Ground (Unabridged)                              certain  tag.extra.SERIES folder:name-corroborated
08-08 23:46:38.437 I/ReactNativeJS(18909):      #17.5  The Law                                                 certain  tag.extra.SERIES folder:name-corroborated
08-08 23:46:38.437 I/ReactNativeJS(18909):        #18  Twelve Months (Unabridged)                              certain  tag.extra.SERIES folder:name-corroborated
08-08 23:46:38.437 I/ReactNativeJS(18909):          —  Heroic Hearts (Unabridged)                              possible folder:name-corroborated(21/22)
08-08 23:46:38.439 I/ReactNativeJS(18909): [series] "Demon Accords"  17 books  (new)
08-08 23:46:38.439 I/ReactNativeJS(18909):         #1  Book 01 - God Touched - Demon Accords Series            certain  alb.book-dash-series folder:name-corroborated
08-08 23:46:38.439 I/ReactNativeJS(18909):         #1  Volume 01 - The Demon Accords Compendium                possible folder:name-corroborated(14/17)
08-08 23:46:38.439 I/ReactNativeJS(18909):         #2  Book 02 - Demon Driven - Demon Accords Series           certain  alb.book-dash-series folder:name-corroborated
08-08 23:46:38.439 I/ReactNativeJS(18909):         #2  Volume 02 - The Demon Accords Compendium                possible folder:name-corroborated(14/17)
08-08 23:46:38.439 I/ReactNativeJS(18909):         #3  Book 03 - Brutal Asset - Demon Accords Series           certain  alb.book-dash-series folder:name-corroborated
08-08 23:46:38.439 I/ReactNativeJS(18909):         #3  Volume 3 - The Demon Accords Compendium                 possible folder:name-corroborated(14/17)
08-08 23:46:38.439 I/ReactNativeJS(18909):       #3.5  Book 03.5 - Black Frost - Demon Accords Series          certain  alb.book-dash-series folder:name-corroborated
08-08 23:46:38.439 I/ReactNativeJS(18909):         #4  Book 04 - Duel Nature - Demon Accords Series            certain  alb.book-dash-series folder:name-corroborated
08-08 23:46:38.439 I/ReactNativeJS(18909):         #5  Book 05 - Fallen Stars - Demon Accords Series           certain  alb.book-dash-series folder:name-corroborated
08-08 23:46:38.439 I/ReactNativeJS(18909):         #6  Book 06 - Executable - Demon Accords Series             certain  alb.book-dash-series folder:name-corroborated
08-08 23:46:38.439 I/ReactNativeJS(18909):         #7  Book 07 - Forced Ascent - Demon Accords Series          certain  alb.book-dash-series folder:name-corroborated
08-08 23:46:38.439 I/ReactNativeJS(18909):         #8  Book 08 Part 1 - College Arcane - Demon Accords Series  certain  alb.book-dash-series folder:name-corroborated
08-08 23:46:38.439 I/ReactNativeJS(18909):         #8  Book 08 Part 2 - College Arcane - Demon Accords Series  certain  alb.book-dash-series folder:name-corroborated
08-08 23:46:38.439 I/ReactNativeJS(18909):         #9  Book 09 - God Hammer - Demon Accords Series             certain  alb.book-dash-series folder:name-corroborated
08-08 23:46:38.439 I/ReactNativeJS(18909):        #10  Book 10 - Rogues - Demon Accords Series                 certain  alb.book-dash-series folder:name-corroborated
08-08 23:46:38.439 I/ReactNativeJS(18909):        #11  Book 11 - Snake Eyes - Demon Accords Series             certain  alb.book-dash-series folder:name-corroborated
08-08 23:46:38.439 I/ReactNativeJS(18909):        #12  Book 12 - Winterfall - Demon Accords Series             certain  alb.book-dash-series folder:name-corroborated
08-08 23:46:38.441 I/ReactNativeJS(18909): [series] "Dungeon Crawler Carl"  8 books  (new)
08-08 23:46:38.441 I/ReactNativeJS(18909):         #1  Dungeon Crawler Carl (Unabridged)                       certain  tag.extra.SERIES folder:name-corroborated
08-08 23:46:38.441 I/ReactNativeJS(18909):         #2  Carl's Doomsday Scenario: Dungeon Crawler Carl, Book 2  certain  alb.book-suffix folder:name-corroborated
08-08 23:46:38.441 I/ReactNativeJS(18909):         #3  The Dungeon Anarchist's Cookbook: Dungeon Crawler Carl  certain  alb.book-suffix folder:name-corroborated
08-08 23:46:38.441 I/ReactNativeJS(18909):         #4  The Gate of the Feral Gods: Dungeon Crawler Carl, Book  certain  alb.book-suffix folder:name-corroborated
08-08 23:46:38.441 I/ReactNativeJS(18909):         #5  The Butcher's Masquerade: Dungeon Crawler Carl, Book 5  certain  alb.book-suffix folder:name-corroborated
08-08 23:46:38.441 I/ReactNativeJS(18909):         #6  The Eye of the Bedlam Bride: Dungeon Crawler Carl, Boo  certain  alb.book-suffix folder:name-corroborated
08-08 23:46:38.441 I/ReactNativeJS(18909):         #7  This Inevitable Ruin                                    certain  tag.extra.SERIES folder:name-corroborated
08-08 23:46:38.441 I/ReactNativeJS(18909):          —  A Parade of Horribles                                   possible folder:name-corroborated(7/8)
08-08 23:46:38.443 I/ReactNativeJS(18909): [series] "The Dark Tower"  8 books  (new)
08-08 23:46:38.443 I/ReactNativeJS(18909):         #1  The Dark Tower I: The Gunslinger                        certain  alb.roman folder:name-corroborated
08-08 23:46:38.443 I/ReactNativeJS(18909):         #2  The Dark Tower II: The Drawing Of The Three             certain  alb.roman folder:name-corroborated
08-08 23:46:38.443 I/ReactNativeJS(18909):         #4  The Dark Tower IV: Wizard & Glass                       certain  alb.roman folder:name-corroborated
08-08 23:46:38.443 I/ReactNativeJS(18909):         #5  The Dark Tower V: Wolves Of The Calla                   certain  alb.roman folder:name-corroborated
08-08 23:46:38.443 I/ReactNativeJS(18909):         #6  The Dark Tower VI: Song Of Susannah                     certain  alb.roman folder:name-corroborated
08-08 23:46:38.443 I/ReactNativeJS(18909):         #7  The Dark Tower VII: The Dark Tower                      certain  alb.roman folder:name-corroborated
08-08 23:46:38.443 I/ReactNativeJS(18909):          —  1991 - The Waste Lands (DT3 - read by Frank Muller)     possible folder:name-corroborated(6/8)
08-08 23:46:38.443 I/ReactNativeJS(18909):          —  LEGENDS - Stories by The Masters of Fantasy             possible folder:name-corroborated(6/8)
08-08 23:46:38.444 I/ReactNativeJS(18909): [series] "The First Law"  7 books  (new)
08-08 23:46:38.444 I/ReactNativeJS(18909):         #1  01 - The Blade Itself                                   guess    folder:number-corroborated(7/7)
08-08 23:46:38.444 I/ReactNativeJS(18909):         #2  02 - Before They Are Hanged                             guess    folder:number-corroborated(7/7)
08-08 23:46:38.444 I/ReactNativeJS(18909):         #3  03 - Last Argument of Kings                             guess    folder:number-corroborated(7/7)
08-08 23:46:38.444 I/ReactNativeJS(18909):         #4  04 - Best Served Cold                                   guess    folder:number-corroborated(7/7)
08-08 23:46:38.444 I/ReactNativeJS(18909):         #5  05 - The Heroes                                         guess    folder:number-corroborated(7/7)
08-08 23:46:38.444 I/ReactNativeJS(18909):         #6  06 - Red Country                                        guess    folder:number-corroborated(7/7)
08-08 23:46:38.444 I/ReactNativeJS(18909):         #7  07 - Sharp Ends: Stories from the World of the First L  guess    folder:number-corroborated(7/7)
08-08 23:46:38.446 I/ReactNativeJS(18909): [series] "Mistborn"  6 books  (new)
08-08 23:46:38.446 I/ReactNativeJS(18909):         #1  Mistborn 1 (Michael Kramer)                             likely   alb.name-num-sp
08-08 23:46:38.446 I/ReactNativeJS(18909):         #2  Mistborn 2 (Michael Kramer)                             likely   alb.name-num-sp
08-08 23:46:38.446 I/ReactNativeJS(18909):         #3  Mistborn 3 (Michael Kramer)                             likely   alb.name-num-sp
08-08 23:46:38.446 I/ReactNativeJS(18909):         #4  Mistborn 4 (Michael Kramer)                             likely   alb.name-num-sp
08-08 23:46:38.446 I/ReactNativeJS(18909):         #5  Mistborn 5 (Michael Kramer)                             likely   alb.name-num-sp
08-08 23:46:38.446 I/ReactNativeJS(18909):         #6  Mistborn 6 (Michael Kramer)                             likely   alb.name-num-sp
08-08 23:46:38.448 I/ReactNativeJS(18909): [series] "Shadow Saga"  6 books  (new)
08-08 23:46:38.448 I/ReactNativeJS(18909):         #1  Shadow 1 - Ender's Shadow                               certain  alb.name-num-dash folder:name-corroborated
08-08 23:46:38.448 I/ReactNativeJS(18909):         #3  Shadow 3 - Shadow Puppets                               certain  alb.name-num-dash folder:name-corroborated
08-08 23:46:38.448 I/ReactNativeJS(18909):         #6  Shadow of the Hegemon                                   possible folder:name-corroborated(2/6) num:folder
08-08 23:46:38.448 I/ReactNativeJS(18909):         #8  008 - Shadow of the Giant                               possible folder:name-corroborated(2/6)
08-08 23:46:38.448 I/ReactNativeJS(18909):         #9  Shadows in Flight                                       possible folder:name-corroborated(2/6) num:folder
08-08 23:46:38.448 I/ReactNativeJS(18909):        #10  The Last Shadow: Other Tales from the Ender Universe    possible folder:name-corroborated(2/6) num:folder
08-08 23:46:38.449 I/ReactNativeJS(18909): [series] "Bobiverse"  5 books  (new)
08-08 23:46:38.449 I/ReactNativeJS(18909):         #1  Bobiverse 01 We Are Legion (We Are Bob)                 certain  alb.name-num-sp folder:name-corroborated
08-08 23:46:38.449 I/ReactNativeJS(18909):         #2  Bobiverse 02 For We Are Many                            certain  alb.name-num-sp folder:name-corroborated
08-08 23:46:38.449 I/ReactNativeJS(18909):         #3  Bobiverse 03 All These Worlds                           certain  alb.name-num-sp folder:name-corroborated
08-08 23:46:38.449 I/ReactNativeJS(18909):         #4  Bobiverse 04 Heaven's River                             certain  alb.name-num-sp folder:name-corroborated
08-08 23:46:38.449 I/ReactNativeJS(18909):         #5  Bobiverse 05 Not Till We Are Lost                       certain  alb.name-num-sp folder:name-corroborated
08-08 23:46:38.451 I/ReactNativeJS(18909): [series] "Long Earth"  5 books  (new)
08-08 23:46:38.451 I/ReactNativeJS(18909):         #1  (Long Earth 01) The Long Earth                          certain  alb.paren-pre folder:name-corroborated
08-08 23:46:38.451 I/ReactNativeJS(18909):         #2  (Long Earth 02) The Long War                            certain  alb.paren-pre folder:name-corroborated
08-08 23:46:38.451 I/ReactNativeJS(18909):         #3  (Long Earth 03) The Long Mars                           certain  alb.paren-pre folder:name-corroborated
08-08 23:46:38.451 I/ReactNativeJS(18909):         #4  (Long Earth 04) The Long Utopia                         certain  alb.paren-pre folder:name-corroborated
08-08 23:46:38.451 I/ReactNativeJS(18909):         #5  (Long Earth 05) The Long Cosmos                         certain  alb.paren-pre folder:name-corroborated
08-08 23:46:38.453 I/ReactNativeJS(18909): [series] "Lockwood and Co."  4 books  (new)
08-08 23:46:38.453 I/ReactNativeJS(18909):         #1  Lockwood and Co Book 1 - The Screaming Staircase        certain  alb.series-book-n folder:name-corroborated
08-08 23:46:38.453 I/ReactNativeJS(18909):         #2  Lockwood and Co Book 2 - The Whispering Skull           certain  alb.series-book-n folder:name-corroborated
08-08 23:46:38.453 I/ReactNativeJS(18909):         #3  Lockwood and Co Book 3 - The Hollow Boy                 certain  alb.series-book-n folder:name-corroborated
08-08 23:46:38.453 I/ReactNativeJS(18909):         #5  Lockwood & Co: The Empty Grave (Unabridged)             possible folder:name-corroborated(3/5) num:folder
08-08 23:46:38.454 I/ReactNativeJS(18909): [series] "Memory, Sorrow & Thorn"  4 books  (new)
08-08 23:46:38.454 I/ReactNativeJS(18909):         #1  01 The Dragonbone Chair                                 guess    folder:number-corroborated(4/4)
08-08 23:46:38.454 I/ReactNativeJS(18909):         #2  02 The Stone of Farewell                                guess    folder:number-corroborated(4/4)
08-08 23:46:38.454 I/ReactNativeJS(18909):         #3  03 To Green Angel Tower - Siege                         guess    folder:number-corroborated(4/4)
08-08 23:46:38.454 I/ReactNativeJS(18909):         #4  04 To Green Angel Tower - Storm                         guess    folder:number-corroborated(4/4)
08-08 23:46:38.459 I/ReactNativeJS(18909): [series] "The Murderbot Diaries"  4 books  (new)
08-08 23:46:38.459 I/ReactNativeJS(18909):         #3  Rogue Protocol: The Murderbot Diaries, Book 3           likely   alb.book-suffix
08-08 23:46:38.459 I/ReactNativeJS(18909):         #5  Network Effect                                          certain  tag.extra.SERIES
08-08 23:46:38.459 I/ReactNativeJS(18909):         #6  The Murderbot Diaries 6: Fugitive Telemetry             likely   alb.name-num-dash
08-08 23:46:38.459 I/ReactNativeJS(18909):         #7  Martha Wells - The Murderbot Diaries 07 - System Colla  likely   alb.name-num-dash
08-08 23:46:38.461 I/ReactNativeJS(18909): [series] "Bromeliad"  3 books  (new)
08-08 23:46:38.461 I/ReactNativeJS(18909):         #1  Bromeliad 01 - Truckers                                 certain  alb.name-num-dash folder:name-corroborated
08-08 23:46:38.461 I/ReactNativeJS(18909):         #2  Bromeliad 02 - Diggers                                  certain  alb.name-num-dash folder:name-corroborated
08-08 23:46:38.461 I/ReactNativeJS(18909):         #3  Bromeliad 03 - Wings                                    certain  alb.name-num-dash folder:name-corroborated
08-08 23:46:38.463 I/ReactNativeJS(18909): [series] "Crouch, B"  3 books  (new)
08-08 23:46:38.463 I/ReactNativeJS(18909):         #1  Crouch, B: 1 Pines                                      likely   alb.name-num-sp
08-08 23:46:38.463 I/ReactNativeJS(18909):         #2  Crouch, B: 2 Wayward                                    likely   alb.name-num-sp
08-08 23:46:38.463 I/ReactNativeJS(18909):         #3  Crouch, B: 3 The Last Town                              likely   alb.name-num-sp
08-08 23:46:38.465 I/ReactNativeJS(18909): [series] "Lord of the Rings"  3 books  (new)
08-08 23:46:38.465 I/ReactNativeJS(18909):         #1  The Fellowship of the Ring: Lord of the Rings, Book 1   likely   alb.book-suffix
08-08 23:46:38.465 I/ReactNativeJS(18909):         #2  The Two Towers: Lord of the Rings, Book 2               likely   alb.book-suffix
08-08 23:46:38.465 I/ReactNativeJS(18909):         #3  The Return of the King: Lord of the Rings, Book 3       likely   alb.book-suffix
08-08 23:46:38.466 I/ReactNativeJS(18909): [series] "The Age of Madness"  3 books  (new)
08-08 23:46:38.466 I/ReactNativeJS(18909):         #1  01 - A Little Hatred                                    guess    folder:number-corroborated(3/3)
08-08 23:46:38.466 I/ReactNativeJS(18909):         #2  02 - The Trouble with Peace                             guess    folder:number-corroborated(3/3)
08-08 23:46:38.466 I/ReactNativeJS(18909):         #3  03 - The Wisdom of Crowds                               guess    folder:number-corroborated(3/3)
08-08 23:46:38.468 I/ReactNativeJS(18909): [series] "The Silo Saga"  3 books  (new)
08-08 23:46:38.468 I/ReactNativeJS(18909):         #1  Wool: The Silo Saga, Book 1                             certain  tag.Grouping alb.book-suffix folder:name-corroborated
08-08 23:46:38.468 I/ReactNativeJS(18909):         #2  Shift: The Silo Saga, Book 2                            certain  alb.book-suffix folder:name-corroborated
08-08 23:46:38.468 I/ReactNativeJS(18909):         #3  Dust: The Silo Saga, Book 3                             certain  alb.book-suffix folder:name-corroborated
08-08 23:46:38.470 I/ReactNativeJS(18909): [series] "TMC"  3 books  (new)
08-08 23:46:38.470 I/ReactNativeJS(18909):         #1  TMC 01 Thursday Murder Club                             likely   alb.name-num-sp
08-08 23:46:38.470 I/ReactNativeJS(18909):         #2  TMC 02 The Man Who Died Twice                           likely   alb.name-num-sp
08-08 23:46:38.470 I/ReactNativeJS(18909):         #3  TMC 03 The Bullet That Missed                           likely   alb.name-num-sp
08-08 23:46:38.471 I/ReactNativeJS(18909): [series] "Cerulean Chronicles"  2 books  (new)
08-08 23:46:38.471 I/ReactNativeJS(18909):         #1  Cerulean Chronicles 01 - The House in the Cerulean Sea  certain  tag.extra.SERIES alb.name-num-dash
08-08 23:46:38.471 I/ReactNativeJS(18909):         #2  Cerulean Chronicles 02 - Somewhere Beyond the Sea       certain  tag.extra.SERIES alb.name-num-dash
08-08 23:46:38.473 I/ReactNativeJS(18909): [series] "Kingkiller Chronicle"  2 books  (new)
08-08 23:46:38.473 I/ReactNativeJS(18909):         #1  Kingkiller Chronicle 01 The Name of the Wind            likely   alb.name-num-sp
08-08 23:46:38.473 I/ReactNativeJS(18909):         #2  Kingkiller Chronicle 02 The Wise Man's Fear             likely   alb.name-num-sp
08-08 23:46:38.475 I/ReactNativeJS(18909): [series] "Red Rising"  2 books  (new)
08-08 23:46:38.475 I/ReactNativeJS(18909):         #5  Red Rising, Book 5 - Dark Age                           likely   alb.series-book-n
08-08 23:46:38.475 I/ReactNativeJS(18909):         #6  Light Bringer: Red Rising, Book 6                       likely   alb.book-suffix
08-08 23:46:38.476 I/ReactNativeJS(18909): [series] detection (conservative): 351 units → 23 series, 200 books placed · created 23 (200 rows) · inserted 0 · removed 0 · skipped 0 · 203ms
08-08 23:46:38.480 I/ReactNativeJS(18909): [scan] 172710ms total · 3461 files, 3461 new (49.3ms/new file) — enumerate 1569ms · existing-urls 27ms · process 170696ms · cleanup 156ms · detect 253ms
08-08 23:48:39.670 I/ReactNativeJS(18909): [rowprobe] inner su7pRyLZNPLqfMGn h=220.00001525878906
08-08 23:48:39.672 I/ReactNativeJS(18909): [rowprobe] inner f7ifNvYcDndBhpVG h=220
08-08 23:48:39.674 I/ReactNativeJS(18909): [rowprobe] item wJWi2xxHcY4WzHBi h=212.00003051757812
08-08 23:48:39.675 I/ReactNativeJS(18909): [rowprobe] item 5W3iLmceDVYF2taj h=212.00003051757812
08-08 23:48:39.676 I/ReactNativeJS(18909): [rowprobe] item UMlu884lMhoAx412 h=212
08-08 23:48:39.677 I/ReactNativeJS(18909): [rowprobe] item pL0GnCoHDcXghhhW h=212
08-08 23:48:39.679 I/ReactNativeJS(18909): [rowprobe] item rRI8x78GqZp5HOTr h=212.00003051757812
08-08 23:48:39.680 I/ReactNativeJS(18909): [rowprobe] item ZHuG7qw7HXwu6k6V h=212
08-08 23:48:39.681 I/ReactNativeJS(18909): [rowprobe] inner Ul6iMuDad0p0G6Il h=220
08-08 23:48:39.683 I/ReactNativeJS(18909): [rowprobe] item uEthzLoMb8NP1ZVl h=212
08-08 23:48:39.684 I/ReactNativeJS(18909): [rowprobe] item KT8FAi5J3511ZuJx h=212
08-08 23:48:39.931 I/ReactNativeJS(18909): [rowprobe] item P70oMTqN6h0sqHZa h=212.00001525878906
08-08 23:48:39.932 I/ReactNativeJS(18909): [rowprobe] inner Pf6Vd3fVHXWdfReo h=220
08-08 23:48:39.935 I/ReactNativeJS(18909): [rowprobe] item Z6AjOG6fsJN1Q5xZ h=212
08-08 23:48:39.937 I/ReactNativeJS(18909): [rowprobe] item XqiYLsLTXxrvVzLW h=212
08-08 23:48:39.939 I/ReactNativeJS(18909): [rowprobe] item eeCtW2u0xNvNRWWt h=212
08-08 23:48:41.690 I/ReactNativeJS(18909): [rowprobe] inner VxelVMfQNwMKtuX3 h=220
08-08 23:48:41.692 I/ReactNativeJS(18909): [rowprobe] item CGTjffJuU6qlfDh1 h=212
08-08 23:48:41.693 I/ReactNativeJS(18909): [rowprobe] item FzZUnzNVclQigcyE h=212
08-08 23:48:41.695 I/ReactNativeJS(18909): [rowprobe] item hjNCy2bHsytmSXIW h=212
08-08 23:48:41.761 I/ReactNativeJS(18909): [rowprobe] item CCs5Qn8iyRxOlvU1 h=212
08-08 23:48:42.057 I/ReactNativeJS(18909): [rowprobe] inner jPIKknWcZ1XEV3ma h=220
08-08 23:48:42.068 I/ReactNativeJS(18909): [rowprobe] item oNGnV9zqdf36tbVi h=212
08-08 23:48:42.071 I/ReactNativeJS(18909): [rowprobe] item TAIveyjGZll0d48D h=212
08-08 23:48:42.073 I/ReactNativeJS(18909): [rowprobe] item taSdGrIRwTWQrgGK h=212
08-08 23:48:42.075 I/ReactNativeJS(18909): [rowprobe] item WoQiue03qoB5QlcD h=212
08-08 23:48:42.077 I/ReactNativeJS(18909): [rowprobe] item v7nGfK1isFl3ZBQZ h=212
08-08 23:48:42.079 I/ReactNativeJS(18909): [rowprobe] item pALvCowATOeUUybf h=212
08-08 23:48:42.081 I/ReactNativeJS(18909): [rowprobe] item iO8dbgn17VF8ZpbV h=212
08-08 23:48:42.524 I/ReactNativeJS(18909): [rowprobe] item bmRwbN0aTlb0nrO7 h=212
08-08 23:48:42.525 I/ReactNativeJS(18909): [rowprobe] item Gc0Ey2v8MATtN2Pv h=212
08-08 23:48:42.526 I/ReactNativeJS(18909): [rowprobe] item XpDaxIifrEUPj1a4 h=212
08-08 23:48:42.528 I/ReactNativeJS(18909): [rowprobe] item GL1uXBFEfKJqAgl0 h=212
08-08 23:48:42.530 I/ReactNativeJS(18909): [rowprobe] item 6XCSOx3u3kiLQkhq h=212
08-08 23:48:42.531 I/ReactNativeJS(18909): [rowprobe] item SvD24mWaXUL4Ne7R h=212
08-08 23:48:42.657 I/ReactNativeJS(18909): [rowprobe] item y4CQj6SDQqVdbiZj h=212
08-08 23:48:42.659 I/ReactNativeJS(18909): [rowprobe] item NNSmh2VHQw9ziu9C h=212
08-08 23:48:42.770 I/ReactNativeJS(18909): [rowprobe] item 7gJpdt8trfuHq8a2 h=212
08-08 23:48:45.591 I/ReactNativeJS(18909): [rowprobe] item Z13si8Dc5lQRqXoz h=212
08-08 23:48:45.593 I/ReactNativeJS(18909): [rowprobe] item YRm2ScUn7CYQnepV h=212
08-08 23:48:45.718 I/ReactNativeJS(18909): [rowprobe] item zgxwhMw3Fv6dmfsB h=212
08-08 23:48:45.719 I/ReactNativeJS(18909): [rowprobe] item x8LdxEaYv6Mrr2zg h=212
08-08 23:48:45.721 I/ReactNativeJS(18909): [rowprobe] item 7nKwnY9kQIRQgeJs h=212
08-08 23:48:45.722 I/ReactNativeJS(18909): [rowprobe] item nGfJrRCwOTgUICq8 h=212
08-08 23:48:45.724 I/ReactNativeJS(18909): [rowprobe] item TdUJuHTGlWMJlTyF h=212
08-08 23:48:45.725 I/ReactNativeJS(18909): [rowprobe] item Lqnpt4fM5VF586yv h=212
08-08 23:48:45.726 I/ReactNativeJS(18909): [rowprobe] item 0j3kS8NGi4oO25yC h=212
08-08 23:48:45.829 I/ReactNativeJS(18909): [rowprobe] item Xk5ToWAF2caOK88q h=212
08-08 23:48:45.832 I/ReactNativeJS(18909): [rowprobe] item qrxbTXrFia5r8aXq h=212
08-08 23:48:45.836 I/ReactNativeJS(18909): [rowprobe] item iBMeS6e0FG5QGXlc h=212
08-08 23:48:45.838 I/ReactNativeJS(18909): [rowprobe] item UN6WEPNzZ6x31KAX h=212
08-08 23:48:45.939 I/ReactNativeJS(18909): [rowprobe] item qsLtRH6bLZXhTlsP h=212
08-08 23:48:45.940 I/ReactNativeJS(18909): [rowprobe] item 75eYQqISOeYbFyBH h=212
08-08 23:48:45.942 I/ReactNativeJS(18909): [rowprobe] item EQgxMIe6VTZJgmpe h=212
08-08 23:48:45.944 I/ReactNativeJS(18909): [rowprobe] item 0irV5kbB1JngV9ec h=212
08-08 23:48:46.021 I/ReactNativeJS(18909): [rowprobe] item zc2w8lJxPnYLUvfb h=212
08-08 23:48:46.094 I/ReactNativeJS(18909): [rowprobe] item h40AeTmdbe8fjuQp h=212
08-08 23:48:46.166 I/ReactNativeJS(18909): [rowprobe] item tQH0PugOYgSKsrol h=212
08-08 23:48:46.238 I/ReactNativeJS(18909): [rowprobe] item bxZxW4GHJ8BvA4ja h=212
08-08 23:48:46.316 I/ReactNativeJS(18909): [rowprobe] item 0jZFQswMwmA4RsGh h=212
08-08 23:48:46.388 I/ReactNativeJS(18909): [rowprobe] item VF01DSSR5uEP8SIG h=212
08-08 23:48:46.553 I/ReactNativeJS(18909): [rowprobe] item fJQGoObqDxW18Kgl h=212
08-08 23:48:46.823 I/ReactNativeJS(18909): [rowprobe] item 06egH3bGEX4M1uZA h=212
08-08 23:48:47.002 I/ReactNativeJS(18909): [rowprobe] item 0X4EEhaCYA9Ee9HS h=212
08-08 23:48:47.105 I/ReactNativeJS(18909): [rowprobe] item ix8AisXf88v5LipZ h=212
08-08 23:48:47.107 I/ReactNativeJS(18909): [rowprobe] item g3Jla6KvTEJzcTjM h=212
08-08 23:48:47.108 I/ReactNativeJS(18909): [rowprobe] item NlPDYfYQG9k4vMPk h=212
08-08 23:48:47.110 I/ReactNativeJS(18909): [rowprobe] item HonULZxMSRm05MZe h=212
08-08 23:48:47.111 I/ReactNativeJS(18909): [rowprobe] item 4C3HE5QzORSg6oPY h=212
08-08 23:48:47.201 I/ReactNativeJS(18909): [rowprobe] item rA5AoHFNX53Bzglg h=212
08-08 23:48:47.203 I/ReactNativeJS(18909): [rowprobe] item FomV1SH8NW2agdEg h=212
08-08 23:48:48.264 I/ReactNativeJS(18909): [rowprobe] item 7gJpdt8trfuHq8a2 h=212
08-08 23:48:56.566 I/ReactNativeJS(18909): [rowprobe] item 0X4EEhaCYA9Ee9HS h=212
08-08 23:48:57.195 I/ReactNativeJS(18909): [rowprobe] item 06egH3bGEX4M1uZA h=212
08-08 23:48:58.870 I/ReactNativeJS(18909): [rowprobe] item fJQGoObqDxW18Kgl h=212
08-08 23:48:59.254 I/ReactNativeJS(18909): [rowprobe] item 4C3HE5QzORSg6oPY h=212
08-08 23:48:59.334 I/ReactNativeJS(18909): [rowprobe] item rA5AoHFNX53Bzglg h=212
08-08 23:48:59.417 I/ReactNativeJS(18909): [rowprobe] item FomV1SH8NW2agdEg h=212
08-08 23:49:23.516 I/ReactNativeJS(18909): [rowprobe] item 0X4EEhaCYA9Ee9HS h=212
08-08 23:49:23.602 I/ReactNativeJS(18909): [rowprobe] item VF01DSSR5uEP8SIG h=212
08-08 23:49:23.604 I/ReactNativeJS(18909): [rowprobe] item fJQGoObqDxW18Kgl h=212
08-08 23:49:23.605 I/ReactNativeJS(18909): [rowprobe] item 06egH3bGEX4M1uZA h=212
08-08 23:49:23.687 I/ReactNativeJS(18909): [rowprobe] item bxZxW4GHJ8BvA4ja h=212
08-08 23:49:23.688 I/ReactNativeJS(18909): [rowprobe] item 0jZFQswMwmA4RsGh h=212
08-08 23:49:23.759 I/ReactNativeJS(18909): [rowprobe] item zc2w8lJxPnYLUvfb h=212
08-08 23:49:23.761 I/ReactNativeJS(18909): [rowprobe] item h40AeTmdbe8fjuQp h=212
08-08 23:49:23.762 I/ReactNativeJS(18909): [rowprobe] item tQH0PugOYgSKsrol h=212
08-08 23:49:23.845 I/ReactNativeJS(18909): [rowprobe] item EQgxMIe6VTZJgmpe h=212
08-08 23:49:23.897 I/ReactNativeJS(18909): [rowprobe] item 75eYQqISOeYbFyBH h=212
08-08 23:49:24.011 I/ReactNativeJS(18909): [rowprobe] item qsLtRH6bLZXhTlsP h=212
08-08 23:49:24.068 I/ReactNativeJS(18909): [rowprobe] item iBMeS6e0FG5QGXlc h=212
08-08 23:49:24.069 I/ReactNativeJS(18909): [rowprobe] item UN6WEPNzZ6x31KAX h=212
08-08 23:49:24.141 I/ReactNativeJS(18909): [rowprobe] item Lqnpt4fM5VF586yv h=212
08-08 23:49:24.143 I/ReactNativeJS(18909): [rowprobe] item 0j3kS8NGi4oO25yC h=212
08-08 23:49:24.145 I/ReactNativeJS(18909): [rowprobe] item Xk5ToWAF2caOK88q h=212
08-08 23:49:24.146 I/ReactNativeJS(18909): [rowprobe] item qrxbTXrFia5r8aXq h=212
08-08 23:49:24.219 I/ReactNativeJS(18909): [rowprobe] item x8LdxEaYv6Mrr2zg h=212
08-08 23:49:24.224 I/ReactNativeJS(18909): [rowprobe] item 7nKwnY9kQIRQgeJs h=212
08-08 23:49:24.226 I/ReactNativeJS(18909): [rowprobe] item nGfJrRCwOTgUICq8 h=212
08-08 23:49:24.227 I/ReactNativeJS(18909): [rowprobe] item TdUJuHTGlWMJlTyF h=212
08-08 23:49:24.308 I/ReactNativeJS(18909): [rowprobe] item iO8dbgn17VF8ZpbV h=212
08-08 23:49:24.310 I/ReactNativeJS(18909): [rowprobe] item Z13si8Dc5lQRqXoz h=212
08-08 23:49:24.311 I/ReactNativeJS(18909): [rowprobe] item YRm2ScUn7CYQnepV h=212
08-08 23:49:24.312 I/ReactNativeJS(18909): [rowprobe] item AKiCQuyCsnyaGesd h=212
08-08 23:49:24.314 I/ReactNativeJS(18909): [rowprobe] item zgxwhMw3Fv6dmfsB h=212
08-08 23:49:24.397 I/ReactNativeJS(18909): [rowprobe] item taSdGrIRwTWQrgGK h=212
08-08 23:49:24.398 I/ReactNativeJS(18909): [rowprobe] item WoQiue03qoB5QlcD h=212
08-08 23:49:24.400 I/ReactNativeJS(18909): [rowprobe] item v7nGfK1isFl3ZBQZ h=212
08-08 23:49:24.401 I/ReactNativeJS(18909): [rowprobe] item pALvCowATOeUUybf h=212
08-08 23:49:24.467 I/ReactNativeJS(18909): [rowprobe] item oNGnV9zqdf36tbVi h=212
08-08 23:49:24.468 I/ReactNativeJS(18909): [rowprobe] item TAIveyjGZll0d48D h=212
08-08 23:50:04.170 I/ReactNativeJS(18909): [rowprobe] inner su7pRyLZNPLqfMGn h=220.00001525878906
08-08 23:50:04.171 I/ReactNativeJS(18909): [rowprobe] inner f7ifNvYcDndBhpVG h=220
08-08 23:50:04.173 I/ReactNativeJS(18909): [rowprobe] item wJWi2xxHcY4WzHBi h=212.00003051757812
08-08 23:50:04.175 I/ReactNativeJS(18909): [rowprobe] item 5W3iLmceDVYF2taj h=212.00003051757812
08-08 23:50:04.176 I/ReactNativeJS(18909): [rowprobe] item UMlu884lMhoAx412 h=212
08-08 23:50:04.177 I/ReactNativeJS(18909): [rowprobe] item pL0GnCoHDcXghhhW h=212
08-08 23:50:04.179 I/ReactNativeJS(18909): [rowprobe] item rRI8x78GqZp5HOTr h=212.00003051757812
08-08 23:50:04.180 I/ReactNativeJS(18909): [rowprobe] item ZHuG7qw7HXwu6k6V h=212
08-08 23:50:04.181 I/ReactNativeJS(18909): [rowprobe] inner Ul6iMuDad0p0G6Il h=220
08-08 23:50:04.183 I/ReactNativeJS(18909): [rowprobe] item uEthzLoMb8NP1ZVl h=212
08-08 23:50:04.184 I/ReactNativeJS(18909): [rowprobe] item KT8FAi5J3511ZuJx h=212
08-08 23:50:04.424 I/ReactNativeJS(18909): [rowprobe] item P70oMTqN6h0sqHZa h=212.00001525878906
08-08 23:50:04.426 I/ReactNativeJS(18909): [rowprobe] inner Pf6Vd3fVHXWdfReo h=220
08-08 23:50:04.428 I/ReactNativeJS(18909): [rowprobe] item Z6AjOG6fsJN1Q5xZ h=212
08-08 23:50:04.429 I/ReactNativeJS(18909): [rowprobe] item XqiYLsLTXxrvVzLW h=212
08-08 23:50:04.438 I/ReactNativeJS(18909): [rowprobe] item eeCtW2u0xNvNRWWt h=212
08-08 23:50:07.387 I/ReactNativeJS(18909): [rowprobe] inner VxelVMfQNwMKtuX3 h=220
08-08 23:50:07.389 I/ReactNativeJS(18909): [rowprobe] item CGTjffJuU6qlfDh1 h=212
08-08 23:50:07.391 I/ReactNativeJS(18909): [rowprobe] item FzZUnzNVclQigcyE h=212
08-08 23:50:07.392 I/ReactNativeJS(18909): [rowprobe] item hjNCy2bHsytmSXIW h=212
08-08 23:50:07.537 I/ReactNativeJS(18909): [rowprobe] inner NtHuVYgoh7ps0YYr h=220
08-08 23:50:07.538 I/ReactNativeJS(18909): [rowprobe] item bmRwbN0aTlb0nrO7 h=212
08-08 23:50:07.540 I/ReactNativeJS(18909): [rowprobe] item Gc0Ey2v8MATtN2Pv h=212
08-08 23:50:07.541 I/ReactNativeJS(18909): [rowprobe] item XpDaxIifrEUPj1a4 h=212
08-08 23:50:07.543 I/ReactNativeJS(18909): [rowprobe] item GL1uXBFEfKJqAgl0 h=212
08-08 23:50:07.545 I/ReactNativeJS(18909): [rowprobe] item CCs5Qn8iyRxOlvU1 h=212
08-08 23:50:07.995 I/ReactNativeJS(18909): [rowprobe] item a9VomclG8B68ioiI h=212
08-08 23:50:07.998 I/ReactNativeJS(18909): [rowprobe] item PCWq3psgy1ld0k92 h=212
08-08 23:50:07.999 I/ReactNativeJS(18909): [rowprobe] item y4CQj6SDQqVdbiZj h=212
08-08 23:50:08.000 I/ReactNativeJS(18909): [rowprobe] item NNSmh2VHQw9ziu9C h=212
08-08 23:50:08.002 I/ReactNativeJS(18909): [rowprobe] item IPRObck4Rk43rCB0 h=212
08-08 23:50:08.003 I/ReactNativeJS(18909): [rowprobe] item FLGVSvPiEp8IGWQx h=212
08-08 23:50:08.489 I/ReactNativeJS(18909): [rowprobe] item LiHtpzpVvW4pdzlo h=212
08-08 23:50:08.492 I/ReactNativeJS(18909): [rowprobe] item 7gJpdt8trfuHq8a2 h=212
08-08 23:52:44.818 W/ReactNativeJS(18909): [series] 0 books sit under no configured root and 1 have no first chapter — all dropped before detection, out of 352
08-08 23:52:44.915 I/ReactNativeJS(18909): [series] "Discworld"  41 books  (suppressed)
08-08 23:52:44.915 I/ReactNativeJS(18909):         #1  Discworld 01 - The Colour of Magic                      certain  alb.name-num-dash folder:name-corroborated split:number-collision(49% dupes -> 2 folders)
08-08 23:52:44.915 I/ReactNativeJS(18909):         #2  Discworld 02 - The Light Fantastic                      certain  alb.name-num-dash folder:name-corroborated split:number-collision(49% dupes -> 2 folders)
08-08 23:52:44.915 I/ReactNativeJS(18909):         #3  Discworld 03 - Equal Rites                              certain  alb.name-num-dash folder:name-corroborated split:number-collision(49% dupes -> 2 folders)
08-08 23:52:44.915 I/ReactNativeJS(18909):         #4  Discworld 04 - Mort                                     certain  alb.name-num-dash folder:name-corroborated split:number-collision(49% dupes -> 2 folders)
08-08 23:52:44.915 I/ReactNativeJS(18909):         #5  Discworld 05 - Sourcery                                 certain  alb.name-num-dash folder:name-corroborated split:number-collision(49% dupes -> 2 folders)
08-08 23:52:44.915 I/ReactNativeJS(18909):         #6  Discworld 06 -  Wyrd Sisters                            certain  alb.name-num-dash folder:name-corroborated split:number-collision(49% dupes -> 2 folders)
08-08 23:52:44.915 I/ReactNativeJS(18909):         #7  Discworld 07 - Pyramids                                 certain  alb.name-num-dash folder:name-corroborated split:number-collision(49% dupes -> 2 folders)
08-08 23:52:44.915 I/ReactNativeJS(18909):         #8  Discworld 08 - Guards! Guards!                          certain  alb.name-num-dash folder:name-corroborated split:number-collision(49% dupes -> 2 folders)
08-08 23:52:44.915 I/ReactNativeJS(18909):         #9  Discworld 09 - Eric                                     certain  alb.name-num-dash folder:name-corroborated split:number-collision(49% dupes -> 2 folders)
08-08 23:52:44.915 I/ReactNativeJS(18909):        #10  Discworld 10 - Moving Pictures                          certain  alb.name-num-dash folder:name-corroborated split:number-collision(49% dupes -> 2 folders)
08-08 23:52:44.915 I/ReactNativeJS(18909):        #11  Discworld 11 - Reaper Man                               certain  alb.name-num-dash folder:name-corroborated split:number-collision(49% dupes -> 2 folders)
08-08 23:52:44.915 I/ReactNativeJS(18909):        #12  Discworld 12 - Witches Abroad                           certain  alb.name-num-dash folder:name-corroborated split:number-collision(49% dupes -> 2 folders)
08-08 23:52:44.915 I/ReactNativeJS(18909):        #13  Discworld 13 - Small Gods                               certain  tag.Grouping+bare-num alb.name-num-dash folder:name-corroborated split:number-collision(49% dupes -> 2 folders)
08-08 23:52:44.915 I/ReactNativeJS(18909):        #14  Discworld 14 - Lords and Ladies                         certain  alb.name-num-dash folder:name-corroborated split:number-collision(49% dupes -> 2 folders)
08-08 23:52:44.915 I/ReactNativeJS(18909):        #15  Discworld 15 - Men At Arms                              certain  alb.name-num-dash folder:name-corroborated split:number-collision(49% dupes -> 2 folders)
08-08 23:52:44.915 I/ReactNativeJS(18909):        #16  Discworld 16 - Soul Music                               certain  alb.name-num-dash folder:name-corroborated split:number-collision(49% dupes -> 2 folders)
08-08 23:52:44.915 I/ReactNativeJS(18909):        #17  Discworld 17 - Interesting Times                        certain  alb.name-num-dash folder:name-corroborated split:number-collision(49% dupes -> 2 folders)
08-08 23:52:44.915 I/ReactNativeJS(18909):        #18  Discworld 18 - Maskerade                                certain  alb.name-num-dash folder:name-corroborated split:number-collision(49% dupes -> 2 folders)
08-08 23:52:44.915 I/ReactNativeJS(18909):        #19  Discworld 19 - Feet of Clay                             certain  alb.name-num-dash folder:name-corroborated split:number-collision(49% dupes -> 2 folders)
08-08 23:52:44.915 I/ReactNativeJS(18909):        #20  Discworld 20 - Hogfather                                certain  alb.name-num-dash folder:name-corroborated split:number-collision(49% dupes -> 2 folders)
08-08 23:52:44.915 I/ReactNativeJS(18909):        #21  Discworld 21 - Jingo                                    certain  alb.name-num-dash folder:name-corroborated split:number-collision(49% dupes -> 2 folders)
08-08 23:52:44.915 I/ReactNativeJS(18909):        #22  Discworld 22 - The Last Continent                       certain  alb.name-num-dash folder:name-corroborated split:number-collision(49% dupes -> 2 folders)
08-08 23:52:44.915 I/ReactNativeJS(18909):        #23  Discworld 23 - Carpe Jugulum                            certain  alb.name-num-dash folder:name-corroborated split:number-collision(49% dupes -> 2 folders)
08-08 23:52:44.915 I/ReactNativeJS(18909):        #24  Discworld 24 - The Fifth Elephant                       certain  alb.name-num-dash folder:name-corroborated split:number-collision(49% dupes -> 2 folders)
08-08 23:52:44.915 I/ReactNativeJS(18909):        #25  Discworld 25 - The Truth                                certain  alb.name-num-dash folder:name-corroborated split:number-collision(49% dupes -> 2 folders)
08-08 23:52:44.915 I/ReactNativeJS(18909):        #26  Discworld 26 - Thief of Time                            certain  alb.name-num-dash folder:name-corroborated split:number-collision(49% dupes -> 2 folders)
08-08 23:52:44.915 I/ReactNativeJS(18909):        #27  Discworld 27 - The Last Hero                            certain  alb.name-num-dash folder:name-corroborated split:number-collision(49% dupes -> 2 folders)
08-08 23:52:44.915 I/ReactNativeJS(18909):        #28  Discworld 28 - The Amazing Maurice and His Educated Ro  certain  alb.name-num-dash folder:name-corroborated split:number-collision(49% dupes -> 2 folders)
08-08 23:52:44.915 I/ReactNativeJS(18909):        #29  Discworld 29 - Night Watch                              certain  alb.name-num-dash folder:name-corroborated split:number-collision(49% dupes -> 2 folders)
08-08 23:52:44.915 I/ReactNativeJS(18909):        #30  Discworld 30 - The Wee Free Men                         certain  alb.name-num-dash folder:name-corroborated split:number-collision(49% dupes -> 2 folders)
08-08 23:52:44.915 I/ReactNativeJS(18909):        #31  Discworld 31 - Monstrous Regiment                       certain  alb.name-num-dash folder:name-corroborated split:number-collision(49% dupes -> 2 folders)
08-08 23:52:44.915 I/ReactNativeJS(18909):        #32  Discworld 32 - A Hat Full of Sky                        certain  alb.name-num-dash folder:name-corroborated split:number-collision(49% dupes -> 2 folders)
08-08 23:52:44.915 I/ReactNativeJS(18909):        #33  Discworld 33 - Going Postal                             certain  alb.name-num-dash folder:name-corroborated split:number-collision(49% dupes -> 2 folders)
08-08 23:52:44.915 I/ReactNativeJS(18909):        #34  Discworld 34 - Thud!                                    certain  alb.name-num-dash folder:name-corroborated split:number-collision(49% dupes -> 2 folders)
08-08 23:52:44.915 I/ReactNativeJS(18909):        #35  Discworld 35 - Wintersmith                              certain  alb.name-num-dash folder:name-corroborated split:number-collision(49% dupes -> 2 folders)
08-08 23:52:44.915 I/ReactNativeJS(18909):        #36  Discworld 36 - Making Money                             certain  alb.name-num-dash folder:name-corroborated split:number-collision(49% dupes -> 2 folders)
08-08 23:52:44.915 I/ReactNativeJS(18909):        #37  Discworld 37 - Unseen Academicals                       certain  tag.Grouping+bare-num alb.name-num-dash folder:name-corroborated split:number-collision(49% dupes -> 2 folders)
08-08 23:52:44.915 I/ReactNativeJS(18909):        #38  DW38-I Shall Wear Midnight                              possible folder:name-corroborated(37/41) num:folder split:number-collision(49% dupes -> 2 folders)
08-08 23:52:44.915 I/ReactNativeJS(18909):        #39  Snuff                                                   possible folder:name-corroborated(37/41) num:folder split:number-collision(49% dupes -> 2 folders)
08-08 23:52:44.915 I/ReactNativeJS(18909):        #40  Raising Steam                                           possible folder:name-corroborated(37/41) num:folder split:number-collision(49% dupes -> 2 folders)
08-08 23:52:44.915 I/ReactNativeJS(18909):        #41  The Shepherd's Crown                                    possible folder:name-corroborated(37/41) num:folder split:number-collision(49% dupes -> 2 folders)
08-08 23:52:44.916 I/ReactNativeJS(18909): [series] "Discworld (2022)"  39 books  (existing)
08-08 23:52:44.916 I/ReactNativeJS(18909):         #1  The Colour of Magic                                     possible folder:name-corroborated(10/39) num:folder split:number-collision(49% dupes -> 2 folders)
08-08 23:52:44.916 I/ReactNativeJS(18909):         #2  The Light Fantastic                                     possible folder:name-corroborated(10/39) num:folder split:number-collision(49% dupes -> 2 folders)
08-08 23:52:44.916 I/ReactNativeJS(18909):         #3  Equal Rites                                             possible folder:name-corroborated(10/39) num:folder split:number-collision(49% dupes -> 2 folders)
08-08 23:52:44.916 I/ReactNativeJS(18909):         #4  Mort (#4)                                               possible folder:name-corroborated(10/39) split:number-collision(49% dupes -> 2 folders)
08-08 23:52:44.916 I/ReactNativeJS(18909):         #5  Sourcery (#5)                                           possible folder:name-corroborated(10/39) split:number-collision(49% dupes -> 2 folders)
08-08 23:52:44.916 I/ReactNativeJS(18909):         #7  Pyramids: Discworld, Book 7                             certain  alb.book-suffix folder:name-corroborated split:number-collision(49% dupes -> 2 folders)
08-08 23:52:44.916 I/ReactNativeJS(18909):         #8  Guards! Guards! (Unabridged)                            possible folder:name-corroborated(10/39) num:folder split:number-collision(49% dupes -> 2 folders)
08-08 23:52:44.916 I/ReactNativeJS(18909):         #9  (#9) Eric                                               possible folder:name-corroborated(10/39) split:number-collision(49% dupes -> 2 folders)
08-08 23:52:44.916 I/ReactNativeJS(18909):        #10  Moving Pictures: Discworld, Book 10                     certain  alb.book-suffix folder:name-corroborated split:number-collision(49% dupes -> 2 folders)
08-08 23:52:44.916 I/ReactNativeJS(18909):        #11  (#11) Reaper Man                                        possible folder:name-corroborated(10/39) split:number-collision(49% dupes -> 2 folders)
08-08 23:52:44.916 I/ReactNativeJS(18909):        #12  Witches Abroad                                          possible folder:name-corroborated(10/39) num:folder split:number-collision(49% dupes -> 2 folders)
08-08 23:52:44.916 I/ReactNativeJS(18909):        #13  Small Gods (#13)                                        possible folder:name-corroborated(10/39) split:number-collision(49% dupes -> 2 folders)
08-08 23:52:44.916 I/ReactNativeJS(18909):        #14  Lords and Ladies                                        possible folder:name-corroborated(10/39) num:folder split:number-collision(49% dupes -> 2 folders)
08-08 23:52:44.916 I/ReactNativeJS(18909):        #15  Men at Arms (Unabridged)                                possible folder:name-corroborated(10/39) num:folder split:number-collision(49% dupes -> 2 folders)
08-08 23:52:44.916 I/ReactNativeJS(18909):        #16  (#16) Soul Music                                        possible folder:name-corroborated(10/39) split:number-collision(49% dupes -> 2 folders)
08-08 23:52:44.916 I/ReactNativeJS(18909):        #17  (#17) Interesting Times                                 possible folder:name-corroborated(10/39) split:number-collision(49% dupes -> 2 folders)
08-08 23:52:44.916 I/ReactNativeJS(18909):        #18  Maskerade                                               possible folder:name-corroborated(10/39) num:folder split:number-collision(49% dupes -> 2 folders)
08-08 23:52:44.916 I/ReactNativeJS(18909):        #19  Feet of Clay (Unabridged)                               possible folder:name-corroborated(10/39) num:folder split:number-collision(49% dupes -> 2 folders)
08-08 23:52:44.916 I/ReactNativeJS(18909):        #20  Hogfather: Discworld, Book 20                           certain  alb.book-suffix folder:name-corroborated split:number-collision(49% dupes -> 2 folders)
08-08 23:52:44.916 I/ReactNativeJS(18909):        #21  Jingo (Unabridged)                                      possible folder:name-corroborated(10/39) num:folder split:number-collision(49% dupes -> 2 folders)
08-08 23:52:44.916 I/ReactNativeJS(18909):        #22  The Last Continent: Discworld, Book 22                  certain  alb.book-suffix folder:name-corroborated split:number-collision(49% dupes -> 2 folders)
08-08 23:52:44.916 I/ReactNativeJS(18909):        #23  Carpe Jugulum                                           possible folder:name-corroborated(10/39) num:folder split:number-collision(49% dupes -> 2 folders)
08-08 23:52:44.916 I/ReactNativeJS(18909):        #24  The Fifth Elephant (Unabridged)                         possible folder:name-corroborated(10/39) num:folder split:number-collision(49% dupes -> 2 folders)
08-08 23:52:44.916 I/ReactNativeJS(18909):        #25  The Truth (Unabridged)                                  possible folder:name-corroborated(10/39) num:folder split:number-collision(49% dupes -> 2 folders)
08-08 23:52:44.916 I/ReactNativeJS(18909):        #26  Thief of Time (#26)                                     possible folder:name-corroborated(10/39) split:number-collision(49% dupes -> 2 folders)
08-08 23:52:44.916 I/ReactNativeJS(18909):        #28  The Amazing Maurice and His Educated Rodents (#28)      possible folder:name-corroborated(10/39) split:number-collision(49% dupes -> 2 folders)
08-08 23:52:44.916 I/ReactNativeJS(18909):        #29  Night Watch: Discworld, Book 29                         certain  alb.book-suffix folder:name-corroborated split:number-collision(49% dupes -> 2 folders)
08-08 23:52:44.916 I/ReactNativeJS(18909):        #30  The Wee Free Men: Discworld, Book 30                    certain  alb.book-suffix folder:name-corroborated split:number-collision(49% dupes -> 2 folders)
08-08 23:52:44.916 I/ReactNativeJS(18909):        #31  (#31) Monstrous Regiment                                possible folder:name-corroborated(10/39) split:number-collision(49% dupes -> 2 folders)
08-08 23:52:44.916 I/ReactNativeJS(18909):        #32  A Hat Full of Sky: Discworld, Book 32                   certain  alb.book-suffix folder:name-corroborated split:number-collision(49% dupes -> 2 folders)
08-08 23:52:44.916 I/ReactNativeJS(18909):        #33  Going Postal (Unabridged)                               possible folder:name-corroborated(10/39) num:folder split:number-collision(49% dupes -> 2 folders)
08-08 23:52:44.916 I/ReactNativeJS(18909):        #34  Thud!: Discworld, Book 34                               certain  alb.book-suffix folder:name-corroborated split:number-collision(49% dupes -> 2 folders)
08-08 23:52:44.916 I/ReactNativeJS(18909):        #35  Wintersmith: Discworld, Book 35                         certain  alb.book-suffix folder:name-corroborated split:number-collision(49% dupes -> 2 folders)
08-08 23:52:44.916 I/ReactNativeJS(18909):        #36  Making Money (Unabridged)                               possible folder:name-corroborated(10/39) num:folder split:number-collision(49% dupes -> 2 folders)
08-08 23:52:44.916 I/ReactNativeJS(18909):        #37  Unseen Academicals: Discworld Book, 37                  possible folder:name-corroborated(10/39) num:folder split:number-collision(49% dupes -> 2 folders)
08-08 23:52:44.916 I/ReactNativeJS(18909):        #38  I Shall Wear Midnight (Unabridged)                      possible folder:name-corroborated(10/39) num:folder split:number-collision(49% dupes -> 2 folders)
08-08 23:52:44.916 I/ReactNativeJS(18909):        #39  Snuff: Discworld, Book 39                               certain  alb.book-suffix folder:name-corroborated split:number-collision(49% dupes -> 2 folders)
08-08 23:52:44.916 I/ReactNativeJS(18909):        #40  Raising Steam (Unabridged)                              possible folder:name-corroborated(10/39) num:folder split:number-collision(49% dupes -> 2 folders)
08-08 23:52:44.916 I/ReactNativeJS(18909):        #41  The Shepherd's Crown (Unabridged)                       possible folder:name-corroborated(10/39) num:folder split:number-collision(49% dupes -> 2 folders)
08-08 23:52:44.918 I/ReactNativeJS(18909): [series] "Dresden Files"  22 books  (existing)
08-08 23:52:44.918 I/ReactNativeJS(18909):         #1  Storm Front: The Dresden Files, Book 1 (Unabridged)     certain  tag.extra.SERIES alb.book-suffix folder:name-corroborated
08-08 23:52:44.918 I/ReactNativeJS(18909):         #2  Fool Moon: The Dresden Files, Book 2 (Unabridged)       certain  tag.extra.SERIES alb.book-suffix folder:name-corroborated
08-08 23:52:44.918 I/ReactNativeJS(18909):         #3  Grave Peril: The Dresden Files, Book 3 (Unabridged)     certain  tag.extra.SERIES alb.book-suffix folder:name-corroborated
08-08 23:52:44.918 I/ReactNativeJS(18909):         #4  Summer Knight: The Dresden Files, Book 4 (Unabridged)   certain  tag.extra.SERIES alb.book-suffix folder:name-corroborated
08-08 23:52:44.918 I/ReactNativeJS(18909):         #5  Death Masks: The Dresden Files, Book 5 (Unabridged)     certain  tag.extra.SERIES alb.book-suffix folder:name-corroborated
08-08 23:52:44.918 I/ReactNativeJS(18909):         #6  Blood Rites: The Dresden Files, Book 6 (Unabridged)     certain  tag.extra.SERIES alb.book-suffix folder:name-corroborated
08-08 23:52:44.918 I/ReactNativeJS(18909):         #7  Dead Beat: The Dresden Files, Book 7 (Unabridged)       certain  tag.extra.SERIES alb.book-suffix folder:name-corroborated
08-08 23:52:44.918 I/ReactNativeJS(18909):         #8  Proven Guilty: The Dresden Files, Book 8 (Unabridged)   certain  tag.extra.SERIES alb.book-suffix folder:name-corroborated
08-08 23:52:44.918 I/ReactNativeJS(18909):         #9  White Night: The Dresden Files, Book 9 (Unabridged)     certain  tag.extra.SERIES alb.book-suffix folder:name-corroborated
08-08 23:52:44.918 I/ReactNativeJS(18909):        #10  The Dresden Files #10: Small Favor                      certain  tag.Grouping alb.hash-colon folder:name-corroborated
08-08 23:52:44.918 I/ReactNativeJS(18909):        #11  The Dresden Files #11: Turn Coat                        certain  tag.Grouping alb.hash-colon folder:name-corroborated
08-08 23:52:44.918 I/ReactNativeJS(18909):        #12  The Dresden Files #12: Changes                          certain  tag.Grouping alb.hash-colon folder:name-corroborated
08-08 23:52:44.918 I/ReactNativeJS(18909):      #12.5  The Dresden Files #12.5: Side Jobs                      certain  tag.Grouping alb.hash-colon folder:name-corroborated
08-08 23:52:44.918 I/ReactNativeJS(18909):        #13  The Dresden Files #13: Ghost Story                      certain  tag.Grouping alb.hash-colon folder:name-corroborated
08-08 23:52:44.918 I/ReactNativeJS(18909):        #14  The Dresden Files #14: Cold Days                        certain  tag.Grouping alb.hash-colon folder:name-corroborated
08-08 23:52:44.918 I/ReactNativeJS(18909):        #15  The Dresden Files #15: Skin Game                        certain  tag.Grouping alb.hash-colon folder:name-corroborated
08-08 23:52:44.918 I/ReactNativeJS(18909):      #15.5  Brief Cases (Unabridged)                                certain  tag.extra.SERIES folder:name-corroborated
08-08 23:52:44.918 I/ReactNativeJS(18909):        #16  Peace Talks (Unabridged)                                certain  tag.extra.SERIES folder:name-corroborated
08-08 23:52:44.918 I/ReactNativeJS(18909):        #17  Battle Ground (Unabridged)                              certain  tag.extra.SERIES folder:name-corroborated
08-08 23:52:44.918 I/ReactNativeJS(18909):      #17.5  The Law                                                 certain  tag.extra.SERIES folder:name-corroborated
08-08 23:52:44.918 I/ReactNativeJS(18909):        #18  Twelve Months (Unabridged)                              certain  tag.extra.SERIES folder:name-corroborated
08-08 23:52:44.918 I/ReactNativeJS(18909):          —  Heroic Hearts (Unabridged)                              possible folder:name-corroborated(21/22)
08-08 23:52:44.920 I/ReactNativeJS(18909): [series] "Demon Accords"  17 books  (existing)
08-08 23:52:44.920 I/ReactNativeJS(18909):         #1  Book 01 - God Touched - Demon Accords Series            certain  alb.book-dash-series folder:name-corroborated
08-08 23:52:44.920 I/ReactNativeJS(18909):         #1  Volume 01 - The Demon Accords Compendium                possible folder:name-corroborated(14/17)
08-08 23:52:44.920 I/ReactNativeJS(18909):         #2  Book 02 - Demon Driven - Demon Accords Series           certain  alb.book-dash-series folder:name-corroborated
08-08 23:52:44.920 I/ReactNativeJS(18909):         #2  Volume 02 - The Demon Accords Compendium                possible folder:name-corroborated(14/17)
08-08 23:52:44.920 I/ReactNativeJS(18909):         #3  Book 03 - Brutal Asset - Demon Accords Series           certain  alb.book-dash-series folder:name-corroborated
08-08 23:52:44.920 I/ReactNativeJS(18909):         #3  Volume 3 - The Demon Accords Compendium                 possible folder:name-corroborated(14/17)
08-08 23:52:44.920 I/ReactNativeJS(18909):       #3.5  Book 03.5 - Black Frost - Demon Accords Series          certain  alb.book-dash-series folder:name-corroborated
08-08 23:52:44.920 I/ReactNativeJS(18909):         #4  Book 04 - Duel Nature - Demon Accords Series            certain  alb.book-dash-series folder:name-corroborated
08-08 23:52:44.920 I/ReactNativeJS(18909):         #5  Book 05 - Fallen Stars - Demon Accords Series           certain  alb.book-dash-series folder:name-corroborated
08-08 23:52:44.920 I/ReactNativeJS(18909):         #6  Book 06 - Executable - Demon Accords Series             certain  alb.book-dash-series folder:name-corroborated
08-08 23:52:44.920 I/ReactNativeJS(18909):         #7  Book 07 - Forced Ascent - Demon Accords Series          certain  alb.book-dash-series folder:name-corroborated
08-08 23:52:44.920 I/ReactNativeJS(18909):         #8  Book 08 Part 1 - College Arcane - Demon Accords Series  certain  alb.book-dash-series folder:name-corroborated
08-08 23:52:44.920 I/ReactNativeJS(18909):         #8  Book 08 Part 2 - College Arcane - Demon Accords Series  certain  alb.book-dash-series folder:name-corroborated
08-08 23:52:44.920 I/ReactNativeJS(18909):         #9  Book 09 - God Hammer - Demon Accords Series             certain  alb.book-dash-series folder:name-corroborated
08-08 23:52:44.920 I/ReactNativeJS(18909):        #10  Book 10 - Rogues - Demon Accords Series                 certain  alb.book-dash-series folder:name-corroborated
08-08 23:52:44.920 I/ReactNativeJS(18909):        #11  Book 11 - Snake Eyes - Demon Accords Series             certain  alb.book-dash-series folder:name-corroborated
08-08 23:52:44.920 I/ReactNativeJS(18909):        #12  Book 12 - Winterfall - Demon Accords Series             certain  alb.book-dash-series folder:name-corroborated
08-08 23:52:44.921 I/ReactNativeJS(18909): [series] "Dungeon Crawler Carl"  8 books  (existing)
08-08 23:52:44.921 I/ReactNativeJS(18909):         #1  Dungeon Crawler Carl (Unabridged)                       certain  tag.extra.SERIES folder:name-corroborated
08-08 23:52:44.921 I/ReactNativeJS(18909):         #2  Carl's Doomsday Scenario: Dungeon Crawler Carl, Book 2  certain  alb.book-suffix folder:name-corroborated
08-08 23:52:44.921 I/ReactNativeJS(18909):         #3  The Dungeon Anarchist's Cookbook: Dungeon Crawler Carl  certain  alb.book-suffix folder:name-corroborated
08-08 23:52:44.921 I/ReactNativeJS(18909):         #4  The Gate of the Feral Gods: Dungeon Crawler Carl, Book  certain  alb.book-suffix folder:name-corroborated
08-08 23:52:44.921 I/ReactNativeJS(18909):         #5  The Butcher's Masquerade: Dungeon Crawler Carl, Book 5  certain  alb.book-suffix folder:name-corroborated
08-08 23:52:44.921 I/ReactNativeJS(18909):         #6  The Eye of the Bedlam Bride: Dungeon Crawler Carl, Boo  certain  alb.book-suffix folder:name-corroborated
08-08 23:52:44.921 I/ReactNativeJS(18909):         #7  This Inevitable Ruin                                    certain  tag.extra.SERIES folder:name-corroborated
08-08 23:52:44.921 I/ReactNativeJS(18909):          —  A Parade of Horribles                                   possible folder:name-corroborated(7/8)
08-08 23:52:44.922 I/ReactNativeJS(18909): [series] "The Dark Tower"  8 books  (existing)
08-08 23:52:44.922 I/ReactNativeJS(18909):         #1  The Dark Tower I: The Gunslinger                        certain  alb.roman folder:name-corroborated
08-08 23:52:44.922 I/ReactNativeJS(18909):         #2  The Dark Tower II: The Drawing Of The Three             certain  alb.roman folder:name-corroborated
08-08 23:52:44.922 I/ReactNativeJS(18909):         #4  The Dark Tower IV: Wizard & Glass                       certain  alb.roman folder:name-corroborated
08-08 23:52:44.922 I/ReactNativeJS(18909):         #5  The Dark Tower V: Wolves Of The Calla                   certain  alb.roman folder:name-corroborated
08-08 23:52:44.922 I/ReactNativeJS(18909):         #6  The Dark Tower VI: Song Of Susannah                     certain  alb.roman folder:name-corroborated
08-08 23:52:44.922 I/ReactNativeJS(18909):         #7  The Dark Tower VII: The Dark Tower                      certain  alb.roman folder:name-corroborated
08-08 23:52:44.922 I/ReactNativeJS(18909):          —  1991 - The Waste Lands (DT3 - read by Frank Muller)     possible folder:name-corroborated(6/8)
08-08 23:52:44.922 I/ReactNativeJS(18909):          —  LEGENDS - Stories by The Masters of Fantasy             possible folder:name-corroborated(6/8)
08-08 23:52:44.924 I/ReactNativeJS(18909): [series] "The First Law"  7 books  (existing)
08-08 23:52:44.924 I/ReactNativeJS(18909):         #1  01 - The Blade Itself                                   guess    folder:number-corroborated(7/7)
08-08 23:52:44.924 I/ReactNativeJS(18909):         #2  02 - Before They Are Hanged                             guess    folder:number-corroborated(7/7)
08-08 23:52:44.924 I/ReactNativeJS(18909):         #3  03 - Last Argument of Kings                             guess    folder:number-corroborated(7/7)
08-08 23:52:44.924 I/ReactNativeJS(18909):         #4  04 - Best Served Cold                                   guess    folder:number-corroborated(7/7)
08-08 23:52:44.924 I/ReactNativeJS(18909):         #5  05 - The Heroes                                         guess    folder:number-corroborated(7/7)
08-08 23:52:44.924 I/ReactNativeJS(18909):         #6  06 - Red Country                                        guess    folder:number-corroborated(7/7)
08-08 23:52:44.924 I/ReactNativeJS(18909):         #7  07 - Sharp Ends: Stories from the World of the First L  guess    folder:number-corroborated(7/7)
08-08 23:52:44.925 I/ReactNativeJS(18909): [series] "Mistborn"  6 books  (existing)
08-08 23:52:44.925 I/ReactNativeJS(18909):         #1  Mistborn 1 (Michael Kramer)                             likely   alb.name-num-sp
08-08 23:52:44.925 I/ReactNativeJS(18909):         #2  Mistborn 2 (Michael Kramer)                             likely   alb.name-num-sp
08-08 23:52:44.925 I/ReactNativeJS(18909):         #3  Mistborn 3 (Michael Kramer)                             likely   alb.name-num-sp
08-08 23:52:44.925 I/ReactNativeJS(18909):         #4  Mistborn 4 (Michael Kramer)                             likely   alb.name-num-sp
08-08 23:52:44.925 I/ReactNativeJS(18909):         #5  Mistborn 5 (Michael Kramer)                             likely   alb.name-num-sp
08-08 23:52:44.925 I/ReactNativeJS(18909):         #6  Mistborn 6 (Michael Kramer)                             likely   alb.name-num-sp
08-08 23:52:44.926 I/ReactNativeJS(18909): [series] "Shadow Saga"  6 books  (existing)
08-08 23:52:44.926 I/ReactNativeJS(18909):         #1  Shadow 1 - Ender's Shadow                               certain  alb.name-num-dash folder:name-corroborated
08-08 23:52:44.926 I/ReactNativeJS(18909):         #3  Shadow 3 - Shadow Puppets                               certain  alb.name-num-dash folder:name-corroborated
08-08 23:52:44.926 I/ReactNativeJS(18909):         #6  Shadow of the Hegemon                                   possible folder:name-corroborated(2/6) num:folder
08-08 23:52:44.926 I/ReactNativeJS(18909):         #8  008 - Shadow of the Giant                               possible folder:name-corroborated(2/6)
08-08 23:52:44.926 I/ReactNativeJS(18909):         #9  Shadows in Flight                                       possible folder:name-corroborated(2/6) num:folder
08-08 23:52:44.926 I/ReactNativeJS(18909):        #10  The Last Shadow: Other Tales from the Ender Universe    possible folder:name-corroborated(2/6) num:folder
08-08 23:52:44.927 I/ReactNativeJS(18909): [series] "Bobiverse"  5 books  (existing)
08-08 23:52:44.927 I/ReactNativeJS(18909):         #1  Bobiverse 01 We Are Legion (We Are Bob)                 certain  alb.name-num-sp folder:name-corroborated
08-08 23:52:44.927 I/ReactNativeJS(18909):         #2  Bobiverse 02 For We Are Many                            certain  alb.name-num-sp folder:name-corroborated
08-08 23:52:44.927 I/ReactNativeJS(18909):         #3  Bobiverse 03 All These Worlds                           certain  alb.name-num-sp folder:name-corroborated
08-08 23:52:44.927 I/ReactNativeJS(18909):         #4  Bobiverse 04 Heaven's River                             certain  alb.name-num-sp folder:name-corroborated
08-08 23:52:44.927 I/ReactNativeJS(18909):         #5  Bobiverse 05 Not Till We Are Lost                       certain  alb.name-num-sp folder:name-corroborated
08-08 23:52:44.929 I/ReactNativeJS(18909): [series] "Long Earth"  5 books  (existing)
08-08 23:52:44.929 I/ReactNativeJS(18909):         #1  (Long Earth 01) The Long Earth                          certain  alb.paren-pre folder:name-corroborated
08-08 23:52:44.929 I/ReactNativeJS(18909):         #2  (Long Earth 02) The Long War                            certain  alb.paren-pre folder:name-corroborated
08-08 23:52:44.929 I/ReactNativeJS(18909):         #3  (Long Earth 03) The Long Mars                           certain  alb.paren-pre folder:name-corroborated
08-08 23:52:44.929 I/ReactNativeJS(18909):         #4  (Long Earth 04) The Long Utopia                         certain  alb.paren-pre folder:name-corroborated
08-08 23:52:44.929 I/ReactNativeJS(18909):         #5  (Long Earth 05) The Long Cosmos                         certain  alb.paren-pre folder:name-corroborated
08-08 23:52:44.930 I/ReactNativeJS(18909): [series] "Lockwood and Co."  4 books  (existing)
08-08 23:52:44.930 I/ReactNativeJS(18909):         #1  Lockwood and Co Book 1 - The Screaming Staircase        certain  alb.series-book-n folder:name-corroborated
08-08 23:52:44.930 I/ReactNativeJS(18909):         #2  Lockwood and Co Book 2 - The Whispering Skull           certain  alb.series-book-n folder:name-corroborated
08-08 23:52:44.930 I/ReactNativeJS(18909):         #3  Lockwood and Co Book 3 - The Hollow Boy                 certain  alb.series-book-n folder:name-corroborated
08-08 23:52:44.930 I/ReactNativeJS(18909):         #5  Lockwood & Co: The Empty Grave (Unabridged)             possible folder:name-corroborated(3/5) num:folder
08-08 23:52:44.932 I/ReactNativeJS(18909): [series] "Memory, Sorrow & Thorn"  4 books  (existing)
08-08 23:52:44.932 I/ReactNativeJS(18909):         #1  01 The Dragonbone Chair                                 guess    folder:number-corroborated(4/4)
08-08 23:52:44.932 I/ReactNativeJS(18909):         #2  02 The Stone of Farewell                                guess    folder:number-corroborated(4/4)
08-08 23:52:44.932 I/ReactNativeJS(18909):         #3  03 To Green Angel Tower - Siege                         guess    folder:number-corroborated(4/4)
08-08 23:52:44.932 I/ReactNativeJS(18909):         #4  04 To Green Angel Tower - Storm                         guess    folder:number-corroborated(4/4)
08-08 23:52:44.933 I/ReactNativeJS(18909): [series] "The Murderbot Diaries"  4 books  (existing)
08-08 23:52:44.933 I/ReactNativeJS(18909):         #3  Rogue Protocol: The Murderbot Diaries, Book 3           likely   alb.book-suffix
08-08 23:52:44.933 I/ReactNativeJS(18909):         #5  Network Effect                                          certain  tag.extra.SERIES
08-08 23:52:44.933 I/ReactNativeJS(18909):         #6  The Murderbot Diaries 6: Fugitive Telemetry             likely   alb.name-num-dash
08-08 23:52:44.933 I/ReactNativeJS(18909):         #7  Martha Wells - The Murderbot Diaries 07 - System Colla  likely   alb.name-num-dash
08-08 23:52:44.934 I/ReactNativeJS(18909): [series] "Bromeliad"  3 books  (existing)
08-08 23:52:44.934 I/ReactNativeJS(18909):         #1  Bromeliad 01 - Truckers                                 certain  alb.name-num-dash folder:name-corroborated
08-08 23:52:44.934 I/ReactNativeJS(18909):         #2  Bromeliad 02 - Diggers                                  certain  alb.name-num-dash folder:name-corroborated
08-08 23:52:44.934 I/ReactNativeJS(18909):         #3  Bromeliad 03 - Wings                                    certain  alb.name-num-dash folder:name-corroborated
08-08 23:52:44.935 I/ReactNativeJS(18909): [series] "Crouch, B"  3 books  (existing)
08-08 23:52:44.935 I/ReactNativeJS(18909):         #1  Crouch, B: 1 Pines                                      likely   alb.name-num-sp
08-08 23:52:44.935 I/ReactNativeJS(18909):         #2  Crouch, B: 2 Wayward                                    likely   alb.name-num-sp
08-08 23:52:44.935 I/ReactNativeJS(18909):         #3  Crouch, B: 3 The Last Town                              likely   alb.name-num-sp
08-08 23:52:44.937 I/ReactNativeJS(18909): [series] "Lord of the Rings"  3 books  (existing)
08-08 23:52:44.937 I/ReactNativeJS(18909):         #1  The Fellowship of the Ring: Lord of the Rings, Book 1   likely   alb.book-suffix
08-08 23:52:44.937 I/ReactNativeJS(18909):         #2  The Two Towers: Lord of the Rings, Book 2               likely   alb.book-suffix
08-08 23:52:44.937 I/ReactNativeJS(18909):         #3  The Return of the King: Lord of the Rings, Book 3       likely   alb.book-suffix
08-08 23:52:44.938 I/ReactNativeJS(18909): [series] "The Age of Madness"  3 books  (existing)
08-08 23:52:44.938 I/ReactNativeJS(18909):         #1  01 - A Little Hatred                                    guess    folder:number-corroborated(3/3)
08-08 23:52:44.938 I/ReactNativeJS(18909):         #2  02 - The Trouble with Peace                             guess    folder:number-corroborated(3/3)
08-08 23:52:44.938 I/ReactNativeJS(18909):         #3  03 - The Wisdom of Crowds                               guess    folder:number-corroborated(3/3)
08-08 23:52:44.939 I/ReactNativeJS(18909): [series] "The Silo Saga"  3 books  (existing)
08-08 23:52:44.939 I/ReactNativeJS(18909):         #1  Wool: The Silo Saga, Book 1                             certain  tag.Grouping alb.book-suffix folder:name-corroborated
08-08 23:52:44.939 I/ReactNativeJS(18909):         #2  Shift: The Silo Saga, Book 2                            certain  alb.book-suffix folder:name-corroborated
08-08 23:52:44.939 I/ReactNativeJS(18909):         #3  Dust: The Silo Saga, Book 3                             certain  alb.book-suffix folder:name-corroborated
08-08 23:52:44.940 I/ReactNativeJS(18909): [series] "TMC"  3 books  (existing)
08-08 23:52:44.940 I/ReactNativeJS(18909):         #1  TMC 01 Thursday Murder Club                             likely   alb.name-num-sp
08-08 23:52:44.940 I/ReactNativeJS(18909):         #2  TMC 02 The Man Who Died Twice                           likely   alb.name-num-sp
08-08 23:52:44.940 I/ReactNativeJS(18909):         #3  TMC 03 The Bullet That Missed                           likely   alb.name-num-sp
08-08 23:52:44.942 I/ReactNativeJS(18909): [series] "Cerulean Chronicles"  2 books  (existing)
08-08 23:52:44.942 I/ReactNativeJS(18909):         #1  Cerulean Chronicles 01 - The House in the Cerulean Sea  certain  tag.extra.SERIES alb.name-num-dash
08-08 23:52:44.942 I/ReactNativeJS(18909):         #2  Cerulean Chronicles 02 - Somewhere Beyond the Sea       certain  tag.extra.SERIES alb.name-num-dash
08-08 23:52:44.943 I/ReactNativeJS(18909): [series] "Kingkiller Chronicle"  2 books  (existing)
08-08 23:52:44.943 I/ReactNativeJS(18909):         #1  Kingkiller Chronicle 01 The Name of the Wind            likely   alb.name-num-sp
08-08 23:52:44.943 I/ReactNativeJS(18909):         #2  Kingkiller Chronicle 02 The Wise Man's Fear             likely   alb.name-num-sp
08-08 23:52:44.944 I/ReactNativeJS(18909): [series] "Red Rising"  2 books  (existing)
08-08 23:52:44.944 I/ReactNativeJS(18909):         #5  Red Rising, Book 5 - Dark Age                           likely   alb.series-book-n
08-08 23:52:44.944 I/ReactNativeJS(18909):         #6  Light Bringer: Red Rising, Book 6                       likely   alb.book-suffix
08-08 23:52:44.945 I/ReactNativeJS(18909): [series] detection (conservative): 351 units → 23 series, 200 books placed · created 0 (0 rows) · inserted 0 · removed 0 · skipped 1 · 181ms
08-08 23:54:09.569 W/ReactNativeJS(18909): [series] 0 books sit under no configured root and 1 have no first chapter — all dropped before detection, out of 352
08-08 23:54:09.670 I/ReactNativeJS(18909): [series] "Discworld"  41 books  (suppressed)
08-08 23:54:09.670 I/ReactNativeJS(18909):         #1  Discworld 01 - The Colour of Magic                      certain  alb.name-num-dash folder:name-corroborated split:number-collision(49% dupes -> 2 folders)
08-08 23:54:09.670 I/ReactNativeJS(18909):         #2  Discworld 02 - The Light Fantastic                      certain  alb.name-num-dash folder:name-corroborated split:number-collision(49% dupes -> 2 folders)
08-08 23:54:09.670 I/ReactNativeJS(18909):         #3  Discworld 03 - Equal Rites                              certain  alb.name-num-dash folder:name-corroborated split:number-collision(49% dupes -> 2 folders)
08-08 23:54:09.670 I/ReactNativeJS(18909):         #4  Discworld 04 - Mort                                     certain  alb.name-num-dash folder:name-corroborated split:number-collision(49% dupes -> 2 folders)
08-08 23:54:09.670 I/ReactNativeJS(18909):         #5  Discworld 05 - Sourcery                                 certain  alb.name-num-dash folder:name-corroborated split:number-collision(49% dupes -> 2 folders)
08-08 23:54:09.670 I/ReactNativeJS(18909):         #6  Discworld 06 -  Wyrd Sisters                            certain  alb.name-num-dash folder:name-corroborated split:number-collision(49% dupes -> 2 folders)
08-08 23:54:09.670 I/ReactNativeJS(18909):         #7  Discworld 07 - Pyramids                                 certain  alb.name-num-dash folder:name-corroborated split:number-collision(49% dupes -> 2 folders)
08-08 23:54:09.670 I/ReactNativeJS(18909):         #8  Discworld 08 - Guards! Guards!                          certain  alb.name-num-dash folder:name-corroborated split:number-collision(49% dupes -> 2 folders)
08-08 23:54:09.670 I/ReactNativeJS(18909):         #9  Discworld 09 - Eric                                     certain  alb.name-num-dash folder:name-corroborated split:number-collision(49% dupes -> 2 folders)
08-08 23:54:09.670 I/ReactNativeJS(18909):        #10  Discworld 10 - Moving Pictures                          certain  alb.name-num-dash folder:name-corroborated split:number-collision(49% dupes -> 2 folders)
08-08 23:54:09.670 I/ReactNativeJS(18909):        #11  Discworld 11 - Reaper Man                               certain  alb.name-num-dash folder:name-corroborated split:number-collision(49% dupes -> 2 folders)
08-08 23:54:09.670 I/ReactNativeJS(18909):        #12  Discworld 12 - Witches Abroad                           certain  alb.name-num-dash folder:name-corroborated split:number-collision(49% dupes -> 2 folders)
08-08 23:54:09.670 I/ReactNativeJS(18909):        #13  Discworld 13 - Small Gods                               certain  tag.Grouping+bare-num alb.name-num-dash folder:name-corroborated split:number-collision(49% dupes -> 2 folders)
08-08 23:54:09.670 I/ReactNativeJS(18909):        #14  Discworld 14 - Lords and Ladies                         certain  alb.name-num-dash folder:name-corroborated split:number-collision(49% dupes -> 2 folders)
08-08 23:54:09.670 I/ReactNativeJS(18909):        #15  Discworld 15 - Men At Arms                              certain  alb.name-num-dash folder:name-corroborated split:number-collision(49% dupes -> 2 folders)
08-08 23:54:09.670 I/ReactNativeJS(18909):        #16  Discworld 16 - Soul Music                               certain  alb.name-num-dash folder:name-corroborated split:number-collision(49% dupes -> 2 folders)
08-08 23:54:09.670 I/ReactNativeJS(18909):        #17  Discworld 17 - Interesting Times                        certain  alb.name-num-dash folder:name-corroborated split:number-collision(49% dupes -> 2 folders)
08-08 23:54:09.670 I/ReactNativeJS(18909):        #18  Discworld 18 - Maskerade                                certain  alb.name-num-dash folder:name-corroborated split:number-collision(49% dupes -> 2 folders)
08-08 23:54:09.670 I/ReactNativeJS(18909):        #19  Discworld 19 - Feet of Clay                             certain  alb.name-num-dash folder:name-corroborated split:number-collision(49% dupes -> 2 folders)
08-08 23:54:09.670 I/ReactNativeJS(18909):        #20  Discworld 20 - Hogfather                                certain  alb.name-num-dash folder:name-corroborated split:number-collision(49% dupes -> 2 folders)
08-08 23:54:09.670 I/ReactNativeJS(18909):        #21  Discworld 21 - Jingo                                    certain  alb.name-num-dash folder:name-corroborated split:number-collision(49% dupes -> 2 folders)
08-08 23:54:09.670 I/ReactNativeJS(18909):        #22  Discworld 22 - The Last Continent                       certain  alb.name-num-dash folder:name-corroborated split:number-collision(49% dupes -> 2 folders)
08-08 23:54:09.670 I/ReactNativeJS(18909):        #23  Discworld 23 - Carpe Jugulum                            certain  alb.name-num-dash folder:name-corroborated split:number-collision(49% dupes -> 2 folders)
08-08 23:54:09.670 I/ReactNativeJS(18909):        #24  Discworld 24 - The Fifth Elephant                       certain  alb.name-num-dash folder:name-corroborated split:number-collision(49% dupes -> 2 folders)
08-08 23:54:09.670 I/ReactNativeJS(18909):        #25  Discworld 25 - The Truth                                certain  alb.name-num-dash folder:name-corroborated split:number-collision(49% dupes -> 2 folders)
08-08 23:54:09.670 I/ReactNativeJS(18909):        #26  Discworld 26 - Thief of Time                            certain  alb.name-num-dash folder:name-corroborated split:number-collision(49% dupes -> 2 folders)
08-08 23:54:09.670 I/ReactNativeJS(18909):        #27  Discworld 27 - The Last Hero                            certain  alb.name-num-dash folder:name-corroborated split:number-collision(49% dupes -> 2 folders)
08-08 23:54:09.670 I/ReactNativeJS(18909):        #28  Discworld 28 - The Amazing Maurice and His Educated Ro  certain  alb.name-num-dash folder:name-corroborated split:number-collision(49% dupes -> 2 folders)
08-08 23:54:09.670 I/ReactNativeJS(18909):        #29  Discworld 29 - Night Watch                              certain  alb.name-num-dash folder:name-corroborated split:number-collision(49% dupes -> 2 folders)
08-08 23:54:09.670 I/ReactNativeJS(18909):        #30  Discworld 30 - The Wee Free Men                         certain  alb.name-num-dash folder:name-corroborated split:number-collision(49% dupes -> 2 folders)
08-08 23:54:09.670 I/ReactNativeJS(18909):        #31  Discworld 31 - Monstrous Regiment                       certain  alb.name-num-dash folder:name-corroborated split:number-collision(49% dupes -> 2 folders)
08-08 23:54:09.670 I/ReactNativeJS(18909):        #32  Discworld 32 - A Hat Full of Sky                        certain  alb.name-num-dash folder:name-corroborated split:number-collision(49% dupes -> 2 folders)
08-08 23:54:09.670 I/ReactNativeJS(18909):        #33  Discworld 33 - Going Postal                             certain  alb.name-num-dash folder:name-corroborated split:number-collision(49% dupes -> 2 folders)
08-08 23:54:09.670 I/ReactNativeJS(18909):        #34  Discworld 34 - Thud!                                    certain  alb.name-num-dash folder:name-corroborated split:number-collision(49% dupes -> 2 folders)
08-08 23:54:09.670 I/ReactNativeJS(18909):        #35  Discworld 35 - Wintersmith                              certain  alb.name-num-dash folder:name-corroborated split:number-collision(49% dupes -> 2 folders)
08-08 23:54:09.670 I/ReactNativeJS(18909):        #36  Discworld 36 - Making Money                             certain  alb.name-num-dash folder:name-corroborated split:number-collision(49% dupes -> 2 folders)
08-08 23:54:09.670 I/ReactNativeJS(18909):        #37  Discworld 37 - Unseen Academicals                       certain  tag.Grouping+bare-num alb.name-num-dash folder:name-corroborated split:number-collision(49% dupes -> 2 folders)
08-08 23:54:09.670 I/ReactNativeJS(18909):        #38  DW38-I Shall Wear Midnight                              possible folder:name-corroborated(37/41) num:folder split:number-collision(49% dupes -> 2 folders)
08-08 23:54:09.670 I/ReactNativeJS(18909):        #39  Snuff                                                   possible folder:name-corroborated(37/41) num:folder split:number-collision(49% dupes -> 2 folders)
08-08 23:54:09.670 I/ReactNativeJS(18909):        #40  Raising Steam                                           possible folder:name-corroborated(37/41) num:folder split:number-collision(49% dupes -> 2 folders)
08-08 23:54:09.670 I/ReactNativeJS(18909):        #41  The Shepherd's Crown                                    possible folder:name-corroborated(37/41) num:folder split:number-collision(49% dupes -> 2 folders)
08-08 23:54:09.672 I/ReactNativeJS(18909): [series] "Discworld (2022)"  39 books  (existing)
08-08 23:54:09.672 I/ReactNativeJS(18909):         #1  The Colour of Magic                                     possible folder:name-corroborated(10/39) num:folder split:number-collision(49% dupes -> 2 folders)
08-08 23:54:09.672 I/ReactNativeJS(18909):         #2  The Light Fantastic                                     possible folder:name-corroborated(10/39) num:folder split:number-collision(49% dupes -> 2 folders)
08-08 23:54:09.672 I/ReactNativeJS(18909):         #3  Equal Rites                                             possible folder:name-corroborated(10/39) num:folder split:number-collision(49% dupes -> 2 folders)
08-08 23:54:09.672 I/ReactNativeJS(18909):         #4  Mort (#4)                                               possible folder:name-corroborated(10/39) split:number-collision(49% dupes -> 2 folders)
08-08 23:54:09.672 I/ReactNativeJS(18909):         #5  Sourcery (#5)                                           possible folder:name-corroborated(10/39) split:number-collision(49% dupes -> 2 folders)
08-08 23:54:09.672 I/ReactNativeJS(18909):         #7  Pyramids: Discworld, Book 7                             certain  alb.book-suffix folder:name-corroborated split:number-collision(49% dupes -> 2 folders)
08-08 23:54:09.672 I/ReactNativeJS(18909):         #8  Guards! Guards! (Unabridged)                            possible folder:name-corroborated(10/39) num:folder split:number-collision(49% dupes -> 2 folders)
08-08 23:54:09.672 I/ReactNativeJS(18909):         #9  (#9) Eric                                               possible folder:name-corroborated(10/39) split:number-collision(49% dupes -> 2 folders)
08-08 23:54:09.672 I/ReactNativeJS(18909):        #10  Moving Pictures: Discworld, Book 10                     certain  alb.book-suffix folder:name-corroborated split:number-collision(49% dupes -> 2 folders)
08-08 23:54:09.672 I/ReactNativeJS(18909):        #11  (#11) Reaper Man                                        possible folder:name-corroborated(10/39) split:number-collision(49% dupes -> 2 folders)
08-08 23:54:09.672 I/ReactNativeJS(18909):        #12  Witches Abroad                                          possible folder:name-corroborated(10/39) num:folder split:number-collision(49% dupes -> 2 folders)
08-08 23:54:09.672 I/ReactNativeJS(18909):        #13  Small Gods (#13)                                        possible folder:name-corroborated(10/39) split:number-collision(49% dupes -> 2 folders)
08-08 23:54:09.672 I/ReactNativeJS(18909):        #14  Lords and Ladies                                        possible folder:name-corroborated(10/39) num:folder split:number-collision(49% dupes -> 2 folders)
08-08 23:54:09.672 I/ReactNativeJS(18909):        #15  Men at Arms (Unabridged)                                possible folder:name-corroborated(10/39) num:folder split:number-collision(49% dupes -> 2 folders)
08-08 23:54:09.672 I/ReactNativeJS(18909):        #16  (#16) Soul Music                                        possible folder:name-corroborated(10/39) split:number-collision(49% dupes -> 2 folders)
08-08 23:54:09.672 I/ReactNativeJS(18909):        #17  (#17) Interesting Times                                 possible folder:name-corroborated(10/39) split:number-collision(49% dupes -> 2 folders)
08-08 23:54:09.672 I/ReactNativeJS(18909):        #18  Maskerade                                               possible folder:name-corroborated(10/39) num:folder split:number-collision(49% dupes -> 2 folders)
08-08 23:54:09.672 I/ReactNativeJS(18909):        #19  Feet of Clay (Unabridged)                               possible folder:name-corroborated(10/39) num:folder split:number-collision(49% dupes -> 2 folders)
08-08 23:54:09.672 I/ReactNativeJS(18909):        #20  Hogfather: Discworld, Book 20                           certain  alb.book-suffix folder:name-corroborated split:number-collision(49% dupes -> 2 folders)
08-08 23:54:09.672 I/ReactNativeJS(18909):        #21  Jingo (Unabridged)                                      possible folder:name-corroborated(10/39) num:folder split:number-collision(49% dupes -> 2 folders)
08-08 23:54:09.672 I/ReactNativeJS(18909):        #22  The Last Continent: Discworld, Book 22                  certain  alb.book-suffix folder:name-corroborated split:number-collision(49% dupes -> 2 folders)
08-08 23:54:09.672 I/ReactNativeJS(18909):        #23  Carpe Jugulum                                           possible folder:name-corroborated(10/39) num:folder split:number-collision(49% dupes -> 2 folders)
08-08 23:54:09.672 I/ReactNativeJS(18909):        #24  The Fifth Elephant (Unabridged)                         possible folder:name-corroborated(10/39) num:folder split:number-collision(49% dupes -> 2 folders)
08-08 23:54:09.672 I/ReactNativeJS(18909):        #25  The Truth (Unabridged)                                  possible folder:name-corroborated(10/39) num:folder split:number-collision(49% dupes -> 2 folders)
08-08 23:54:09.672 I/ReactNativeJS(18909):        #26  Thief of Time (#26)                                     possible folder:name-corroborated(10/39) split:number-collision(49% dupes -> 2 folders)
08-08 23:54:09.672 I/ReactNativeJS(18909):        #28  The Amazing Maurice and His Educated Rodents (#28)      possible folder:name-corroborated(10/39) split:number-collision(49% dupes -> 2 folders)
08-08 23:54:09.672 I/ReactNativeJS(18909):        #29  Night Watch: Discworld, Book 29                         certain  alb.book-suffix folder:name-corroborated split:number-collision(49% dupes -> 2 folders)
08-08 23:54:09.672 I/ReactNativeJS(18909):        #30  The Wee Free Men: Discworld, Book 30                    certain  alb.book-suffix folder:name-corroborated split:number-collision(49% dupes -> 2 folders)
08-08 23:54:09.672 I/ReactNativeJS(18909):        #31  (#31) Monstrous Regiment                                possible folder:name-corroborated(10/39) split:number-collision(49% dupes -> 2 folders)
08-08 23:54:09.672 I/ReactNativeJS(18909):        #32  A Hat Full of Sky: Discworld, Book 32                   certain  alb.book-suffix folder:name-corroborated split:number-collision(49% dupes -> 2 folders)
08-08 23:54:09.672 I/ReactNativeJS(18909):        #33  Going Postal (Unabridged)                               possible folder:name-corroborated(10/39) num:folder split:number-collision(49% dupes -> 2 folders)
08-08 23:54:09.672 I/ReactNativeJS(18909):        #34  Thud!: Discworld, Book 34                               certain  alb.book-suffix folder:name-corroborated split:number-collision(49% dupes -> 2 folders)
08-08 23:54:09.672 I/ReactNativeJS(18909):        #35  Wintersmith: Discworld, Book 35                         certain  alb.book-suffix folder:name-corroborated split:number-collision(49% dupes -> 2 folders)
08-08 23:54:09.672 I/ReactNativeJS(18909):        #36  Making Money (Unabridged)                               possible folder:name-corroborated(10/39) num:folder split:number-collision(49% dupes -> 2 folders)
08-08 23:54:09.672 I/ReactNativeJS(18909):        #37  Unseen Academicals: Discworld Book, 37                  possible folder:name-corroborated(10/39) num:folder split:number-collision(49% dupes -> 2 folders)
08-08 23:54:09.672 I/ReactNativeJS(18909):        #38  I Shall Wear Midnight (Unabridged)                      possible folder:name-corroborated(10/39) num:folder split:number-collision(49% dupes -> 2 folders)
08-08 23:54:09.672 I/ReactNativeJS(18909):        #39  Snuff: Discworld, Book 39                               certain  alb.book-suffix folder:name-corroborated split:number-collision(49% dupes -> 2 folders)
08-08 23:54:09.672 I/ReactNativeJS(18909):        #40  Raising Steam (Unabridged)                              possible folder:name-corroborated(10/39) num:folder split:number-collision(49% dupes -> 2 folders)
08-08 23:54:09.672 I/ReactNativeJS(18909):        #41  The Shepherd's Crown (Unabridged)                       possible folder:name-corroborated(10/39) num:folder split:number-collision(49% dupes -> 2 folders)
08-08 23:54:09.673 I/ReactNativeJS(18909): [series] "Dresden Files"  22 books  (existing)
08-08 23:54:09.673 I/ReactNativeJS(18909):         #1  Storm Front: The Dresden Files, Book 1 (Unabridged)     certain  tag.extra.SERIES alb.book-suffix folder:name-corroborated
08-08 23:54:09.673 I/ReactNativeJS(18909):         #2  Fool Moon: The Dresden Files, Book 2 (Unabridged)       certain  tag.extra.SERIES alb.book-suffix folder:name-corroborated
08-08 23:54:09.673 I/ReactNativeJS(18909):         #3  Grave Peril: The Dresden Files, Book 3 (Unabridged)     certain  tag.extra.SERIES alb.book-suffix folder:name-corroborated
08-08 23:54:09.673 I/ReactNativeJS(18909):         #4  Summer Knight: The Dresden Files, Book 4 (Unabridged)   certain  tag.extra.SERIES alb.book-suffix folder:name-corroborated
08-08 23:54:09.673 I/ReactNativeJS(18909):         #5  Death Masks: The Dresden Files, Book 5 (Unabridged)     certain  tag.extra.SERIES alb.book-suffix folder:name-corroborated
08-08 23:54:09.673 I/ReactNativeJS(18909):         #6  Blood Rites: The Dresden Files, Book 6 (Unabridged)     certain  tag.extra.SERIES alb.book-suffix folder:name-corroborated
08-08 23:54:09.673 I/ReactNativeJS(18909):         #7  Dead Beat: The Dresden Files, Book 7 (Unabridged)       certain  tag.extra.SERIES alb.book-suffix folder:name-corroborated
08-08 23:54:09.673 I/ReactNativeJS(18909):         #8  Proven Guilty: The Dresden Files, Book 8 (Unabridged)   certain  tag.extra.SERIES alb.book-suffix folder:name-corroborated
08-08 23:54:09.673 I/ReactNativeJS(18909):         #9  White Night: The Dresden Files, Book 9 (Unabridged)     certain  tag.extra.SERIES alb.book-suffix folder:name-corroborated
08-08 23:54:09.673 I/ReactNativeJS(18909):        #10  The Dresden Files #10: Small Favor                      certain  tag.Grouping alb.hash-colon folder:name-corroborated
08-08 23:54:09.673 I/ReactNativeJS(18909):        #11  The Dresden Files #11: Turn Coat                        certain  tag.Grouping alb.hash-colon folder:name-corroborated
08-08 23:54:09.673 I/ReactNativeJS(18909):        #12  The Dresden Files #12: Changes                          certain  tag.Grouping alb.hash-colon folder:name-corroborated
08-08 23:54:09.673 I/ReactNativeJS(18909):      #12.5  The Dresden Files #12.5: Side Jobs                      certain  tag.Grouping alb.hash-colon folder:name-corroborated
08-08 23:54:09.673 I/ReactNativeJS(18909):        #13  The Dresden Files #13: Ghost Story                      certain  tag.Grouping alb.hash-colon folder:name-corroborated
08-08 23:54:09.673 I/ReactNativeJS(18909):        #14  The Dresden Files #14: Cold Days                        certain  tag.Grouping alb.hash-colon folder:name-corroborated
08-08 23:54:09.673 I/ReactNativeJS(18909):        #15  The Dresden Files #15: Skin Game                        certain  tag.Grouping alb.hash-colon folder:name-corroborated
08-08 23:54:09.673 I/ReactNativeJS(18909):      #15.5  Brief Cases (Unabridged)                                certain  tag.extra.SERIES folder:name-corroborated
08-08 23:54:09.673 I/ReactNativeJS(18909):        #16  Peace Talks (Unabridged)                                certain  tag.extra.SERIES folder:name-corroborated
08-08 23:54:09.673 I/ReactNativeJS(18909):        #17  Battle Ground (Unabridged)                              certain  tag.extra.SERIES folder:name-corroborated
08-08 23:54:09.673 I/ReactNativeJS(18909):      #17.5  The Law                                                 certain  tag.extra.SERIES folder:name-corroborated
08-08 23:54:09.673 I/ReactNativeJS(18909):        #18  Twelve Months (Unabridged)                              certain  tag.extra.SERIES folder:name-corroborated
08-08 23:54:09.673 I/ReactNativeJS(18909):          —  Heroic Hearts (Unabridged)                              possible folder:name-corroborated(21/22)
08-08 23:54:09.676 I/ReactNativeJS(18909): [series] "Demon Accords"  17 books  (existing)
08-08 23:54:09.676 I/ReactNativeJS(18909):         #1  Book 01 - God Touched - Demon Accords Series            certain  alb.book-dash-series folder:name-corroborated
08-08 23:54:09.676 I/ReactNativeJS(18909):         #1  Volume 01 - The Demon Accords Compendium                possible folder:name-corroborated(14/17)
08-08 23:54:09.676 I/ReactNativeJS(18909):         #2  Book 02 - Demon Driven - Demon Accords Series           certain  alb.book-dash-series folder:name-corroborated
08-08 23:54:09.676 I/ReactNativeJS(18909):         #2  Volume 02 - The Demon Accords Compendium                possible folder:name-corroborated(14/17)
08-08 23:54:09.676 I/ReactNativeJS(18909):         #3  Book 03 - Brutal Asset - Demon Accords Series           certain  alb.book-dash-series folder:name-corroborated
08-08 23:54:09.676 I/ReactNativeJS(18909):         #3  Volume 3 - The Demon Accords Compendium                 possible folder:name-corroborated(14/17)
08-08 23:54:09.676 I/ReactNativeJS(18909):       #3.5  Book 03.5 - Black Frost - Demon Accords Series          certain  alb.book-dash-series folder:name-corroborated
08-08 23:54:09.676 I/ReactNativeJS(18909):         #4  Book 04 - Duel Nature - Demon Accords Series            certain  alb.book-dash-series folder:name-corroborated
08-08 23:54:09.676 I/ReactNativeJS(18909):         #5  Book 05 - Fallen Stars - Demon Accords Series           certain  alb.book-dash-series folder:name-corroborated
08-08 23:54:09.676 I/ReactNativeJS(18909):         #6  Book 06 - Executable - Demon Accords Series             certain  alb.book-dash-series folder:name-corroborated
08-08 23:54:09.676 I/ReactNativeJS(18909):         #7  Book 07 - Forced Ascent - Demon Accords Series          certain  alb.book-dash-series folder:name-corroborated
08-08 23:54:09.676 I/ReactNativeJS(18909):         #8  Book 08 Part 1 - College Arcane - Demon Accords Series  certain  alb.book-dash-series folder:name-corroborated
08-08 23:54:09.676 I/ReactNativeJS(18909):         #8  Book 08 Part 2 - College Arcane - Demon Accords Series  certain  alb.book-dash-series folder:name-corroborated
08-08 23:54:09.676 I/ReactNativeJS(18909):         #9  Book 09 - God Hammer - Demon Accords Series             certain  alb.book-dash-series folder:name-corroborated
08-08 23:54:09.676 I/ReactNativeJS(18909):        #10  Book 10 - Rogues - Demon Accords Series                 certain  alb.book-dash-series folder:name-corroborated
08-08 23:54:09.676 I/ReactNativeJS(18909):        #11  Book 11 - Snake Eyes - Demon Accords Series             certain  alb.book-dash-series folder:name-corroborated
08-08 23:54:09.676 I/ReactNativeJS(18909):        #12  Book 12 - Winterfall - Demon Accords Series             certain  alb.book-dash-series folder:name-corroborated
08-08 23:54:09.677 I/ReactNativeJS(18909): [series] "Dungeon Crawler Carl"  8 books  (existing)
08-08 23:54:09.677 I/ReactNativeJS(18909):         #1  Dungeon Crawler Carl (Unabridged)                       certain  tag.extra.SERIES folder:name-corroborated
08-08 23:54:09.677 I/ReactNativeJS(18909):         #2  Carl's Doomsday Scenario: Dungeon Crawler Carl, Book 2  certain  alb.book-suffix folder:name-corroborated
08-08 23:54:09.677 I/ReactNativeJS(18909):         #3  The Dungeon Anarchist's Cookbook: Dungeon Crawler Carl  certain  alb.book-suffix folder:name-corroborated
08-08 23:54:09.677 I/ReactNativeJS(18909):         #4  The Gate of the Feral Gods: Dungeon Crawler Carl, Book  certain  alb.book-suffix folder:name-corroborated
08-08 23:54:09.677 I/ReactNativeJS(18909):         #5  The Butcher's Masquerade: Dungeon Crawler Carl, Book 5  certain  alb.book-suffix folder:name-corroborated
08-08 23:54:09.677 I/ReactNativeJS(18909):         #6  The Eye of the Bedlam Bride: Dungeon Crawler Carl, Boo  certain  alb.book-suffix folder:name-corroborated
08-08 23:54:09.677 I/ReactNativeJS(18909):         #7  This Inevitable Ruin                                    certain  tag.extra.SERIES folder:name-corroborated
08-08 23:54:09.677 I/ReactNativeJS(18909):          —  A Parade of Horribles                                   possible folder:name-corroborated(7/8)
08-08 23:54:09.679 I/ReactNativeJS(18909): [series] "The Dark Tower"  8 books  (existing)
08-08 23:54:09.679 I/ReactNativeJS(18909):         #1  The Dark Tower I: The Gunslinger                        certain  alb.roman folder:name-corroborated
08-08 23:54:09.679 I/ReactNativeJS(18909):         #2  The Dark Tower II: The Drawing Of The Three             certain  alb.roman folder:name-corroborated
08-08 23:54:09.679 I/ReactNativeJS(18909):         #4  The Dark Tower IV: Wizard & Glass                       certain  alb.roman folder:name-corroborated
08-08 23:54:09.679 I/ReactNativeJS(18909):         #5  The Dark Tower V: Wolves Of The Calla                   certain  alb.roman folder:name-corroborated
08-08 23:54:09.679 I/ReactNativeJS(18909):         #6  The Dark Tower VI: Song Of Susannah                     certain  alb.roman folder:name-corroborated
08-08 23:54:09.679 I/ReactNativeJS(18909):         #7  The Dark Tower VII: The Dark Tower                      certain  alb.roman folder:name-corroborated
08-08 23:54:09.679 I/ReactNativeJS(18909):          —  1991 - The Waste Lands (DT3 - read by Frank Muller)     possible folder:name-corroborated(6/8)
08-08 23:54:09.679 I/ReactNativeJS(18909):          —  LEGENDS - Stories by The Masters of Fantasy             possible folder:name-corroborated(6/8)
08-08 23:54:09.680 I/ReactNativeJS(18909): [series] "The First Law"  7 books  (existing)
08-08 23:54:09.680 I/ReactNativeJS(18909):         #1  01 - The Blade Itself                                   guess    folder:number-corroborated(7/7)
08-08 23:54:09.680 I/ReactNativeJS(18909):         #2  02 - Before They Are Hanged                             guess    folder:number-corroborated(7/7)
08-08 23:54:09.680 I/ReactNativeJS(18909):         #3  03 - Last Argument of Kings                             guess    folder:number-corroborated(7/7)
08-08 23:54:09.680 I/ReactNativeJS(18909):         #4  04 - Best Served Cold                                   guess    folder:number-corroborated(7/7)
08-08 23:54:09.680 I/ReactNativeJS(18909):         #5  05 - The Heroes                                         guess    folder:number-corroborated(7/7)
08-08 23:54:09.680 I/ReactNativeJS(18909):         #6  06 - Red Country                                        guess    folder:number-corroborated(7/7)
08-08 23:54:09.680 I/ReactNativeJS(18909):         #7  07 - Sharp Ends: Stories from the World of the First L  guess    folder:number-corroborated(7/7)
08-08 23:54:09.682 I/ReactNativeJS(18909): [series] "Mistborn"  6 books  (existing)
08-08 23:54:09.682 I/ReactNativeJS(18909):         #1  Mistborn 1 (Michael Kramer)                             likely   alb.name-num-sp
08-08 23:54:09.682 I/ReactNativeJS(18909):         #2  Mistborn 2 (Michael Kramer)                             likely   alb.name-num-sp
08-08 23:54:09.682 I/ReactNativeJS(18909):         #3  Mistborn 3 (Michael Kramer)                             likely   alb.name-num-sp
08-08 23:54:09.682 I/ReactNativeJS(18909):         #4  Mistborn 4 (Michael Kramer)                             likely   alb.name-num-sp
08-08 23:54:09.682 I/ReactNativeJS(18909):         #5  Mistborn 5 (Michael Kramer)                             likely   alb.name-num-sp
08-08 23:54:09.682 I/ReactNativeJS(18909):         #6  Mistborn 6 (Michael Kramer)                             likely   alb.name-num-sp
08-08 23:54:09.683 I/ReactNativeJS(18909): [series] "Shadow Saga"  6 books  (existing)
08-08 23:54:09.683 I/ReactNativeJS(18909):         #1  Shadow 1 - Ender's Shadow                               certain  alb.name-num-dash folder:name-corroborated
08-08 23:54:09.683 I/ReactNativeJS(18909):         #3  Shadow 3 - Shadow Puppets                               certain  alb.name-num-dash folder:name-corroborated
08-08 23:54:09.683 I/ReactNativeJS(18909):         #6  Shadow of the Hegemon                                   possible folder:name-corroborated(2/6) num:folder
08-08 23:54:09.683 I/ReactNativeJS(18909):         #8  008 - Shadow of the Giant                               possible folder:name-corroborated(2/6)
08-08 23:54:09.683 I/ReactNativeJS(18909):         #9  Shadows in Flight                                       possible folder:name-corroborated(2/6) num:folder
08-08 23:54:09.683 I/ReactNativeJS(18909):        #10  The Last Shadow: Other Tales from the Ender Universe    possible folder:name-corroborated(2/6) num:folder
08-08 23:54:09.685 I/ReactNativeJS(18909): [series] "Bobiverse"  5 books  (existing)
08-08 23:54:09.685 I/ReactNativeJS(18909):         #1  Bobiverse 01 We Are Legion (We Are Bob)                 certain  alb.name-num-sp folder:name-corroborated
08-08 23:54:09.685 I/ReactNativeJS(18909):         #2  Bobiverse 02 For We Are Many                            certain  alb.name-num-sp folder:name-corroborated
08-08 23:54:09.685 I/ReactNativeJS(18909):         #3  Bobiverse 03 All These Worlds                           certain  alb.name-num-sp folder:name-corroborated
08-08 23:54:09.685 I/ReactNativeJS(18909):         #4  Bobiverse 04 Heaven's River                             certain  alb.name-num-sp folder:name-corroborated
08-08 23:54:09.685 I/ReactNativeJS(18909):         #5  Bobiverse 05 Not Till We Are Lost                       certain  alb.name-num-sp folder:name-corroborated
08-08 23:54:09.686 I/ReactNativeJS(18909): [series] "Long Earth"  5 books  (existing)
08-08 23:54:09.686 I/ReactNativeJS(18909):         #1  (Long Earth 01) The Long Earth                          certain  alb.paren-pre folder:name-corroborated
08-08 23:54:09.686 I/ReactNativeJS(18909):         #2  (Long Earth 02) The Long War                            certain  alb.paren-pre folder:name-corroborated
08-08 23:54:09.686 I/ReactNativeJS(18909):         #3  (Long Earth 03) The Long Mars                           certain  alb.paren-pre folder:name-corroborated
08-08 23:54:09.686 I/ReactNativeJS(18909):         #4  (Long Earth 04) The Long Utopia                         certain  alb.paren-pre folder:name-corroborated
08-08 23:54:09.686 I/ReactNativeJS(18909):         #5  (Long Earth 05) The Long Cosmos                         certain  alb.paren-pre folder:name-corroborated
08-08 23:54:09.687 I/ReactNativeJS(18909): [series] "Lockwood and Co."  4 books  (existing)
08-08 23:54:09.687 I/ReactNativeJS(18909):         #1  Lockwood and Co Book 1 - The Screaming Staircase        certain  alb.series-book-n folder:name-corroborated
08-08 23:54:09.687 I/ReactNativeJS(18909):         #2  Lockwood and Co Book 2 - The Whispering Skull           certain  alb.series-book-n folder:name-corroborated
08-08 23:54:09.687 I/ReactNativeJS(18909):         #3  Lockwood and Co Book 3 - The Hollow Boy                 certain  alb.series-book-n folder:name-corroborated
08-08 23:54:09.687 I/ReactNativeJS(18909):         #5  Lockwood & Co: The Empty Grave (Unabridged)             possible folder:name-corroborated(3/5) num:folder
08-08 23:54:09.689 I/ReactNativeJS(18909): [series] "Memory, Sorrow & Thorn"  4 books  (existing)
08-08 23:54:09.689 I/ReactNativeJS(18909):         #1  01 The Dragonbone Chair                                 guess    folder:number-corroborated(4/4)
08-08 23:54:09.689 I/ReactNativeJS(18909):         #2  02 The Stone of Farewell                                guess    folder:number-corroborated(4/4)
08-08 23:54:09.689 I/ReactNativeJS(18909):         #3  03 To Green Angel Tower - Siege                         guess    folder:number-corroborated(4/4)
08-08 23:54:09.689 I/ReactNativeJS(18909):         #4  04 To Green Angel Tower - Storm                         guess    folder:number-corroborated(4/4)
08-08 23:54:09.690 I/ReactNativeJS(18909): [series] "The Murderbot Diaries"  4 books  (existing)
08-08 23:54:09.690 I/ReactNativeJS(18909):         #3  Rogue Protocol: The Murderbot Diaries, Book 3           likely   alb.book-suffix
08-08 23:54:09.690 I/ReactNativeJS(18909):         #5  Network Effect                                          certain  tag.extra.SERIES
08-08 23:54:09.690 I/ReactNativeJS(18909):         #6  The Murderbot Diaries 6: Fugitive Telemetry             likely   alb.name-num-dash
08-08 23:54:09.690 I/ReactNativeJS(18909):         #7  Martha Wells - The Murderbot Diaries 07 - System Colla  likely   alb.name-num-dash
08-08 23:54:09.692 I/ReactNativeJS(18909): [series] "Bromeliad"  3 books  (existing)
08-08 23:54:09.692 I/ReactNativeJS(18909):         #1  Bromeliad 01 - Truckers                                 certain  alb.name-num-dash folder:name-corroborated
08-08 23:54:09.692 I/ReactNativeJS(18909):         #2  Bromeliad 02 - Diggers                                  certain  alb.name-num-dash folder:name-corroborated
08-08 23:54:09.692 I/ReactNativeJS(18909):         #3  Bromeliad 03 - Wings                                    certain  alb.name-num-dash folder:name-corroborated
08-08 23:54:09.693 I/ReactNativeJS(18909): [series] "Crouch, B"  3 books  (existing)
08-08 23:54:09.693 I/ReactNativeJS(18909):         #1  Crouch, B: 1 Pines                                      likely   alb.name-num-sp
08-08 23:54:09.693 I/ReactNativeJS(18909):         #2  Crouch, B: 2 Wayward                                    likely   alb.name-num-sp
08-08 23:54:09.693 I/ReactNativeJS(18909):         #3  Crouch, B: 3 The Last Town                              likely   alb.name-num-sp
08-08 23:54:09.694 I/ReactNativeJS(18909): [series] "Lord of the Rings"  3 books  (existing)
08-08 23:54:09.694 I/ReactNativeJS(18909):         #1  The Fellowship of the Ring: Lord of the Rings, Book 1   likely   alb.book-suffix
08-08 23:54:09.694 I/ReactNativeJS(18909):         #2  The Two Towers: Lord of the Rings, Book 2               likely   alb.book-suffix
08-08 23:54:09.694 I/ReactNativeJS(18909):         #3  The Return of the King: Lord of the Rings, Book 3       likely   alb.book-suffix
08-08 23:54:09.696 I/ReactNativeJS(18909): [series] "The Age of Madness"  3 books  (existing)
08-08 23:54:09.696 I/ReactNativeJS(18909):         #1  01 - A Little Hatred                                    guess    folder:number-corroborated(3/3)
08-08 23:54:09.696 I/ReactNativeJS(18909):         #2  02 - The Trouble with Peace                             guess    folder:number-corroborated(3/3)
08-08 23:54:09.696 I/ReactNativeJS(18909):         #3  03 - The Wisdom of Crowds                               guess    folder:number-corroborated(3/3)
08-08 23:54:09.698 I/ReactNativeJS(18909): [series] "The Silo Saga"  3 books  (existing)
08-08 23:54:09.698 I/ReactNativeJS(18909):         #1  Wool: The Silo Saga, Book 1                             certain  tag.Grouping alb.book-suffix folder:name-corroborated
08-08 23:54:09.698 I/ReactNativeJS(18909):         #2  Shift: The Silo Saga, Book 2                            certain  alb.book-suffix folder:name-corroborated
08-08 23:54:09.698 I/ReactNativeJS(18909):         #3  Dust: The Silo Saga, Book 3                             certain  alb.book-suffix folder:name-corroborated
08-08 23:54:09.700 I/ReactNativeJS(18909): [series] "TMC"  3 books  (existing)
08-08 23:54:09.700 I/ReactNativeJS(18909):         #1  TMC 01 Thursday Murder Club                             likely   alb.name-num-sp
08-08 23:54:09.700 I/ReactNativeJS(18909):         #2  TMC 02 The Man Who Died Twice                           likely   alb.name-num-sp
08-08 23:54:09.700 I/ReactNativeJS(18909):         #3  TMC 03 The Bullet That Missed                           likely   alb.name-num-sp
08-08 23:54:09.701 I/ReactNativeJS(18909): [series] "Cerulean Chronicles"  2 books  (existing)
08-08 23:54:09.701 I/ReactNativeJS(18909):         #1  Cerulean Chronicles 01 - The House in the Cerulean Sea  certain  tag.extra.SERIES alb.name-num-dash
08-08 23:54:09.701 I/ReactNativeJS(18909):         #2  Cerulean Chronicles 02 - Somewhere Beyond the Sea       certain  tag.extra.SERIES alb.name-num-dash
08-08 23:54:09.702 I/ReactNativeJS(18909): [series] "Kingkiller Chronicle"  2 books  (existing)
08-08 23:54:09.702 I/ReactNativeJS(18909):         #1  Kingkiller Chronicle 01 The Name of the Wind            likely   alb.name-num-sp
08-08 23:54:09.702 I/ReactNativeJS(18909):         #2  Kingkiller Chronicle 02 The Wise Man's Fear             likely   alb.name-num-sp
08-08 23:54:09.704 I/ReactNativeJS(18909): [series] "Red Rising"  2 books  (existing)
08-08 23:54:09.704 I/ReactNativeJS(18909):         #5  Red Rising, Book 5 - Dark Age                           likely   alb.series-book-n
08-08 23:54:09.704 I/ReactNativeJS(18909):         #6  Light Bringer: Red Rising, Book 6                       likely   alb.book-suffix
08-08 23:54:09.705 I/ReactNativeJS(18909): [series] detection (conservative): 351 units → 23 series, 200 books placed · created 0 (0 rows) · inserted 0 · removed 0 · skipped 1 · 107ms
08-08 23:54:09.707 I/ReactNativeJS(18909): [scan] 1690ms total · 3461 files, 0 new (nothing rescanned) — enumerate 1148ms · existing-urls 184ms · process 8ms · cleanup 86ms · detect 152ms
08-08 23:54:19.356 I/ReactNativeJS(18909): [rowprobe] item LiHtpzpVvW4pdzlo h=212
08-08 23:54:19.358 I/ReactNativeJS(18909): [rowprobe] item 7gJpdt8trfuHq8a2 h=212
08-08 23:54:19.937 I/ReactNativeJS(18909): [rowprobe] item LiHtpzpVvW4pdzlo h=212
08-08 23:54:19.938 I/ReactNativeJS(18909): [rowprobe] item 7gJpdt8trfuHq8a2 h=212
08-08 23:56:05.116 I/ReactNativeJS(18909): [rowprobe] inner su7pRyLZNPLqfMGn h=220.00001525878906
08-08 23:56:05.117 I/ReactNativeJS(18909): [rowprobe] inner f7ifNvYcDndBhpVG h=220
08-08 23:56:05.119 I/ReactNativeJS(18909): [rowprobe] item wJWi2xxHcY4WzHBi h=212.00003051757812
08-08 23:56:05.121 I/ReactNativeJS(18909): [rowprobe] item 5W3iLmceDVYF2taj h=212.00003051757812
08-08 23:56:05.122 I/ReactNativeJS(18909): [rowprobe] item UMlu884lMhoAx412 h=212
08-08 23:56:05.123 I/ReactNativeJS(18909): [rowprobe] item pL0GnCoHDcXghhhW h=212
08-08 23:56:05.124 I/ReactNativeJS(18909): [rowprobe] item rRI8x78GqZp5HOTr h=212.00003051757812
08-08 23:56:05.126 I/ReactNativeJS(18909): [rowprobe] item ZHuG7qw7HXwu6k6V h=212
08-08 23:56:05.127 I/ReactNativeJS(18909): [rowprobe] inner Ul6iMuDad0p0G6Il h=220
08-08 23:56:05.129 I/ReactNativeJS(18909): [rowprobe] item uEthzLoMb8NP1ZVl h=212
08-08 23:56:05.130 I/ReactNativeJS(18909): [rowprobe] item KT8FAi5J3511ZuJx h=212
08-08 23:56:05.385 I/ReactNativeJS(18909): [rowprobe] item P70oMTqN6h0sqHZa h=212.00001525878906
08-08 23:56:05.387 I/ReactNativeJS(18909): [rowprobe] inner Pf6Vd3fVHXWdfReo h=220
08-08 23:56:05.392 I/ReactNativeJS(18909): [rowprobe] item Z6AjOG6fsJN1Q5xZ h=212
08-08 23:56:05.395 I/ReactNativeJS(18909): [rowprobe] item XqiYLsLTXxrvVzLW h=212
08-08 23:56:05.400 I/ReactNativeJS(18909): [rowprobe] item eeCtW2u0xNvNRWWt h=212
08-08 23:56:11.907 I/ReactNativeJS(18909): [rowprobe] inner f7ifNvYcDndBhpVG h=220.00001525878906
08-08 23:56:11.912 I/ReactNativeJS(18909): [rowprobe] inner Ul6iMuDad0p0G6Il h=220
08-08 23:56:11.914 I/ReactNativeJS(18909): [rowprobe] item UMlu884lMhoAx412 h=212.00003051757812
08-08 23:56:11.916 I/ReactNativeJS(18909): [rowprobe] item pL0GnCoHDcXghhhW h=212.00003051757812
08-08 23:56:11.917 I/ReactNativeJS(18909): [rowprobe] item uEthzLoMb8NP1ZVl h=212
08-08 23:56:11.918 I/ReactNativeJS(18909): [rowprobe] item KT8FAi5J3511ZuJx h=212
08-08 23:56:11.920 I/ReactNativeJS(18909): [rowprobe] item ZHuG7qw7HXwu6k6V h=212.00003051757812
08-08 23:56:11.921 I/ReactNativeJS(18909): [rowprobe] inner Pf6Vd3fVHXWdfReo h=220
08-08 23:56:11.923 I/ReactNativeJS(18909): [rowprobe] item Z6AjOG6fsJN1Q5xZ h=212
08-08 23:56:11.924 I/ReactNativeJS(18909): [rowprobe] item XqiYLsLTXxrvVzLW h=212
08-08 23:56:11.925 I/ReactNativeJS(18909): [rowprobe] item eeCtW2u0xNvNRWWt h=212
08-08 23:56:12.151 I/ReactNativeJS(18909): [rowprobe] inner VxelVMfQNwMKtuX3 h=220
08-08 23:56:12.158 I/ReactNativeJS(18909): [rowprobe] item CGTjffJuU6qlfDh1 h=212
08-08 23:56:12.160 I/ReactNativeJS(18909): [rowprobe] item FzZUnzNVclQigcyE h=212
08-08 23:56:12.161 I/ReactNativeJS(18909): [rowprobe] item hjNCy2bHsytmSXIW h=212
08-08 23:56:12.228 I/ReactNativeJS(18909): [rowprobe] item CCs5Qn8iyRxOlvU1 h=212
08-08 23:58:14.861 I/ReactNativeJS(18909): [rowprobe] item UMlu884lMhoAx412 h=212.00001525878906
08-08 23:58:14.862 I/ReactNativeJS(18909): [rowprobe] item pL0GnCoHDcXghhhW h=212.00001525878906
08-08 23:58:14.863 I/ReactNativeJS(18909): [rowprobe] item ZHuG7qw7HXwu6k6V h=212.00001525878906
08-09 00:05:03.420 W/ReactNativeJS(18909): [series] 0 books sit under no configured root and 1 have no first chapter — all dropped before detection, out of 352
08-09 00:05:03.988 I/ReactNativeJS(18909): [series] "Discworld"  41 books  (new)
08-09 00:05:03.988 I/ReactNativeJS(18909):         #1  Discworld 01 - The Colour of Magic                      certain  alb.name-num-dash folder:name-corroborated split:number-collision(49% dupes -> 2 folders)
08-09 00:05:03.988 I/ReactNativeJS(18909):         #2  Discworld 02 - The Light Fantastic                      certain  alb.name-num-dash folder:name-corroborated split:number-collision(49% dupes -> 2 folders)
08-09 00:05:03.988 I/ReactNativeJS(18909):         #3  Discworld 03 - Equal Rites                              certain  alb.name-num-dash folder:name-corroborated split:number-collision(49% dupes -> 2 folders)
08-09 00:05:03.988 I/ReactNativeJS(18909):         #4  Discworld 04 - Mort                                     certain  alb.name-num-dash folder:name-corroborated split:number-collision(49% dupes -> 2 folders)
08-09 00:05:03.988 I/ReactNativeJS(18909):         #5  Discworld 05 - Sourcery                                 certain  alb.name-num-dash folder:name-corroborated split:number-collision(49% dupes -> 2 folders)
08-09 00:05:03.988 I/ReactNativeJS(18909):         #6  Discworld 06 -  Wyrd Sisters                            certain  alb.name-num-dash folder:name-corroborated split:number-collision(49% dupes -> 2 folders)
08-09 00:05:03.988 I/ReactNativeJS(18909):         #7  Discworld 07 - Pyramids                                 certain  alb.name-num-dash folder:name-corroborated split:number-collision(49% dupes -> 2 folders)
08-09 00:05:03.988 I/ReactNativeJS(18909):         #8  Discworld 08 - Guards! Guards!                          certain  alb.name-num-dash folder:name-corroborated split:number-collision(49% dupes -> 2 folders)
08-09 00:05:03.988 I/ReactNativeJS(18909):         #9  Discworld 09 - Eric                                     certain  alb.name-num-dash folder:name-corroborated split:number-collision(49% dupes -> 2 folders)
08-09 00:05:03.988 I/ReactNativeJS(18909):        #10  Discworld 10 - Moving Pictures                          certain  alb.name-num-dash folder:name-corroborated split:number-collision(49% dupes -> 2 folders)
08-09 00:05:03.988 I/ReactNativeJS(18909):        #11  Discworld 11 - Reaper Man                               certain  alb.name-num-dash folder:name-corroborated split:number-collision(49% dupes -> 2 folders)
08-09 00:05:03.988 I/ReactNativeJS(18909):        #12  Discworld 12 - Witches Abroad                           certain  alb.name-num-dash folder:name-corroborated split:number-collision(49% dupes -> 2 folders)
08-09 00:05:03.988 I/ReactNativeJS(18909):        #13  Discworld 13 - Small Gods                               certain  tag.Grouping+bare-num alb.name-num-dash folder:name-corroborated split:number-collision(49% dupes -> 2 folders)
08-09 00:05:03.988 I/ReactNativeJS(18909):        #14  Discworld 14 - Lords and Ladies                         certain  alb.name-num-dash folder:name-corroborated split:number-collision(49% dupes -> 2 folders)
08-09 00:05:03.988 I/ReactNativeJS(18909):        #15  Discworld 15 - Men At Arms                              certain  alb.name-num-dash folder:name-corroborated split:number-collision(49% dupes -> 2 folders)
08-09 00:05:03.988 I/ReactNativeJS(18909):        #16  Discworld 16 - Soul Music                               certain  alb.name-num-dash folder:name-corroborated split:number-collision(49% dupes -> 2 folders)
08-09 00:05:03.988 I/ReactNativeJS(18909):        #17  Discworld 17 - Interesting Times                        certain  alb.name-num-dash folder:name-corroborated split:number-collision(49% dupes -> 2 folders)
08-09 00:05:03.988 I/ReactNativeJS(18909):        #18  Discworld 18 - Maskerade                                certain  alb.name-num-dash folder:name-corroborated split:number-collision(49% dupes -> 2 folders)
08-09 00:05:03.988 I/ReactNativeJS(18909):        #19  Discworld 19 - Feet of Clay                             certain  alb.name-num-dash folder:name-corroborated split:number-collision(49% dupes -> 2 folders)
08-09 00:05:03.988 I/ReactNativeJS(18909):        #20  Discworld 20 - Hogfather                                certain  alb.name-num-dash folder:name-corroborated split:number-collision(49% dupes -> 2 folders)
08-09 00:05:03.988 I/ReactNativeJS(18909):        #21  Discworld 21 - Jingo                                    certain  alb.name-num-dash folder:name-corroborated split:number-collision(49% dupes -> 2 folders)
08-09 00:05:03.988 I/ReactNativeJS(18909):        #22  Discworld 22 - The Last Continent                       certain  alb.name-num-dash folder:name-corroborated split:number-collision(49% dupes -> 2 folders)
08-09 00:05:03.988 I/ReactNativeJS(18909):        #23  Discworld 23 - Carpe Jugulum                            certain  alb.name-num-dash folder:name-corroborated split:number-collision(49% dupes -> 2 folders)
08-09 00:05:03.988 I/ReactNativeJS(18909):        #24  Discworld 24 - The Fifth Elephant                       certain  alb.name-num-dash folder:name-corroborated split:number-collision(49% dupes -> 2 folders)
08-09 00:05:03.988 I/ReactNativeJS(18909):        #25  Discworld 25 - The Truth                                certain  alb.name-num-dash folder:name-corroborated split:number-collision(49% dupes -> 2 folders)
08-09 00:05:03.988 I/ReactNativeJS(18909):        #26  Discworld 26 - Thief of Time                            certain  alb.name-num-dash folder:name-corroborated split:number-collision(49% dupes -> 2 folders)
08-09 00:05:03.988 I/ReactNativeJS(18909):        #27  Discworld 27 - The Last Hero                            certain  alb.name-num-dash folder:name-corroborated split:number-collision(49% dupes -> 2 folders)
08-09 00:05:03.988 I/ReactNativeJS(18909):        #28  Discworld 28 - The Amazing Maurice and His Educated Ro  certain  alb.name-num-dash folder:name-corroborated split:number-collision(49% dupes -> 2 folders)
08-09 00:05:03.988 I/ReactNativeJS(18909):        #29  Discworld 29 - Night Watch                              certain  alb.name-num-dash folder:name-corroborated split:number-collision(49% dupes -> 2 folders)
08-09 00:05:03.988 I/ReactNativeJS(18909):        #30  Discworld 30 - The Wee Free Men                         certain  alb.name-num-dash folder:name-corroborated split:number-collision(49% dupes -> 2 folders)
08-09 00:05:03.988 I/ReactNativeJS(18909):        #31  Discworld 31 - Monstrous Regiment                       certain  alb.name-num-dash folder:name-corroborated split:number-collision(49% dupes -> 2 folders)
08-09 00:05:03.988 I/ReactNativeJS(18909):        #32  Discworld 32 - A Hat Full of Sky                        certain  alb.name-num-dash folder:name-corroborated split:number-collision(49% dupes -> 2 folders)
08-09 00:05:03.988 I/ReactNativeJS(18909):        #33  Discworld 33 - Going Postal                             certain  alb.name-num-dash folder:name-corroborated split:number-collision(49% dupes -> 2 folders)
08-09 00:05:03.988 I/ReactNativeJS(18909):        #34  Discworld 34 - Thud!                                    certain  alb.name-num-dash folder:name-corroborated split:number-collision(49% dupes -> 2 folders)
08-09 00:05:03.988 I/ReactNativeJS(18909):        #35  Discworld 35 - Wintersmith                              certain  alb.name-num-dash folder:name-corroborated split:number-collision(49% dupes -> 2 folders)
08-09 00:05:03.988 I/ReactNativeJS(18909):        #36  Discworld 36 - Making Money                             certain  alb.name-num-dash folder:name-corroborated split:number-collision(49% dupes -> 2 folders)
08-09 00:05:03.988 I/ReactNativeJS(18909):        #37  Discworld 37 - Unseen Academicals                       certain  tag.Grouping+bare-num alb.name-num-dash folder:name-corroborated split:number-collision(49% dupes -> 2 folders)
08-09 00:05:03.988 I/ReactNativeJS(18909):        #38  DW38-I Shall Wear Midnight                              possible folder:name-corroborated(37/41) num:folder split:number-collision(49% dupes -> 2 folders)
08-09 00:05:03.988 I/ReactNativeJS(18909):        #39  Snuff                                                   possible folder:name-corroborated(37/41) num:folder split:number-collision(49% dupes -> 2 folders)
08-09 00:05:03.988 I/ReactNativeJS(18909):        #40  Raising Steam                                           possible folder:name-corroborated(37/41) num:folder split:number-collision(49% dupes -> 2 folders)
08-09 00:05:03.988 I/ReactNativeJS(18909):        #41  The Shepherd's Crown                                    possible folder:name-corroborated(37/41) num:folder split:number-collision(49% dupes -> 2 folders)
08-09 00:05:03.991 I/ReactNativeJS(18909): [series] "Discworld (2022)"  39 books  (existing)
08-09 00:05:03.991 I/ReactNativeJS(18909):         #1  The Colour of Magic                                     possible folder:name-corroborated(10/39) num:folder split:number-collision(49% dupes -> 2 folders)
08-09 00:05:03.991 I/ReactNativeJS(18909):         #2  The Light Fantastic                                     possible folder:name-corroborated(10/39) num:folder split:number-collision(49% dupes -> 2 folders)
08-09 00:05:03.991 I/ReactNativeJS(18909):         #3  Equal Rites                                             possible folder:name-corroborated(10/39) num:folder split:number-collision(49% dupes -> 2 folders)
08-09 00:05:03.991 I/ReactNativeJS(18909):         #4  Mort (#4)                                               possible folder:name-corroborated(10/39) split:number-collision(49% dupes -> 2 folders)
08-09 00:05:03.991 I/ReactNativeJS(18909):         #5  Sourcery (#5)                                           possible folder:name-corroborated(10/39) split:number-collision(49% dupes -> 2 folders)
08-09 00:05:03.991 I/ReactNativeJS(18909):         #7  Pyramids: Discworld, Book 7                             certain  alb.book-suffix folder:name-corroborated split:number-collision(49% dupes -> 2 folders)
08-09 00:05:03.991 I/ReactNativeJS(18909):         #8  Guards! Guards! (Unabridged)                            possible folder:name-corroborated(10/39) num:folder split:number-collision(49% dupes -> 2 folders)
08-09 00:05:03.991 I/ReactNativeJS(18909):         #9  (#9) Eric                                               possible folder:name-corroborated(10/39) split:number-collision(49% dupes -> 2 folders)
08-09 00:05:03.991 I/ReactNativeJS(18909):        #10  Moving Pictures: Discworld, Book 10                     certain  alb.book-suffix folder:name-corroborated split:number-collision(49% dupes -> 2 folders)
08-09 00:05:03.991 I/ReactNativeJS(18909):        #11  (#11) Reaper Man                                        possible folder:name-corroborated(10/39) split:number-collision(49% dupes -> 2 folders)
08-09 00:05:03.991 I/ReactNativeJS(18909):        #12  Witches Abroad                                          possible folder:name-corroborated(10/39) num:folder split:number-collision(49% dupes -> 2 folders)
08-09 00:05:03.991 I/ReactNativeJS(18909):        #13  Small Gods (#13)                                        possible folder:name-corroborated(10/39) split:number-collision(49% dupes -> 2 folders)
08-09 00:05:03.991 I/ReactNativeJS(18909):        #14  Lords and Ladies                                        possible folder:name-corroborated(10/39) num:folder split:number-collision(49% dupes -> 2 folders)
08-09 00:05:03.991 I/ReactNativeJS(18909):        #15  Men at Arms (Unabridged)                                possible folder:name-corroborated(10/39) num:folder split:number-collision(49% dupes -> 2 folders)
08-09 00:05:03.991 I/ReactNativeJS(18909):        #16  (#16) Soul Music                                        possible folder:name-corroborated(10/39) split:number-collision(49% dupes -> 2 folders)
08-09 00:05:03.991 I/ReactNativeJS(18909):        #17  (#17) Interesting Times                                 possible folder:name-corroborated(10/39) split:number-collision(49% dupes -> 2 folders)
08-09 00:05:03.991 I/ReactNativeJS(18909):        #18  Maskerade                                               possible folder:name-corroborated(10/39) num:folder split:number-collision(49% dupes -> 2 folders)
08-09 00:05:03.991 I/ReactNativeJS(18909):        #19  Feet of Clay (Unabridged)                               possible folder:name-corroborated(10/39) num:folder split:number-collision(49% dupes -> 2 folders)
08-09 00:05:03.991 I/ReactNativeJS(18909):        #20  Hogfather: Discworld, Book 20                           certain  alb.book-suffix folder:name-corroborated split:number-collision(49% dupes -> 2 folders)
08-09 00:05:03.991 I/ReactNativeJS(18909):        #21  Jingo (Unabridged)                                      possible folder:name-corroborated(10/39) num:folder split:number-collision(49% dupes -> 2 folders)
08-09 00:05:03.991 I/ReactNativeJS(18909):        #22  The Last Continent: Discworld, Book 22                  certain  alb.book-suffix folder:name-corroborated split:number-collision(49% dupes -> 2 folders)
08-09 00:05:03.991 I/ReactNativeJS(18909):        #23  Carpe Jugulum                                           possible folder:name-corroborated(10/39) num:folder split:number-collision(49% dupes -> 2 folders)
08-09 00:05:03.991 I/ReactNativeJS(18909):        #24  The Fifth Elephant (Unabridged)                         possible folder:name-corroborated(10/39) num:folder split:number-collision(49% dupes -> 2 folders)
08-09 00:05:03.991 I/ReactNativeJS(18909):        #25  The Truth (Unabridged)                                  possible folder:name-corroborated(10/39) num:folder split:number-collision(49% dupes -> 2 folders)
08-09 00:05:03.991 I/ReactNativeJS(18909):        #26  Thief of Time (#26)                                     possible folder:name-corroborated(10/39) split:number-collision(49% dupes -> 2 folders)
08-09 00:05:03.991 I/ReactNativeJS(18909):        #28  The Amazing Maurice and His Educated Rodents (#28)      possible folder:name-corroborated(10/39) split:number-collision(49% dupes -> 2 folders)
08-09 00:05:03.991 I/ReactNativeJS(18909):        #29  Night Watch: Discworld, Book 29                         certain  alb.book-suffix folder:name-corroborated split:number-collision(49% dupes -> 2 folders)
08-09 00:05:03.991 I/ReactNativeJS(18909):        #30  The Wee Free Men: Discworld, Book 30                    certain  alb.book-suffix folder:name-corroborated split:number-collision(49% dupes -> 2 folders)
08-09 00:05:03.991 I/ReactNativeJS(18909):        #31  (#31) Monstrous Regiment                                possible folder:name-corroborated(10/39) split:number-collision(49% dupes -> 2 folders)
08-09 00:05:03.991 I/ReactNativeJS(18909):        #32  A Hat Full of Sky: Discworld, Book 32                   certain  alb.book-suffix folder:name-corroborated split:number-collision(49% dupes -> 2 folders)
08-09 00:05:03.991 I/ReactNativeJS(18909):        #33  Going Postal (Unabridged)                               possible folder:name-corroborated(10/39) num:folder split:number-collision(49% dupes -> 2 folders)
08-09 00:05:03.991 I/ReactNativeJS(18909):        #34  Thud!: Discworld, Book 34                               certain  alb.book-suffix folder:name-corroborated split:number-collision(49% dupes -> 2 folders)
08-09 00:05:03.991 I/ReactNativeJS(18909):        #35  Wintersmith: Discworld, Book 35                         certain  alb.book-suffix folder:name-corroborated split:number-collision(49% dupes -> 2 folders)
08-09 00:05:03.991 I/ReactNativeJS(18909):        #36  Making Money (Unabridged)                               possible folder:name-corroborated(10/39) num:folder split:number-collision(49% dupes -> 2 folders)
08-09 00:05:03.991 I/ReactNativeJS(18909):        #37  Unseen Academicals: Discworld Book, 37                  possible folder:name-corroborated(10/39) num:folder split:number-collision(49% dupes -> 2 folders)
08-09 00:05:03.991 I/ReactNativeJS(18909):        #38  I Shall Wear Midnight (Unabridged)                      possible folder:name-corroborated(10/39) num:folder split:number-collision(49% dupes -> 2 folders)
08-09 00:05:03.991 I/ReactNativeJS(18909):        #39  Snuff: Discworld, Book 39                               certain  alb.book-suffix folder:name-corroborated split:number-collision(49% dupes -> 2 folders)
08-09 00:05:03.991 I/ReactNativeJS(18909):        #40  Raising Steam (Unabridged)                              possible folder:name-corroborated(10/39) num:folder split:number-collision(49% dupes -> 2 folders)
08-09 00:05:03.991 I/ReactNativeJS(18909):        #41  The Shepherd's Crown (Unabridged)                       possible folder:name-corroborated(10/39) num:folder split:number-collision(49% dupes -> 2 folders)
08-09 00:05:03.994 I/ReactNativeJS(18909): [series] "Dresden Files"  22 books  (suppressed)
08-09 00:05:03.994 I/ReactNativeJS(18909):         #1  Storm Front: The Dresden Files, Book 1 (Unabridged)     certain  tag.extra.SERIES alb.book-suffix folder:name-corroborated
08-09 00:05:03.994 I/ReactNativeJS(18909):         #2  Fool Moon: The Dresden Files, Book 2 (Unabridged)       certain  tag.extra.SERIES alb.book-suffix folder:name-corroborated
08-09 00:05:03.994 I/ReactNativeJS(18909):         #3  Grave Peril: The Dresden Files, Book 3 (Unabridged)     certain  tag.extra.SERIES alb.book-suffix folder:name-corroborated
08-09 00:05:03.994 I/ReactNativeJS(18909):         #4  Summer Knight: The Dresden Files, Book 4 (Unabridged)   certain  tag.extra.SERIES alb.book-suffix folder:name-corroborated
08-09 00:05:03.994 I/ReactNativeJS(18909):         #5  Death Masks: The Dresden Files, Book 5 (Unabridged)     certain  tag.extra.SERIES alb.book-suffix folder:name-corroborated
08-09 00:05:03.994 I/ReactNativeJS(18909):         #6  Blood Rites: The Dresden Files, Book 6 (Unabridged)     certain  tag.extra.SERIES alb.book-suffix folder:name-corroborated
08-09 00:05:03.994 I/ReactNativeJS(18909):         #7  Dead Beat: The Dresden Files, Book 7 (Unabridged)       certain  tag.extra.SERIES alb.book-suffix folder:name-corroborated
08-09 00:05:03.994 I/ReactNativeJS(18909):         #8  Proven Guilty: The Dresden Files, Book 8 (Unabridged)   certain  tag.extra.SERIES alb.book-suffix folder:name-corroborated
08-09 00:05:03.994 I/ReactNativeJS(18909):         #9  White Night: The Dresden Files, Book 9 (Unabridged)     certain  tag.extra.SERIES alb.book-suffix folder:name-corroborated
08-09 00:05:03.994 I/ReactNativeJS(18909):        #10  The Dresden Files #10: Small Favor                      certain  tag.Grouping alb.hash-colon folder:name-corroborated
08-09 00:05:03.994 I/ReactNativeJS(18909):        #11  The Dresden Files #11: Turn Coat                        certain  tag.Grouping alb.hash-colon folder:name-corroborated
08-09 00:05:03.994 I/ReactNativeJS(18909):        #12  The Dresden Files #12: Changes                          certain  tag.Grouping alb.hash-colon folder:name-corroborated
08-09 00:05:03.994 I/ReactNativeJS(18909):      #12.5  The Dresden Files #12.5: Side Jobs                      certain  tag.Grouping alb.hash-colon folder:name-corroborated
08-09 00:05:03.994 I/ReactNativeJS(18909):        #13  The Dresden Files #13: Ghost Story                      certain  tag.Grouping alb.hash-colon folder:name-corroborated
08-09 00:05:03.994 I/ReactNativeJS(18909):        #14  The Dresden Files #14: Cold Days                        certain  tag.Grouping alb.hash-colon folder:name-corroborated
08-09 00:05:03.994 I/ReactNativeJS(18909):        #15  The Dresden Files #15: Skin Game                        certain  tag.Grouping alb.hash-colon folder:name-corroborated
08-09 00:05:03.994 I/ReactNativeJS(18909):      #15.5  Brief Cases (Unabridged)                                certain  tag.extra.SERIES folder:name-corroborated
08-09 00:05:03.994 I/ReactNativeJS(18909):        #16  Peace Talks (Unabridged)                                certain  tag.extra.SERIES folder:name-corroborated
08-09 00:05:03.994 I/ReactNativeJS(18909):        #17  Battle Ground (Unabridged)                              certain  tag.extra.SERIES folder:name-corroborated
08-09 00:05:03.994 I/ReactNativeJS(18909):      #17.5  The Law                                                 certain  tag.extra.SERIES folder:name-corroborated
08-09 00:05:03.994 I/ReactNativeJS(18909):        #18  Twelve Months (Unabridged)                              certain  tag.extra.SERIES folder:name-corroborated
08-09 00:05:03.994 I/ReactNativeJS(18909):          —  Heroic Hearts (Unabridged)                              possible folder:name-corroborated(21/22)
08-09 00:05:03.995 I/ReactNativeJS(18909): [series] "Demon Accords"  17 books  (existing)
08-09 00:05:03.995 I/ReactNativeJS(18909):         #1  Book 01 - God Touched - Demon Accords Series            certain  alb.book-dash-series folder:name-corroborated
08-09 00:05:03.995 I/ReactNativeJS(18909):         #1  Volume 01 - The Demon Accords Compendium                possible folder:name-corroborated(14/17)
08-09 00:05:03.995 I/ReactNativeJS(18909):         #2  Book 02 - Demon Driven - Demon Accords Series           certain  alb.book-dash-series folder:name-corroborated
08-09 00:05:03.995 I/ReactNativeJS(18909):         #2  Volume 02 - The Demon Accords Compendium                possible folder:name-corroborated(14/17)
08-09 00:05:03.995 I/ReactNativeJS(18909):         #3  Book 03 - Brutal Asset - Demon Accords Series           certain  alb.book-dash-series folder:name-corroborated
08-09 00:05:03.995 I/ReactNativeJS(18909):         #3  Volume 3 - The Demon Accords Compendium                 possible folder:name-corroborated(14/17)
08-09 00:05:03.995 I/ReactNativeJS(18909):       #3.5  Book 03.5 - Black Frost - Demon Accords Series          certain  alb.book-dash-series folder:name-corroborated
08-09 00:05:03.995 I/ReactNativeJS(18909):         #4  Book 04 - Duel Nature - Demon Accords Series            certain  alb.book-dash-series folder:name-corroborated
08-09 00:05:03.995 I/ReactNativeJS(18909):         #5  Book 05 - Fallen Stars - Demon Accords Series           certain  alb.book-dash-series folder:name-corroborated
08-09 00:05:03.995 I/ReactNativeJS(18909):         #6  Book 06 - Executable - Demon Accords Series             certain  alb.book-dash-series folder:name-corroborated
08-09 00:05:03.995 I/ReactNativeJS(18909):         #7  Book 07 - Forced Ascent - Demon Accords Series          certain  alb.book-dash-series folder:name-corroborated
08-09 00:05:03.995 I/ReactNativeJS(18909):         #8  Book 08 Part 1 - College Arcane - Demon Accords Series  certain  alb.book-dash-series folder:name-corroborated
08-09 00:05:03.995 I/ReactNativeJS(18909):         #8  Book 08 Part 2 - College Arcane - Demon Accords Series  certain  alb.book-dash-series folder:name-corroborated
08-09 00:05:03.995 I/ReactNativeJS(18909):         #9  Book 09 - God Hammer - Demon Accords Series             certain  alb.book-dash-series folder:name-corroborated
08-09 00:05:03.995 I/ReactNativeJS(18909):        #10  Book 10 - Rogues - Demon Accords Series                 certain  alb.book-dash-series folder:name-corroborated
08-09 00:05:03.995 I/ReactNativeJS(18909):        #11  Book 11 - Snake Eyes - Demon Accords Series             certain  alb.book-dash-series folder:name-corroborated
08-09 00:05:03.995 I/ReactNativeJS(18909):        #12  Book 12 - Winterfall - Demon Accords Series             certain  alb.book-dash-series folder:name-corroborated
08-09 00:05:03.997 I/ReactNativeJS(18909): [series] "Dungeon Crawler Carl"  8 books  (existing)
08-09 00:05:03.997 I/ReactNativeJS(18909):         #1  Dungeon Crawler Carl (Unabridged)                       certain  tag.extra.SERIES folder:name-corroborated
08-09 00:05:03.997 I/ReactNativeJS(18909):         #2  Carl's Doomsday Scenario: Dungeon Crawler Carl, Book 2  certain  alb.book-suffix folder:name-corroborated
08-09 00:05:03.997 I/ReactNativeJS(18909):         #3  The Dungeon Anarchist's Cookbook: Dungeon Crawler Carl  certain  alb.book-suffix folder:name-corroborated
08-09 00:05:03.997 I/ReactNativeJS(18909):         #4  The Gate of the Feral Gods: Dungeon Crawler Carl, Book  certain  alb.book-suffix folder:name-corroborated
08-09 00:05:03.997 I/ReactNativeJS(18909):         #5  The Butcher's Masquerade: Dungeon Crawler Carl, Book 5  certain  alb.book-suffix folder:name-corroborated
08-09 00:05:03.997 I/ReactNativeJS(18909):         #6  The Eye of the Bedlam Bride: Dungeon Crawler Carl, Boo  certain  alb.book-suffix folder:name-corroborated
08-09 00:05:03.997 I/ReactNativeJS(18909):         #7  This Inevitable Ruin                                    certain  tag.extra.SERIES folder:name-corroborated
08-09 00:05:03.997 I/ReactNativeJS(18909):          —  A Parade of Horribles                                   possible folder:name-corroborated(7/8)
08-09 00:05:03.998 I/ReactNativeJS(18909): [series] "The Dark Tower"  8 books  (existing)
08-09 00:05:03.998 I/ReactNativeJS(18909):         #1  The Dark Tower I: The Gunslinger                        certain  alb.roman folder:name-corroborated
08-09 00:05:03.998 I/ReactNativeJS(18909):         #2  The Dark Tower II: The Drawing Of The Three             certain  alb.roman folder:name-corroborated
08-09 00:05:03.998 I/ReactNativeJS(18909):         #4  The Dark Tower IV: Wizard & Glass                       certain  alb.roman folder:name-corroborated
08-09 00:05:03.998 I/ReactNativeJS(18909):         #5  The Dark Tower V: Wolves Of The Calla                   certain  alb.roman folder:name-corroborated
08-09 00:05:03.998 I/ReactNativeJS(18909):         #6  The Dark Tower VI: Song Of Susannah                     certain  alb.roman folder:name-corroborated
08-09 00:05:03.998 I/ReactNativeJS(18909):         #7  The Dark Tower VII: The Dark Tower                      certain  alb.roman folder:name-corroborated
08-09 00:05:03.998 I/ReactNativeJS(18909):          —  1991 - The Waste Lands (DT3 - read by Frank Muller)     possible folder:name-corroborated(6/8)
08-09 00:05:03.998 I/ReactNativeJS(18909):          —  LEGENDS - Stories by The Masters of Fantasy             possible folder:name-corroborated(6/8)
08-09 00:05:03.999 I/ReactNativeJS(18909): [series] "The First Law"  7 books  (existing)
08-09 00:05:03.999 I/ReactNativeJS(18909):         #1  01 - The Blade Itself                                   guess    folder:number-corroborated(7/7)
08-09 00:05:03.999 I/ReactNativeJS(18909):         #2  02 - Before They Are Hanged                             guess    folder:number-corroborated(7/7)
08-09 00:05:03.999 I/ReactNativeJS(18909):         #3  03 - Last Argument of Kings                             guess    folder:number-corroborated(7/7)
08-09 00:05:03.999 I/ReactNativeJS(18909):         #4  04 - Best Served Cold                                   guess    folder:number-corroborated(7/7)
08-09 00:05:03.999 I/ReactNativeJS(18909):         #5  05 - The Heroes                                         guess    folder:number-corroborated(7/7)
08-09 00:05:03.999 I/ReactNativeJS(18909):         #6  06 - Red Country                                        guess    folder:number-corroborated(7/7)
08-09 00:05:03.999 I/ReactNativeJS(18909):         #7  07 - Sharp Ends: Stories from the World of the First L  guess    folder:number-corroborated(7/7)
08-09 00:05:04.001 I/ReactNativeJS(18909): [series] "Mistborn"  6 books  (existing)
08-09 00:05:04.001 I/ReactNativeJS(18909):         #1  Mistborn 1 (Michael Kramer)                             likely   alb.name-num-sp
08-09 00:05:04.001 I/ReactNativeJS(18909):         #2  Mistborn 2 (Michael Kramer)                             likely   alb.name-num-sp
08-09 00:05:04.001 I/ReactNativeJS(18909):         #3  Mistborn 3 (Michael Kramer)                             likely   alb.name-num-sp
08-09 00:05:04.001 I/ReactNativeJS(18909):         #4  Mistborn 4 (Michael Kramer)                             likely   alb.name-num-sp
08-09 00:05:04.001 I/ReactNativeJS(18909):         #5  Mistborn 5 (Michael Kramer)                             likely   alb.name-num-sp
08-09 00:05:04.001 I/ReactNativeJS(18909):         #6  Mistborn 6 (Michael Kramer)                             likely   alb.name-num-sp
08-09 00:05:04.002 I/ReactNativeJS(18909): [series] "Shadow Saga"  6 books  (existing)
08-09 00:05:04.002 I/ReactNativeJS(18909):         #1  Shadow 1 - Ender's Shadow                               certain  alb.name-num-dash folder:name-corroborated
08-09 00:05:04.002 I/ReactNativeJS(18909):         #3  Shadow 3 - Shadow Puppets                               certain  alb.name-num-dash folder:name-corroborated
08-09 00:05:04.002 I/ReactNativeJS(18909):         #6  Shadow of the Hegemon                                   possible folder:name-corroborated(2/6) num:folder
08-09 00:05:04.002 I/ReactNativeJS(18909):         #8  008 - Shadow of the Giant                               possible folder:name-corroborated(2/6)
08-09 00:05:04.002 I/ReactNativeJS(18909):         #9  Shadows in Flight                                       possible folder:name-corroborated(2/6) num:folder
08-09 00:05:04.002 I/ReactNativeJS(18909):        #10  The Last Shadow: Other Tales from the Ender Universe    possible folder:name-corroborated(2/6) num:folder
08-09 00:05:04.003 I/ReactNativeJS(18909): [series] "Bobiverse"  5 books  (suppressed)
08-09 00:05:04.003 I/ReactNativeJS(18909):         #1  Bobiverse 01 We Are Legion (We Are Bob)                 certain  alb.name-num-sp folder:name-corroborated
08-09 00:05:04.003 I/ReactNativeJS(18909):         #2  Bobiverse 02 For We Are Many                            certain  alb.name-num-sp folder:name-corroborated
08-09 00:05:04.003 I/ReactNativeJS(18909):         #3  Bobiverse 03 All These Worlds                           certain  alb.name-num-sp folder:name-corroborated
08-09 00:05:04.003 I/ReactNativeJS(18909):         #4  Bobiverse 04 Heaven's River                             certain  alb.name-num-sp folder:name-corroborated
08-09 00:05:04.003 I/ReactNativeJS(18909):         #5  Bobiverse 05 Not Till We Are Lost                       certain  alb.name-num-sp folder:name-corroborated
08-09 00:05:04.004 I/ReactNativeJS(18909): [series] "Long Earth"  5 books  (existing)
08-09 00:05:04.004 I/ReactNativeJS(18909):         #1  (Long Earth 01) The Long Earth                          certain  alb.paren-pre folder:name-corroborated
08-09 00:05:04.004 I/ReactNativeJS(18909):         #2  (Long Earth 02) The Long War                            certain  alb.paren-pre folder:name-corroborated
08-09 00:05:04.004 I/ReactNativeJS(18909):         #3  (Long Earth 03) The Long Mars                           certain  alb.paren-pre folder:name-corroborated
08-09 00:05:04.004 I/ReactNativeJS(18909):         #4  (Long Earth 04) The Long Utopia                         certain  alb.paren-pre folder:name-corroborated
08-09 00:05:04.004 I/ReactNativeJS(18909):         #5  (Long Earth 05) The Long Cosmos                         certain  alb.paren-pre folder:name-corroborated
08-09 00:05:04.006 I/ReactNativeJS(18909): [series] "Lockwood and Co."  4 books  (existing)
08-09 00:05:04.006 I/ReactNativeJS(18909):         #1  Lockwood and Co Book 1 - The Screaming Staircase        certain  alb.series-book-n folder:name-corroborated
08-09 00:05:04.006 I/ReactNativeJS(18909):         #2  Lockwood and Co Book 2 - The Whispering Skull           certain  alb.series-book-n folder:name-corroborated
08-09 00:05:04.006 I/ReactNativeJS(18909):         #3  Lockwood and Co Book 3 - The Hollow Boy                 certain  alb.series-book-n folder:name-corroborated
08-09 00:05:04.006 I/ReactNativeJS(18909):         #5  Lockwood & Co: The Empty Grave (Unabridged)             possible folder:name-corroborated(3/5) num:folder
08-09 00:05:04.007 I/ReactNativeJS(18909): [series] "Memory, Sorrow & Thorn"  4 books  (existing)
08-09 00:05:04.007 I/ReactNativeJS(18909):         #1  01 The Dragonbone Chair                                 guess    folder:number-corroborated(4/4)
08-09 00:05:04.007 I/ReactNativeJS(18909):         #2  02 The Stone of Farewell                                guess    folder:number-corroborated(4/4)
08-09 00:05:04.007 I/ReactNativeJS(18909):         #3  03 To Green Angel Tower - Siege                         guess    folder:number-corroborated(4/4)
08-09 00:05:04.007 I/ReactNativeJS(18909):         #4  04 To Green Angel Tower - Storm                         guess    folder:number-corroborated(4/4)
08-09 00:05:04.009 I/ReactNativeJS(18909): [series] "The Murderbot Diaries"  4 books  (existing)
08-09 00:05:04.009 I/ReactNativeJS(18909):         #3  Rogue Protocol: The Murderbot Diaries, Book 3           likely   alb.book-suffix
08-09 00:05:04.009 I/ReactNativeJS(18909):         #5  Network Effect                                          certain  tag.extra.SERIES
08-09 00:05:04.009 I/ReactNativeJS(18909):         #6  The Murderbot Diaries 6: Fugitive Telemetry             likely   alb.name-num-dash
08-09 00:05:04.009 I/ReactNativeJS(18909):         #7  Martha Wells - The Murderbot Diaries 07 - System Colla  likely   alb.name-num-dash
08-09 00:05:04.010 I/ReactNativeJS(18909): [series] "Bromeliad"  3 books  (existing)
08-09 00:05:04.010 I/ReactNativeJS(18909):         #1  Bromeliad 01 - Truckers                                 certain  alb.name-num-dash folder:name-corroborated
08-09 00:05:04.010 I/ReactNativeJS(18909):         #2  Bromeliad 02 - Diggers                                  certain  alb.name-num-dash folder:name-corroborated
08-09 00:05:04.010 I/ReactNativeJS(18909):         #3  Bromeliad 03 - Wings                                    certain  alb.name-num-dash folder:name-corroborated
08-09 00:05:04.011 I/ReactNativeJS(18909): [series] "Crouch, B"  3 books  (existing)
08-09 00:05:04.011 I/ReactNativeJS(18909):         #1  Crouch, B: 1 Pines                                      likely   alb.name-num-sp
08-09 00:05:04.011 I/ReactNativeJS(18909):         #2  Crouch, B: 2 Wayward                                    likely   alb.name-num-sp
08-09 00:05:04.011 I/ReactNativeJS(18909):         #3  Crouch, B: 3 The Last Town                              likely   alb.name-num-sp
08-09 00:05:04.012 I/ReactNativeJS(18909): [series] "Lord of the Rings"  3 books  (existing)
08-09 00:05:04.012 I/ReactNativeJS(18909):         #1  The Fellowship of the Ring: Lord of the Rings, Book 1   likely   alb.book-suffix
08-09 00:05:04.012 I/ReactNativeJS(18909):         #2  The Two Towers: Lord of the Rings, Book 2               likely   alb.book-suffix
08-09 00:05:04.012 I/ReactNativeJS(18909):         #3  The Return of the King: Lord of the Rings, Book 3       likely   alb.book-suffix
08-09 00:05:04.014 I/ReactNativeJS(18909): [series] "The Age of Madness"  3 books  (existing)
08-09 00:05:04.014 I/ReactNativeJS(18909):         #1  01 - A Little Hatred                                    guess    folder:number-corroborated(3/3)
08-09 00:05:04.014 I/ReactNativeJS(18909):         #2  02 - The Trouble with Peace                             guess    folder:number-corroborated(3/3)
08-09 00:05:04.014 I/ReactNativeJS(18909):         #3  03 - The Wisdom of Crowds                               guess    folder:number-corroborated(3/3)
08-09 00:05:04.018 I/ReactNativeJS(18909): [series] "The Silo Saga"  3 books  (existing)
08-09 00:05:04.018 I/ReactNativeJS(18909):         #1  Wool: The Silo Saga, Book 1                             certain  tag.Grouping alb.book-suffix folder:name-corroborated
08-09 00:05:04.018 I/ReactNativeJS(18909):         #2  Shift: The Silo Saga, Book 2                            certain  alb.book-suffix folder:name-corroborated
08-09 00:05:04.018 I/ReactNativeJS(18909):         #3  Dust: The Silo Saga, Book 3                             certain  alb.book-suffix folder:name-corroborated
08-09 00:05:04.020 I/ReactNativeJS(18909): [series] "TMC"  3 books  (existing)
08-09 00:05:04.020 I/ReactNativeJS(18909):         #1  TMC 01 Thursday Murder Club                             likely   alb.name-num-sp
08-09 00:05:04.020 I/ReactNativeJS(18909):         #2  TMC 02 The Man Who Died Twice                           likely   alb.name-num-sp
08-09 00:05:04.020 I/ReactNativeJS(18909):         #3  TMC 03 The Bullet That Missed                           likely   alb.name-num-sp
08-09 00:05:04.021 I/ReactNativeJS(18909): [series] "Cerulean Chronicles"  2 books  (existing)
08-09 00:05:04.021 I/ReactNativeJS(18909):         #1  Cerulean Chronicles 01 - The House in the Cerulean Sea  certain  tag.extra.SERIES alb.name-num-dash
08-09 00:05:04.021 I/ReactNativeJS(18909):         #2  Cerulean Chronicles 02 - Somewhere Beyond the Sea       certain  tag.extra.SERIES alb.name-num-dash
08-09 00:05:04.022 I/ReactNativeJS(18909): [series] "Kingkiller Chronicle"  2 books  (existing)
08-09 00:05:04.022 I/ReactNativeJS(18909):         #1  Kingkiller Chronicle 01 The Name of the Wind            likely   alb.name-num-sp
08-09 00:05:04.022 I/ReactNativeJS(18909):         #2  Kingkiller Chronicle 02 The Wise Man's Fear             likely   alb.name-num-sp
08-09 00:05:04.023 I/ReactNativeJS(18909): [series] "Red Rising"  2 books  (existing)
08-09 00:05:04.023 I/ReactNativeJS(18909):         #5  Red Rising, Book 5 - Dark Age                           likely   alb.series-book-n
08-09 00:05:04.023 I/ReactNativeJS(18909):         #6  Light Bringer: Red Rising, Book 6                       likely   alb.book-suffix
08-09 00:05:04.025 I/ReactNativeJS(18909): [series] detection (conservative): 351 units → 23 series, 200 books placed · created 1 (41 rows) · inserted 0 · removed 0 · skipped 2 · 643ms
08-09 00:05:04.033 I/ReactNativeJS(18909): [rowprobe] inner f7ifNvYcDndBhpVG h=220.00001525878906
08-09 00:05:04.035 I/ReactNativeJS(18909): [rowprobe] inner Ul6iMuDad0p0G6Il h=220
08-09 00:05:04.037 I/ReactNativeJS(18909): [rowprobe] item UMlu884lMhoAx412 h=212.00003051757812
08-09 00:05:04.038 I/ReactNativeJS(18909): [rowprobe] item pL0GnCoHDcXghhhW h=212.00003051757812
08-09 00:05:04.040 I/ReactNativeJS(18909): [rowprobe] item uEthzLoMb8NP1ZVl h=212
08-09 00:05:04.041 I/ReactNativeJS(18909): [rowprobe] item KT8FAi5J3511ZuJx h=212
08-09 00:05:04.043 I/ReactNativeJS(18909): [rowprobe] item ZHuG7qw7HXwu6k6V h=212.00003051757812
08-09 00:05:04.045 I/ReactNativeJS(18909): [rowprobe] inner Pf6Vd3fVHXWdfReo h=220
08-09 00:05:04.046 I/ReactNativeJS(18909): [rowprobe] item Z6AjOG6fsJN1Q5xZ h=212
08-09 00:05:04.048 I/ReactNativeJS(18909): [rowprobe] item XqiYLsLTXxrvVzLW h=212
08-09 00:05:04.049 I/ReactNativeJS(18909): [rowprobe] item eeCtW2u0xNvNRWWt h=212
08-09 00:05:04.350 I/ReactNativeJS(18909): [rowprobe] inner VxelVMfQNwMKtuX3 h=220
08-09 00:05:04.352 I/ReactNativeJS(18909): [rowprobe] item CGTjffJuU6qlfDh1 h=212
08-09 00:05:04.353 I/ReactNativeJS(18909): [rowprobe] item FzZUnzNVclQigcyE h=212
08-09 00:05:04.355 I/ReactNativeJS(18909): [rowprobe] item hjNCy2bHsytmSXIW h=212
08-09 00:05:04.442 I/ReactNativeJS(18909): [rowprobe] item CCs5Qn8iyRxOlvU1 h=212
08-09 00:06:12.395 W/ReactNativeJS(18909): [series] 0 books sit under no configured root and 1 have no first chapter — all dropped before detection, out of 352
08-09 00:06:12.974 I/ReactNativeJS(18909): [series] "Discworld"  41 books  (existing)
08-09 00:06:12.974 I/ReactNativeJS(18909):         #1  Discworld 01 - The Colour of Magic                      certain  alb.name-num-dash folder:name-corroborated split:number-collision(49% dupes -> 2 folders)
08-09 00:06:12.974 I/ReactNativeJS(18909):         #2  Discworld 02 - The Light Fantastic                      certain  alb.name-num-dash folder:name-corroborated split:number-collision(49% dupes -> 2 folders)
08-09 00:06:12.974 I/ReactNativeJS(18909):         #3  Discworld 03 - Equal Rites                              certain  alb.name-num-dash folder:name-corroborated split:number-collision(49% dupes -> 2 folders)
08-09 00:06:12.974 I/ReactNativeJS(18909):         #4  Discworld 04 - Mort                                     certain  alb.name-num-dash folder:name-corroborated split:number-collision(49% dupes -> 2 folders)
08-09 00:06:12.974 I/ReactNativeJS(18909):         #5  Discworld 05 - Sourcery                                 certain  alb.name-num-dash folder:name-corroborated split:number-collision(49% dupes -> 2 folders)
08-09 00:06:12.974 I/ReactNativeJS(18909):         #6  Discworld 06 -  Wyrd Sisters                            certain  alb.name-num-dash folder:name-corroborated split:number-collision(49% dupes -> 2 folders)
08-09 00:06:12.974 I/ReactNativeJS(18909):         #7  Discworld 07 - Pyramids                                 certain  alb.name-num-dash folder:name-corroborated split:number-collision(49% dupes -> 2 folders)
08-09 00:06:12.974 I/ReactNativeJS(18909):         #8  Discworld 08 - Guards! Guards!                          certain  alb.name-num-dash folder:name-corroborated split:number-collision(49% dupes -> 2 folders)
08-09 00:06:12.974 I/ReactNativeJS(18909):         #9  Discworld 09 - Eric                                     certain  alb.name-num-dash folder:name-corroborated split:number-collision(49% dupes -> 2 folders)
08-09 00:06:12.974 I/ReactNativeJS(18909):        #10  Discworld 10 - Moving Pictures                          certain  alb.name-num-dash folder:name-corroborated split:number-collision(49% dupes -> 2 folders)
08-09 00:06:12.974 I/ReactNativeJS(18909):        #11  Discworld 11 - Reaper Man                               certain  alb.name-num-dash folder:name-corroborated split:number-collision(49% dupes -> 2 folders)
08-09 00:06:12.974 I/ReactNativeJS(18909):        #12  Discworld 12 - Witches Abroad                           certain  alb.name-num-dash folder:name-corroborated split:number-collision(49% dupes -> 2 folders)
08-09 00:06:12.974 I/ReactNativeJS(18909):        #13  Discworld 13 - Small Gods                               certain  tag.Grouping+bare-num alb.name-num-dash folder:name-corroborated split:number-collision(49% dupes -> 2 folders)
08-09 00:06:12.974 I/ReactNativeJS(18909):        #14  Discworld 14 - Lords and Ladies                         certain  alb.name-num-dash folder:name-corroborated split:number-collision(49% dupes -> 2 folders)
08-09 00:06:12.974 I/ReactNativeJS(18909):        #15  Discworld 15 - Men At Arms                              certain  alb.name-num-dash folder:name-corroborated split:number-collision(49% dupes -> 2 folders)
08-09 00:06:12.974 I/ReactNativeJS(18909):        #16  Discworld 16 - Soul Music                               certain  alb.name-num-dash folder:name-corroborated split:number-collision(49% dupes -> 2 folders)
08-09 00:06:12.974 I/ReactNativeJS(18909):        #17  Discworld 17 - Interesting Times                        certain  alb.name-num-dash folder:name-corroborated split:number-collision(49% dupes -> 2 folders)
08-09 00:06:12.974 I/ReactNativeJS(18909):        #18  Discworld 18 - Maskerade                                certain  alb.name-num-dash folder:name-corroborated split:number-collision(49% dupes -> 2 folders)
08-09 00:06:12.974 I/ReactNativeJS(18909):        #19  Discworld 19 - Feet of Clay                             certain  alb.name-num-dash folder:name-corroborated split:number-collision(49% dupes -> 2 folders)
08-09 00:06:12.974 I/ReactNativeJS(18909):        #20  Discworld 20 - Hogfather                                certain  alb.name-num-dash folder:name-corroborated split:number-collision(49% dupes -> 2 folders)
08-09 00:06:12.974 I/ReactNativeJS(18909):        #21  Discworld 21 - Jingo                                    certain  alb.name-num-dash folder:name-corroborated split:number-collision(49% dupes -> 2 folders)
08-09 00:06:12.974 I/ReactNativeJS(18909):        #22  Discworld 22 - The Last Continent                       certain  alb.name-num-dash folder:name-corroborated split:number-collision(49% dupes -> 2 folders)
08-09 00:06:12.974 I/ReactNativeJS(18909):        #23  Discworld 23 - Carpe Jugulum                            certain  alb.name-num-dash folder:name-corroborated split:number-collision(49% dupes -> 2 folders)
08-09 00:06:12.974 I/ReactNativeJS(18909):        #24  Discworld 24 - The Fifth Elephant                       certain  alb.name-num-dash folder:name-corroborated split:number-collision(49% dupes -> 2 folders)
08-09 00:06:12.974 I/ReactNativeJS(18909):        #25  Discworld 25 - The Truth                                certain  alb.name-num-dash folder:name-corroborated split:number-collision(49% dupes -> 2 folders)
08-09 00:06:12.974 I/ReactNativeJS(18909):        #26  Discworld 26 - Thief of Time                            certain  alb.name-num-dash folder:name-corroborated split:number-collision(49% dupes -> 2 folders)
08-09 00:06:12.974 I/ReactNativeJS(18909):        #27  Discworld 27 - The Last Hero                            certain  alb.name-num-dash folder:name-corroborated split:number-collision(49% dupes -> 2 folders)
08-09 00:06:12.974 I/ReactNativeJS(18909):        #28  Discworld 28 - The Amazing Maurice and His Educated Ro  certain  alb.name-num-dash folder:name-corroborated split:number-collision(49% dupes -> 2 folders)
08-09 00:06:12.974 I/ReactNativeJS(18909):        #29  Discworld 29 - Night Watch                              certain  alb.name-num-dash folder:name-corroborated split:number-collision(49% dupes -> 2 folders)
08-09 00:06:12.974 I/ReactNativeJS(18909):        #30  Discworld 30 - The Wee Free Men                         certain  alb.name-num-dash folder:name-corroborated split:number-collision(49% dupes -> 2 folders)
08-09 00:06:12.974 I/ReactNativeJS(18909):        #31  Discworld 31 - Monstrous Regiment                       certain  alb.name-num-dash folder:name-corroborated split:number-collision(49% dupes -> 2 folders)
08-09 00:06:12.974 I/ReactNativeJS(18909):        #32  Discworld 32 - A Hat Full of Sky                        certain  alb.name-num-dash folder:name-corroborated split:number-collision(49% dupes -> 2 folders)
08-09 00:06:12.974 I/ReactNativeJS(18909):        #33  Discworld 33 - Going Postal                             certain  alb.name-num-dash folder:name-corroborated split:number-collision(49% dupes -> 2 folders)
08-09 00:06:12.974 I/ReactNativeJS(18909):        #34  Discworld 34 - Thud!                                    certain  alb.name-num-dash folder:name-corroborated split:number-collision(49% dupes -> 2 folders)
08-09 00:06:12.974 I/ReactNativeJS(18909):        #35  Discworld 35 - Wintersmith                              certain  alb.name-num-dash folder:name-corroborated split:number-collision(49% dupes -> 2 folders)
08-09 00:06:12.974 I/ReactNativeJS(18909):        #36  Discworld 36 - Making Money                             certain  alb.name-num-dash folder:name-corroborated split:number-collision(49% dupes -> 2 folders)
08-09 00:06:12.974 I/ReactNativeJS(18909):        #37  Discworld 37 - Unseen Academicals                       certain  tag.Grouping+bare-num alb.name-num-dash folder:name-corroborated split:number-collision(49% dupes -> 2 folders)
08-09 00:06:12.974 I/ReactNativeJS(18909):        #38  DW38-I Shall Wear Midnight                              possible folder:name-corroborated(37/41) num:folder split:number-collision(49% dupes -> 2 folders)
08-09 00:06:12.974 I/ReactNativeJS(18909):        #39  Snuff                                                   possible folder:name-corroborated(37/41) num:folder split:number-collision(49% dupes -> 2 folders)
08-09 00:06:12.974 I/ReactNativeJS(18909):        #40  Raising Steam                                           possible folder:name-corroborated(37/41) num:folder split:number-collision(49% dupes -> 2 folders)
08-09 00:06:12.974 I/ReactNativeJS(18909):        #41  The Shepherd's Crown                                    possible folder:name-corroborated(37/41) num:folder split:number-collision(49% dupes -> 2 folders)
08-09 00:06:12.975 I/ReactNativeJS(18909): [series] "Discworld (2022)"  39 books  (existing)
08-09 00:06:12.975 I/ReactNativeJS(18909):         #1  The Colour of Magic                                     possible folder:name-corroborated(10/39) num:folder split:number-collision(49% dupes -> 2 folders)
08-09 00:06:12.975 I/ReactNativeJS(18909):         #2  The Light Fantastic                                     possible folder:name-corroborated(10/39) num:folder split:number-collision(49% dupes -> 2 folders)
08-09 00:06:12.975 I/ReactNativeJS(18909):         #3  Equal Rites                                             possible folder:name-corroborated(10/39) num:folder split:number-collision(49% dupes -> 2 folders)
08-09 00:06:12.975 I/ReactNativeJS(18909):         #4  Mort (#4)                                               possible folder:name-corroborated(10/39) split:number-collision(49% dupes -> 2 folders)
08-09 00:06:12.975 I/ReactNativeJS(18909):         #5  Sourcery (#5)                                           possible folder:name-corroborated(10/39) split:number-collision(49% dupes -> 2 folders)
08-09 00:06:12.975 I/ReactNativeJS(18909):         #7  Pyramids: Discworld, Book 7                             certain  alb.book-suffix folder:name-corroborated split:number-collision(49% dupes -> 2 folders)
08-09 00:06:12.975 I/ReactNativeJS(18909):         #8  Guards! Guards! (Unabridged)                            possible folder:name-corroborated(10/39) num:folder split:number-collision(49% dupes -> 2 folders)
08-09 00:06:12.975 I/ReactNativeJS(18909):         #9  (#9) Eric                                               possible folder:name-corroborated(10/39) split:number-collision(49% dupes -> 2 folders)
08-09 00:06:12.975 I/ReactNativeJS(18909):        #10  Moving Pictures: Discworld, Book 10                     certain  alb.book-suffix folder:name-corroborated split:number-collision(49% dupes -> 2 folders)
08-09 00:06:12.975 I/ReactNativeJS(18909):        #11  (#11) Reaper Man                                        possible folder:name-corroborated(10/39) split:number-collision(49% dupes -> 2 folders)
08-09 00:06:12.975 I/ReactNativeJS(18909):        #12  Witches Abroad                                          possible folder:name-corroborated(10/39) num:folder split:number-collision(49% dupes -> 2 folders)
08-09 00:06:12.975 I/ReactNativeJS(18909):        #13  Small Gods (#13)                                        possible folder:name-corroborated(10/39) split:number-collision(49% dupes -> 2 folders)
08-09 00:06:12.975 I/ReactNativeJS(18909):        #14  Lords and Ladies                                        possible folder:name-corroborated(10/39) num:folder split:number-collision(49% dupes -> 2 folders)
08-09 00:06:12.975 I/ReactNativeJS(18909):        #15  Men at Arms (Unabridged)                                possible folder:name-corroborated(10/39) num:folder split:number-collision(49% dupes -> 2 folders)
08-09 00:06:12.975 I/ReactNativeJS(18909):        #16  (#16) Soul Music                                        possible folder:name-corroborated(10/39) split:number-collision(49% dupes -> 2 folders)
08-09 00:06:12.975 I/ReactNativeJS(18909):        #17  (#17) Interesting Times                                 possible folder:name-corroborated(10/39) split:number-collision(49% dupes -> 2 folders)
08-09 00:06:12.975 I/ReactNativeJS(18909):        #18  Maskerade                                               possible folder:name-corroborated(10/39) num:folder split:number-collision(49% dupes -> 2 folders)
08-09 00:06:12.975 I/ReactNativeJS(18909):        #19  Feet of Clay (Unabridged)                               possible folder:name-corroborated(10/39) num:folder split:number-collision(49% dupes -> 2 folders)
08-09 00:06:12.975 I/ReactNativeJS(18909):        #20  Hogfather: Discworld, Book 20                           certain  alb.book-suffix folder:name-corroborated split:number-collision(49% dupes -> 2 folders)
08-09 00:06:12.975 I/ReactNativeJS(18909):        #21  Jingo (Unabridged)                                      possible folder:name-corroborated(10/39) num:folder split:number-collision(49% dupes -> 2 folders)
08-09 00:06:12.975 I/ReactNativeJS(18909):        #22  The Last Continent: Discworld, Book 22                  certain  alb.book-suffix folder:name-corroborated split:number-collision(49% dupes -> 2 folders)
08-09 00:06:12.975 I/ReactNativeJS(18909):        #23  Carpe Jugulum                                           possible folder:name-corroborated(10/39) num:folder split:number-collision(49% dupes -> 2 folders)
08-09 00:06:12.975 I/ReactNativeJS(18909):        #24  The Fifth Elephant (Unabridged)                         possible folder:name-corroborated(10/39) num:folder split:number-collision(49% dupes -> 2 folders)
08-09 00:06:12.975 I/ReactNativeJS(18909):        #25  The Truth (Unabridged)                                  possible folder:name-corroborated(10/39) num:folder split:number-collision(49% dupes -> 2 folders)
08-09 00:06:12.975 I/ReactNativeJS(18909):        #26  Thief of Time (#26)                                     possible folder:name-corroborated(10/39) split:number-collision(49% dupes -> 2 folders)
08-09 00:06:12.975 I/ReactNativeJS(18909):        #28  The Amazing Maurice and His Educated Rodents (#28)      possible folder:name-corroborated(10/39) split:number-collision(49% dupes -> 2 folders)
08-09 00:06:12.975 I/ReactNativeJS(18909):        #29  Night Watch: Discworld, Book 29                         certain  alb.book-suffix folder:name-corroborated split:number-collision(49% dupes -> 2 folders)
08-09 00:06:12.975 I/ReactNativeJS(18909):        #30  The Wee Free Men: Discworld, Book 30                    certain  alb.book-suffix folder:name-corroborated split:number-collision(49% dupes -> 2 folders)
08-09 00:06:12.975 I/ReactNativeJS(18909):        #31  (#31) Monstrous Regiment                                possible folder:name-corroborated(10/39) split:number-collision(49% dupes -> 2 folders)
08-09 00:06:12.975 I/ReactNativeJS(18909):        #32  A Hat Full of Sky: Discworld, Book 32                   certain  alb.book-suffix folder:name-corroborated split:number-collision(49% dupes -> 2 folders)
08-09 00:06:12.975 I/ReactNativeJS(18909):        #33  Going Postal (Unabridged)                               possible folder:name-corroborated(10/39) num:folder split:number-collision(49% dupes -> 2 folders)
08-09 00:06:12.975 I/ReactNativeJS(18909):        #34  Thud!: Discworld, Book 34                               certain  alb.book-suffix folder:name-corroborated split:number-collision(49% dupes -> 2 folders)
08-09 00:06:12.975 I/ReactNativeJS(18909):        #35  Wintersmith: Discworld, Book 35                         certain  alb.book-suffix folder:name-corroborated split:number-collision(49% dupes -> 2 folders)
08-09 00:06:12.975 I/ReactNativeJS(18909):        #36  Making Money (Unabridged)                               possible folder:name-corroborated(10/39) num:folder split:number-collision(49% dupes -> 2 folders)
08-09 00:06:12.975 I/ReactNativeJS(18909):        #37  Unseen Academicals: Discworld Book, 37                  possible folder:name-corroborated(10/39) num:folder split:number-collision(49% dupes -> 2 folders)
08-09 00:06:12.975 I/ReactNativeJS(18909):        #38  I Shall Wear Midnight (Unabridged)                      possible folder:name-corroborated(10/39) num:folder split:number-collision(49% dupes -> 2 folders)
08-09 00:06:12.975 I/ReactNativeJS(18909):        #39  Snuff: Discworld, Book 39                               certain  alb.book-suffix folder:name-corroborated split:number-collision(49% dupes -> 2 folders)
08-09 00:06:12.975 I/ReactNativeJS(18909):        #40  Raising Steam (Unabridged)                              possible folder:name-corroborated(10/39) num:folder split:number-collision(49% dupes -> 2 folders)
08-09 00:06:12.975 I/ReactNativeJS(18909):        #41  The Shepherd's Crown (Unabridged)                       possible folder:name-corroborated(10/39) num:folder split:number-collision(49% dupes -> 2 folders)
08-09 00:06:12.978 I/ReactNativeJS(18909): [series] "Dresden Files"  22 books  (new)
08-09 00:06:12.978 I/ReactNativeJS(18909):         #1  Storm Front: The Dresden Files, Book 1 (Unabridged)     certain  tag.extra.SERIES alb.book-suffix folder:name-corroborated
08-09 00:06:12.978 I/ReactNativeJS(18909):         #2  Fool Moon: The Dresden Files, Book 2 (Unabridged)       certain  tag.extra.SERIES alb.book-suffix folder:name-corroborated
08-09 00:06:12.978 I/ReactNativeJS(18909):         #3  Grave Peril: The Dresden Files, Book 3 (Unabridged)     certain  tag.extra.SERIES alb.book-suffix folder:name-corroborated
08-09 00:06:12.978 I/ReactNativeJS(18909):         #4  Summer Knight: The Dresden Files, Book 4 (Unabridged)   certain  tag.extra.SERIES alb.book-suffix folder:name-corroborated
08-09 00:06:12.978 I/ReactNativeJS(18909):         #5  Death Masks: The Dresden Files, Book 5 (Unabridged)     certain  tag.extra.SERIES alb.book-suffix folder:name-corroborated
08-09 00:06:12.978 I/ReactNativeJS(18909):         #6  Blood Rites: The Dresden Files, Book 6 (Unabridged)     certain  tag.extra.SERIES alb.book-suffix folder:name-corroborated
08-09 00:06:12.978 I/ReactNativeJS(18909):         #7  Dead Beat: The Dresden Files, Book 7 (Unabridged)       certain  tag.extra.SERIES alb.book-suffix folder:name-corroborated
08-09 00:06:12.978 I/ReactNativeJS(18909):         #8  Proven Guilty: The Dresden Files, Book 8 (Unabridged)   certain  tag.extra.SERIES alb.book-suffix folder:name-corroborated
08-09 00:06:12.978 I/ReactNativeJS(18909):         #9  White Night: The Dresden Files, Book 9 (Unabridged)     certain  tag.extra.SERIES alb.book-suffix folder:name-corroborated
08-09 00:06:12.978 I/ReactNativeJS(18909):        #10  The Dresden Files #10: Small Favor                      certain  tag.Grouping alb.hash-colon folder:name-corroborated
08-09 00:06:12.978 I/ReactNativeJS(18909):        #11  The Dresden Files #11: Turn Coat                        certain  tag.Grouping alb.hash-colon folder:name-corroborated
08-09 00:06:12.978 I/ReactNativeJS(18909):        #12  The Dresden Files #12: Changes                          certain  tag.Grouping alb.hash-colon folder:name-corroborated
08-09 00:06:12.978 I/ReactNativeJS(18909):      #12.5  The Dresden Files #12.5: Side Jobs                      certain  tag.Grouping alb.hash-colon folder:name-corroborated
08-09 00:06:12.978 I/ReactNativeJS(18909):        #13  The Dresden Files #13: Ghost Story                      certain  tag.Grouping alb.hash-colon folder:name-corroborated
08-09 00:06:12.978 I/ReactNativeJS(18909):        #14  The Dresden Files #14: Cold Days                        certain  tag.Grouping alb.hash-colon folder:name-corroborated
08-09 00:06:12.978 I/ReactNativeJS(18909):        #15  The Dresden Files #15: Skin Game                        certain  tag.Grouping alb.hash-colon folder:name-corroborated
08-09 00:06:12.978 I/ReactNativeJS(18909):      #15.5  Brief Cases (Unabridged)                                certain  tag.extra.SERIES folder:name-corroborated
08-09 00:06:12.978 I/ReactNativeJS(18909):        #16  Peace Talks (Unabridged)                                certain  tag.extra.SERIES folder:name-corroborated
08-09 00:06:12.978 I/ReactNativeJS(18909):        #17  Battle Ground (Unabridged)                              certain  tag.extra.SERIES folder:name-corroborated
08-09 00:06:12.978 I/ReactNativeJS(18909):      #17.5  The Law                                                 certain  tag.extra.SERIES folder:name-corroborated
08-09 00:06:12.978 I/ReactNativeJS(18909):        #18  Twelve Months (Unabridged)                              certain  tag.extra.SERIES folder:name-corroborated
08-09 00:06:12.978 I/ReactNativeJS(18909):          —  Heroic Hearts (Unabridged)                              possible folder:name-corroborated(21/22)
08-09 00:06:12.979 I/ReactNativeJS(18909): [series] "Demon Accords"  17 books  (existing)
08-09 00:06:12.979 I/ReactNativeJS(18909):         #1  Book 01 - God Touched - Demon Accords Series            certain  alb.book-dash-series folder:name-corroborated
08-09 00:06:12.979 I/ReactNativeJS(18909):         #1  Volume 01 - The Demon Accords Compendium                possible folder:name-corroborated(14/17)
08-09 00:06:12.979 I/ReactNativeJS(18909):         #2  Book 02 - Demon Driven - Demon Accords Series           certain  alb.book-dash-series folder:name-corroborated
08-09 00:06:12.979 I/ReactNativeJS(18909):         #2  Volume 02 - The Demon Accords Compendium                possible folder:name-corroborated(14/17)
08-09 00:06:12.979 I/ReactNativeJS(18909):         #3  Book 03 - Brutal Asset - Demon Accords Series           certain  alb.book-dash-series folder:name-corroborated
08-09 00:06:12.979 I/ReactNativeJS(18909):         #3  Volume 3 - The Demon Accords Compendium                 possible folder:name-corroborated(14/17)
08-09 00:06:12.979 I/ReactNativeJS(18909):       #3.5  Book 03.5 - Black Frost - Demon Accords Series          certain  alb.book-dash-series folder:name-corroborated
08-09 00:06:12.979 I/ReactNativeJS(18909):         #4  Book 04 - Duel Nature - Demon Accords Series            certain  alb.book-dash-series folder:name-corroborated
08-09 00:06:12.979 I/ReactNativeJS(18909):         #5  Book 05 - Fallen Stars - Demon Accords Series           certain  alb.book-dash-series folder:name-corroborated
08-09 00:06:12.979 I/ReactNativeJS(18909):         #6  Book 06 - Executable - Demon Accords Series             certain  alb.book-dash-series folder:name-corroborated
08-09 00:06:12.979 I/ReactNativeJS(18909):         #7  Book 07 - Forced Ascent - Demon Accords Series          certain  alb.book-dash-series folder:name-corroborated
08-09 00:06:12.979 I/ReactNativeJS(18909):         #8  Book 08 Part 1 - College Arcane - Demon Accords Series  certain  alb.book-dash-series folder:name-corroborated
08-09 00:06:12.979 I/ReactNativeJS(18909):         #8  Book 08 Part 2 - College Arcane - Demon Accords Series  certain  alb.book-dash-series folder:name-corroborated
08-09 00:06:12.979 I/ReactNativeJS(18909):         #9  Book 09 - God Hammer - Demon Accords Series             certain  alb.book-dash-series folder:name-corroborated
08-09 00:06:12.979 I/ReactNativeJS(18909):        #10  Book 10 - Rogues - Demon Accords Series                 certain  alb.book-dash-series folder:name-corroborated
08-09 00:06:12.979 I/ReactNativeJS(18909):        #11  Book 11 - Snake Eyes - Demon Accords Series             certain  alb.book-dash-series folder:name-corroborated
08-09 00:06:12.979 I/ReactNativeJS(18909):        #12  Book 12 - Winterfall - Demon Accords Series             certain  alb.book-dash-series folder:name-corroborated
08-09 00:06:12.981 I/ReactNativeJS(18909): [series] "Dungeon Crawler Carl"  8 books  (existing)
08-09 00:06:12.981 I/ReactNativeJS(18909):         #1  Dungeon Crawler Carl (Unabridged)                       certain  tag.extra.SERIES folder:name-corroborated
08-09 00:06:12.981 I/ReactNativeJS(18909):         #2  Carl's Doomsday Scenario: Dungeon Crawler Carl, Book 2  certain  alb.book-suffix folder:name-corroborated
08-09 00:06:12.981 I/ReactNativeJS(18909):         #3  The Dungeon Anarchist's Cookbook: Dungeon Crawler Carl  certain  alb.book-suffix folder:name-corroborated
08-09 00:06:12.981 I/ReactNativeJS(18909):         #4  The Gate of the Feral Gods: Dungeon Crawler Carl, Book  certain  alb.book-suffix folder:name-corroborated
08-09 00:06:12.981 I/ReactNativeJS(18909):         #5  The Butcher's Masquerade: Dungeon Crawler Carl, Book 5  certain  alb.book-suffix folder:name-corroborated
08-09 00:06:12.981 I/ReactNativeJS(18909):         #6  The Eye of the Bedlam Bride: Dungeon Crawler Carl, Boo  certain  alb.book-suffix folder:name-corroborated
08-09 00:06:12.981 I/ReactNativeJS(18909):         #7  This Inevitable Ruin                                    certain  tag.extra.SERIES folder:name-corroborated
08-09 00:06:12.981 I/ReactNativeJS(18909):          —  A Parade of Horribles                                   possible folder:name-corroborated(7/8)
08-09 00:06:12.982 I/ReactNativeJS(18909): [series] "The Dark Tower"  8 books  (existing)
08-09 00:06:12.982 I/ReactNativeJS(18909):         #1  The Dark Tower I: The Gunslinger                        certain  alb.roman folder:name-corroborated
08-09 00:06:12.982 I/ReactNativeJS(18909):         #2  The Dark Tower II: The Drawing Of The Three             certain  alb.roman folder:name-corroborated
08-09 00:06:12.982 I/ReactNativeJS(18909):         #4  The Dark Tower IV: Wizard & Glass                       certain  alb.roman folder:name-corroborated
08-09 00:06:12.982 I/ReactNativeJS(18909):         #5  The Dark Tower V: Wolves Of The Calla                   certain  alb.roman folder:name-corroborated
08-09 00:06:12.982 I/ReactNativeJS(18909):         #6  The Dark Tower VI: Song Of Susannah                     certain  alb.roman folder:name-corroborated
08-09 00:06:12.982 I/ReactNativeJS(18909):         #7  The Dark Tower VII: The Dark Tower                      certain  alb.roman folder:name-corroborated
08-09 00:06:12.982 I/ReactNativeJS(18909):          —  1991 - The Waste Lands (DT3 - read by Frank Muller)     possible folder:name-corroborated(6/8)
08-09 00:06:12.982 I/ReactNativeJS(18909):          —  LEGENDS - Stories by The Masters of Fantasy             possible folder:name-corroborated(6/8)
08-09 00:06:12.984 I/ReactNativeJS(18909): [series] "The First Law"  7 books  (existing)
08-09 00:06:12.984 I/ReactNativeJS(18909):         #1  01 - The Blade Itself                                   guess    folder:number-corroborated(7/7)
08-09 00:06:12.984 I/ReactNativeJS(18909):         #2  02 - Before They Are Hanged                             guess    folder:number-corroborated(7/7)
08-09 00:06:12.984 I/ReactNativeJS(18909):         #3  03 - Last Argument of Kings                             guess    folder:number-corroborated(7/7)
08-09 00:06:12.984 I/ReactNativeJS(18909):         #4  04 - Best Served Cold                                   guess    folder:number-corroborated(7/7)
08-09 00:06:12.984 I/ReactNativeJS(18909):         #5  05 - The Heroes                                         guess    folder:number-corroborated(7/7)
08-09 00:06:12.984 I/ReactNativeJS(18909):         #6  06 - Red Country                                        guess    folder:number-corroborated(7/7)
08-09 00:06:12.984 I/ReactNativeJS(18909):         #7  07 - Sharp Ends: Stories from the World of the First L  guess    folder:number-corroborated(7/7)
08-09 00:06:12.985 I/ReactNativeJS(18909): [series] "Mistborn"  6 books  (existing)
08-09 00:06:12.985 I/ReactNativeJS(18909):         #1  Mistborn 1 (Michael Kramer)                             likely   alb.name-num-sp
08-09 00:06:12.985 I/ReactNativeJS(18909):         #2  Mistborn 2 (Michael Kramer)                             likely   alb.name-num-sp
08-09 00:06:12.985 I/ReactNativeJS(18909):         #3  Mistborn 3 (Michael Kramer)                             likely   alb.name-num-sp
08-09 00:06:12.985 I/ReactNativeJS(18909):         #4  Mistborn 4 (Michael Kramer)                             likely   alb.name-num-sp
08-09 00:06:12.985 I/ReactNativeJS(18909):         #5  Mistborn 5 (Michael Kramer)                             likely   alb.name-num-sp
08-09 00:06:12.985 I/ReactNativeJS(18909):         #6  Mistborn 6 (Michael Kramer)                             likely   alb.name-num-sp
08-09 00:06:12.986 I/ReactNativeJS(18909): [series] "Shadow Saga"  6 books  (existing)
08-09 00:06:12.986 I/ReactNativeJS(18909):         #1  Shadow 1 - Ender's Shadow                               certain  alb.name-num-dash folder:name-corroborated
08-09 00:06:12.986 I/ReactNativeJS(18909):         #3  Shadow 3 - Shadow Puppets                               certain  alb.name-num-dash folder:name-corroborated
08-09 00:06:12.986 I/ReactNativeJS(18909):         #6  Shadow of the Hegemon                                   possible folder:name-corroborated(2/6) num:folder
08-09 00:06:12.986 I/ReactNativeJS(18909):         #8  008 - Shadow of the Giant                               possible folder:name-corroborated(2/6)
08-09 00:06:12.986 I/ReactNativeJS(18909):         #9  Shadows in Flight                                       possible folder:name-corroborated(2/6) num:folder
08-09 00:06:12.986 I/ReactNativeJS(18909):        #10  The Last Shadow: Other Tales from the Ender Universe    possible folder:name-corroborated(2/6) num:folder
08-09 00:06:12.988 I/ReactNativeJS(18909): [series] "Bobiverse"  5 books  (new)
08-09 00:06:12.988 I/ReactNativeJS(18909):         #1  Bobiverse 01 We Are Legion (We Are Bob)                 certain  alb.name-num-sp folder:name-corroborated
08-09 00:06:12.988 I/ReactNativeJS(18909):         #2  Bobiverse 02 For We Are Many                            certain  alb.name-num-sp folder:name-corroborated
08-09 00:06:12.988 I/ReactNativeJS(18909):         #3  Bobiverse 03 All These Worlds                           certain  alb.name-num-sp folder:name-corroborated
08-09 00:06:12.988 I/ReactNativeJS(18909):         #4  Bobiverse 04 Heaven's River                             certain  alb.name-num-sp folder:name-corroborated
08-09 00:06:12.988 I/ReactNativeJS(18909):         #5  Bobiverse 05 Not Till We Are Lost                       certain  alb.name-num-sp folder:name-corroborated
08-09 00:06:12.989 I/ReactNativeJS(18909): [series] "Long Earth"  5 books  (existing)
08-09 00:06:12.989 I/ReactNativeJS(18909):         #1  (Long Earth 01) The Long Earth                          certain  alb.paren-pre folder:name-corroborated
08-09 00:06:12.989 I/ReactNativeJS(18909):         #2  (Long Earth 02) The Long War                            certain  alb.paren-pre folder:name-corroborated
08-09 00:06:12.989 I/ReactNativeJS(18909):         #3  (Long Earth 03) The Long Mars                           certain  alb.paren-pre folder:name-corroborated
08-09 00:06:12.989 I/ReactNativeJS(18909):         #4  (Long Earth 04) The Long Utopia                         certain  alb.paren-pre folder:name-corroborated
08-09 00:06:12.989 I/ReactNativeJS(18909):         #5  (Long Earth 05) The Long Cosmos                         certain  alb.paren-pre folder:name-corroborated
08-09 00:06:12.990 I/ReactNativeJS(18909): [series] "Lockwood and Co."  4 books  (existing)
08-09 00:06:12.990 I/ReactNativeJS(18909):         #1  Lockwood and Co Book 1 - The Screaming Staircase        certain  alb.series-book-n folder:name-corroborated
08-09 00:06:12.990 I/ReactNativeJS(18909):         #2  Lockwood and Co Book 2 - The Whispering Skull           certain  alb.series-book-n folder:name-corroborated
08-09 00:06:12.990 I/ReactNativeJS(18909):         #3  Lockwood and Co Book 3 - The Hollow Boy                 certain  alb.series-book-n folder:name-corroborated
08-09 00:06:12.990 I/ReactNativeJS(18909):         #5  Lockwood & Co: The Empty Grave (Unabridged)             possible folder:name-corroborated(3/5) num:folder
08-09 00:06:12.992 I/ReactNativeJS(18909): [series] "Memory, Sorrow & Thorn"  4 books  (existing)
08-09 00:06:12.992 I/ReactNativeJS(18909):         #1  01 The Dragonbone Chair                                 guess    folder:number-corroborated(4/4)
08-09 00:06:12.992 I/ReactNativeJS(18909):         #2  02 The Stone of Farewell                                guess    folder:number-corroborated(4/4)
08-09 00:06:12.992 I/ReactNativeJS(18909):         #3  03 To Green Angel Tower - Siege                         guess    folder:number-corroborated(4/4)
08-09 00:06:12.992 I/ReactNativeJS(18909):         #4  04 To Green Angel Tower - Storm                         guess    folder:number-corroborated(4/4)
08-09 00:06:12.993 I/ReactNativeJS(18909): [series] "The Murderbot Diaries"  4 books  (existing)
08-09 00:06:12.993 I/ReactNativeJS(18909):         #3  Rogue Protocol: The Murderbot Diaries, Book 3           likely   alb.book-suffix
08-09 00:06:12.993 I/ReactNativeJS(18909):         #5  Network Effect                                          certain  tag.extra.SERIES
08-09 00:06:12.993 I/ReactNativeJS(18909):         #6  The Murderbot Diaries 6: Fugitive Telemetry             likely   alb.name-num-dash
08-09 00:06:12.993 I/ReactNativeJS(18909):         #7  Martha Wells - The Murderbot Diaries 07 - System Colla  likely   alb.name-num-dash
08-09 00:06:12.994 I/ReactNativeJS(18909): [series] "Bromeliad"  3 books  (existing)
08-09 00:06:12.994 I/ReactNativeJS(18909):         #1  Bromeliad 01 - Truckers                                 certain  alb.name-num-dash folder:name-corroborated
08-09 00:06:12.994 I/ReactNativeJS(18909):         #2  Bromeliad 02 - Diggers                                  certain  alb.name-num-dash folder:name-corroborated
08-09 00:06:12.994 I/ReactNativeJS(18909):         #3  Bromeliad 03 - Wings                                    certain  alb.name-num-dash folder:name-corroborated
08-09 00:06:12.996 I/ReactNativeJS(18909): [series] "Crouch, B"  3 books  (existing)
08-09 00:06:12.996 I/ReactNativeJS(18909):         #1  Crouch, B: 1 Pines                                      likely   alb.name-num-sp
08-09 00:06:12.996 I/ReactNativeJS(18909):         #2  Crouch, B: 2 Wayward                                    likely   alb.name-num-sp
08-09 00:06:12.996 I/ReactNativeJS(18909):         #3  Crouch, B: 3 The Last Town                              likely   alb.name-num-sp
08-09 00:06:12.997 I/ReactNativeJS(18909): [series] "Lord of the Rings"  3 books  (existing)
08-09 00:06:12.997 I/ReactNativeJS(18909):         #1  The Fellowship of the Ring: Lord of the Rings, Book 1   likely   alb.book-suffix
08-09 00:06:12.997 I/ReactNativeJS(18909):         #2  The Two Towers: Lord of the Rings, Book 2               likely   alb.book-suffix
08-09 00:06:12.997 I/ReactNativeJS(18909):         #3  The Return of the King: Lord of the Rings, Book 3       likely   alb.book-suffix
08-09 00:06:12.998 I/ReactNativeJS(18909): [series] "The Age of Madness"  3 books  (existing)
08-09 00:06:12.998 I/ReactNativeJS(18909):         #1  01 - A Little Hatred                                    guess    folder:number-corroborated(3/3)
08-09 00:06:12.998 I/ReactNativeJS(18909):         #2  02 - The Trouble with Peace                             guess    folder:number-corroborated(3/3)
08-09 00:06:12.998 I/ReactNativeJS(18909):         #3  03 - The Wisdom of Crowds                               guess    folder:number-corroborated(3/3)
08-09 00:06:13.000 I/ReactNativeJS(18909): [series] "The Silo Saga"  3 books  (existing)
08-09 00:06:13.000 I/ReactNativeJS(18909):         #1  Wool: The Silo Saga, Book 1                             certain  tag.Grouping alb.book-suffix folder:name-corroborated
08-09 00:06:13.000 I/ReactNativeJS(18909):         #2  Shift: The Silo Saga, Book 2                            certain  alb.book-suffix folder:name-corroborated
08-09 00:06:13.000 I/ReactNativeJS(18909):         #3  Dust: The Silo Saga, Book 3                             certain  alb.book-suffix folder:name-corroborated
08-09 00:06:13.001 I/ReactNativeJS(18909): [series] "TMC"  3 books  (existing)
08-09 00:06:13.001 I/ReactNativeJS(18909):         #1  TMC 01 Thursday Murder Club                             likely   alb.name-num-sp
08-09 00:06:13.001 I/ReactNativeJS(18909):         #2  TMC 02 The Man Who Died Twice                           likely   alb.name-num-sp
08-09 00:06:13.001 I/ReactNativeJS(18909):         #3  TMC 03 The Bullet That Missed                           likely   alb.name-num-sp
08-09 00:06:13.002 I/ReactNativeJS(18909): [series] "Cerulean Chronicles"  2 books  (existing)
08-09 00:06:13.002 I/ReactNativeJS(18909):         #1  Cerulean Chronicles 01 - The House in the Cerulean Sea  certain  tag.extra.SERIES alb.name-num-dash
08-09 00:06:13.002 I/ReactNativeJS(18909):         #2  Cerulean Chronicles 02 - Somewhere Beyond the Sea       certain  tag.extra.SERIES alb.name-num-dash
08-09 00:06:13.004 I/ReactNativeJS(18909): [series] "Kingkiller Chronicle"  2 books  (existing)
08-09 00:06:13.004 I/ReactNativeJS(18909):         #1  Kingkiller Chronicle 01 The Name of the Wind            likely   alb.name-num-sp
08-09 00:06:13.004 I/ReactNativeJS(18909):         #2  Kingkiller Chronicle 02 The Wise Man's Fear             likely   alb.name-num-sp
08-09 00:06:13.005 I/ReactNativeJS(18909): [series] "Red Rising"  2 books  (existing)
08-09 00:06:13.005 I/ReactNativeJS(18909):         #5  Red Rising, Book 5 - Dark Age                           likely   alb.series-book-n
08-09 00:06:13.005 I/ReactNativeJS(18909):         #6  Light Bringer: Red Rising, Book 6                       likely   alb.book-suffix
08-09 00:06:13.006 I/ReactNativeJS(18909): [series] detection (conservative): 351 units → 23 series, 200 books placed · created 2 (27 rows) · inserted 0 · removed 0 · skipped 0 · 591ms
08-09 00:06:13.009 I/ReactNativeJS(18909): [scan] 1985ms total · 3461 files, 0 new (nothing rescanned) — enumerate 1006ms · existing-urls 180ms · process 5ms · cleanup 83ms · detect 626ms
08-09 00:06:13.037 I/ReactNativeJS(18909): [rowprobe] inner 8M5aNjNEAui3SFTx h=220.00001525878906
08-09 00:06:13.038 I/ReactNativeJS(18909): [rowprobe] inner f7ifNvYcDndBhpVG h=220
08-09 00:06:13.040 I/ReactNativeJS(18909): [rowprobe] item wJWi2xxHcY4WzHBi h=212.00003051757812
08-09 00:06:13.042 I/ReactNativeJS(18909): [rowprobe] item 5W3iLmceDVYF2taj h=212.00003051757812
08-09 00:06:13.043 I/ReactNativeJS(18909): [rowprobe] item UMlu884lMhoAx412 h=212
08-09 00:06:13.045 I/ReactNativeJS(18909): [rowprobe] item pL0GnCoHDcXghhhW h=212
08-09 00:06:13.048 I/ReactNativeJS(18909): [rowprobe] item rRI8x78GqZp5HOTr h=212.00003051757812
08-09 00:06:13.049 I/ReactNativeJS(18909): [rowprobe] item ZHuG7qw7HXwu6k6V h=212
08-09 00:06:13.052 I/ReactNativeJS(18909): [rowprobe] inner Ul6iMuDad0p0G6Il h=220
08-09 00:06:13.053 I/ReactNativeJS(18909): [rowprobe] item uEthzLoMb8NP1ZVl h=212
08-09 00:06:13.055 I/ReactNativeJS(18909): [rowprobe] item KT8FAi5J3511ZuJx h=212
08-09 00:06:13.308 I/ReactNativeJS(18909): [rowprobe] item P70oMTqN6h0sqHZa h=212.00001525878906
08-09 00:06:13.310 I/ReactNativeJS(18909): [rowprobe] inner Pf6Vd3fVHXWdfReo h=220
08-09 00:06:13.312 I/ReactNativeJS(18909): [rowprobe] item Z6AjOG6fsJN1Q5xZ h=212
08-09 00:06:13.313 I/ReactNativeJS(18909): [rowprobe] item XqiYLsLTXxrvVzLW h=212
08-09 00:06:13.316 I/ReactNativeJS(18909): [rowprobe] item eeCtW2u0xNvNRWWt h=212
08-09 00:06:14.997 I/ReactNativeJS(18909): [rowprobe] inner VxelVMfQNwMKtuX3 h=220
08-09 00:06:14.999 I/ReactNativeJS(18909): [rowprobe] item CGTjffJuU6qlfDh1 h=212
08-09 00:06:15.000 I/ReactNativeJS(18909): [rowprobe] item FzZUnzNVclQigcyE h=212
08-09 00:06:15.003 I/ReactNativeJS(18909): [rowprobe] item hjNCy2bHsytmSXIW h=212
08-09 00:06:15.093 I/ReactNativeJS(18909): [rowprobe] item CCs5Qn8iyRxOlvU1 h=212
08-09 00:06:15.343 I/ReactNativeJS(18909): [rowprobe] inner Jk3XVKqYZIwY02hG h=220
08-09 00:06:15.353 I/ReactNativeJS(18909): [rowprobe] item oNGnV9zqdf36tbVi h=212
08-09 00:06:15.354 I/ReactNativeJS(18909): [rowprobe] item TAIveyjGZll0d48D h=212
08-09 00:06:15.356 I/ReactNativeJS(18909): [rowprobe] item taSdGrIRwTWQrgGK h=212
08-09 00:06:15.358 I/ReactNativeJS(18909): [rowprobe] item WoQiue03qoB5QlcD h=212
08-09 00:06:15.360 I/ReactNativeJS(18909): [rowprobe] item v7nGfK1isFl3ZBQZ h=212
08-09 00:06:15.362 I/ReactNativeJS(18909): [rowprobe] item pALvCowATOeUUybf h=212
08-09 00:06:15.364 I/ReactNativeJS(18909): [rowprobe] item iO8dbgn17VF8ZpbV h=212
08-09 00:06:15.877 I/ReactNativeJS(18909): [rowprobe] item bmRwbN0aTlb0nrO7 h=212
08-09 00:06:15.881 I/ReactNativeJS(18909): [rowprobe] item Gc0Ey2v8MATtN2Pv h=212
08-09 00:06:15.882 I/ReactNativeJS(18909): [rowprobe] item XpDaxIifrEUPj1a4 h=212
08-09 00:06:15.884 I/ReactNativeJS(18909): [rowprobe] item GL1uXBFEfKJqAgl0 h=212
08-09 00:06:15.886 I/ReactNativeJS(18909): [rowprobe] item 6XCSOx3u3kiLQkhq h=212
08-09 00:06:15.888 I/ReactNativeJS(18909): [rowprobe] item SvD24mWaXUL4Ne7R h=212
08-09 00:06:16.177 I/ReactNativeJS(18909): [rowprobe] item y4CQj6SDQqVdbiZj h=212
08-09 00:06:16.178 I/ReactNativeJS(18909): [rowprobe] item NNSmh2VHQw9ziu9C h=212
08-09 00:06:16.671 I/ReactNativeJS(18909): [rowprobe] item 7gJpdt8trfuHq8a2 h=212
08-09 00:08:17.040 I/ReactNativeJS(18909): [rowprobe] item hjNCy2bHsytmSXIW h=212
08-09 00:08:17.043 I/ReactNativeJS(18909): [rowprobe] item CCs5Qn8iyRxOlvU1 h=212
08-09 00:08:17.235 I/ReactNativeJS(18909): [rowprobe] item UMlu884lMhoAx412 h=212
08-09 00:08:17.236 I/ReactNativeJS(18909): [rowprobe] item pL0GnCoHDcXghhhW h=212
08-09 00:08:17.238 I/ReactNativeJS(18909): [rowprobe] item ZHuG7qw7HXwu6k6V h=212
08-09 00:08:17.344 I/ReactNativeJS(18909): [rowprobe] inner 8M5aNjNEAui3SFTx h=220.00001525878906
08-09 00:08:17.346 I/ReactNativeJS(18909): [rowprobe] item wJWi2xxHcY4WzHBi h=212.00001525878906
08-09 00:08:17.347 I/ReactNativeJS(18909): [rowprobe] item 5W3iLmceDVYF2taj h=212.00001525878906
08-09 00:08:17.349 I/ReactNativeJS(18909): [rowprobe] item rRI8x78GqZp5HOTr h=212.00001525878906
08-09 00:08:17.350 I/ReactNativeJS(18909): [rowprobe] item P70oMTqN6h0sqHZa h=212.00001525878906
08-09 00:08:23.444 I/ReactNativeJS(18909): [rowprobe] inner f7ifNvYcDndBhpVG h=220.00001525878906
08-09 00:08:23.446 I/ReactNativeJS(18909): [rowprobe] inner Ul6iMuDad0p0G6Il h=220
08-09 00:08:23.447 I/ReactNativeJS(18909): [rowprobe] item UMlu884lMhoAx412 h=212.00003051757812
08-09 00:08:23.448 I/ReactNativeJS(18909): [rowprobe] item pL0GnCoHDcXghhhW h=212.00003051757812
08-09 00:08:23.450 I/ReactNativeJS(18909): [rowprobe] item uEthzLoMb8NP1ZVl h=212
08-09 00:08:23.456 I/ReactNativeJS(18909): [rowprobe] item KT8FAi5J3511ZuJx h=212
08-09 00:08:23.457 I/ReactNativeJS(18909): [rowprobe] item ZHuG7qw7HXwu6k6V h=212.00003051757812
08-09 00:08:23.459 I/ReactNativeJS(18909): [rowprobe] inner Pf6Vd3fVHXWdfReo h=220
08-09 00:08:23.460 I/ReactNativeJS(18909): [rowprobe] item Z6AjOG6fsJN1Q5xZ h=212
08-09 00:08:23.461 I/ReactNativeJS(18909): [rowprobe] item XqiYLsLTXxrvVzLW h=212
08-09 00:08:23.463 I/ReactNativeJS(18909): [rowprobe] item eeCtW2u0xNvNRWWt h=212
08-09 00:08:23.687 I/ReactNativeJS(18909): [rowprobe] inner VxelVMfQNwMKtuX3 h=220
08-09 00:08:23.691 I/ReactNativeJS(18909): [rowprobe] item CGTjffJuU6qlfDh1 h=212
08-09 00:08:23.692 I/ReactNativeJS(18909): [rowprobe] item FzZUnzNVclQigcyE h=212
08-09 00:08:23.694 I/ReactNativeJS(18909): [rowprobe] item hjNCy2bHsytmSXIW h=212
08-09 00:08:23.769 I/ReactNativeJS(18909): [rowprobe] item CCs5Qn8iyRxOlvU1 h=212
08-09 00:08:53.880 I/ReactNativeJS(18909): [rowprobe] inner mDKvW4Pd0fjgpgZ8 h=220.00001525878906
08-09 00:08:53.884 I/ReactNativeJS(18909): [rowprobe] inner f7ifNvYcDndBhpVG h=220
08-09 00:08:53.889 I/ReactNativeJS(18909): [rowprobe] item UMlu884lMhoAx412 h=212
08-09 00:08:53.890 I/ReactNativeJS(18909): [rowprobe] item pL0GnCoHDcXghhhW h=212
08-09 00:08:53.891 I/ReactNativeJS(18909): [rowprobe] item ZHuG7qw7HXwu6k6V h=212
08-09 00:08:53.893 I/ReactNativeJS(18909): [rowprobe] inner Ul6iMuDad0p0G6Il h=220
08-09 00:08:53.894 I/ReactNativeJS(18909): [rowprobe] item uEthzLoMb8NP1ZVl h=212
08-09 00:08:53.896 I/ReactNativeJS(18909): [rowprobe] item KT8FAi5J3511ZuJx h=212
08-09 00:08:53.897 I/ReactNativeJS(18909): [rowprobe] item 8MA5VgXe1kMQ9Knd h=212.00001525878906
08-09 00:08:53.898 I/ReactNativeJS(18909): [rowprobe] item P70oMTqN6h0sqHZa h=212.00001525878906
08-09 00:08:53.900 I/ReactNativeJS(18909): [rowprobe] inner Pf6Vd3fVHXWdfReo h=220
08-09 00:08:53.901 I/ReactNativeJS(18909): [rowprobe] item Z6AjOG6fsJN1Q5xZ h=212
08-09 00:08:53.903 I/ReactNativeJS(18909): [rowprobe] item XqiYLsLTXxrvVzLW h=212
08-09 00:08:53.904 I/ReactNativeJS(18909): [rowprobe] item eeCtW2u0xNvNRWWt h=212
08-09 00:08:56.242 I/ReactNativeJS(18909): [rowprobe] item 8MA5VgXe1kMQ9Knd h=284.857177734375
08-09 00:08:56.246 I/ReactNativeJS(18909): [rowprobe] item P70oMTqN6h0sqHZa h=284.857177734375
08-09 00:08:56.249 I/ReactNativeJS(18909): [rowprobe] inner Pf6Vd3fVHXWdfReo h=220
08-09 00:08:56.250 I/ReactNativeJS(18909): [rowprobe] item Z6AjOG6fsJN1Q5xZ h=212
08-09 00:08:56.252 I/ReactNativeJS(18909): [rowprobe] item XqiYLsLTXxrvVzLW h=212
08-09 00:08:56.253 I/ReactNativeJS(18909): [rowprobe] item eeCtW2u0xNvNRWWt h=212
08-09 00:08:56.872 I/ReactNativeJS(18909): [rowprobe] inner mDKvW4Pd0fjgpgZ8 h=220.00001525878906
08-09 00:08:56.874 I/ReactNativeJS(18909): [rowprobe] item 8MA5VgXe1kMQ9Knd h=212.00001525878906
08-09 00:08:56.875 I/ReactNativeJS(18909): [rowprobe] item P70oMTqN6h0sqHZa h=212.00001525878906
08-09 00:10:37.676 I/ReactNativeJS(18909): [rowprobe] inner f7ifNvYcDndBhpVG h=220.00001525878906
08-09 00:10:37.680 I/ReactNativeJS(18909): [rowprobe] inner Ul6iMuDad0p0G6Il h=220
08-09 00:10:37.682 I/ReactNativeJS(18909): [rowprobe] item UMlu884lMhoAx412 h=212.00003051757812
08-09 00:10:37.684 I/ReactNativeJS(18909): [rowprobe] item pL0GnCoHDcXghhhW h=212.00003051757812
08-09 00:10:37.685 I/ReactNativeJS(18909): [rowprobe] item uEthzLoMb8NP1ZVl h=212
08-09 00:10:37.686 I/ReactNativeJS(18909): [rowprobe] item KT8FAi5J3511ZuJx h=212
08-09 00:10:37.688 I/ReactNativeJS(18909): [rowprobe] item ZHuG7qw7HXwu6k6V h=212.00003051757812
08-09 00:10:37.689 I/ReactNativeJS(18909): [rowprobe] inner Pf6Vd3fVHXWdfReo h=220
08-09 00:10:37.691 I/ReactNativeJS(18909): [rowprobe] item Z6AjOG6fsJN1Q5xZ h=212
08-09 00:10:37.692 I/ReactNativeJS(18909): [rowprobe] item XqiYLsLTXxrvVzLW h=212
08-09 00:10:37.694 I/ReactNativeJS(18909): [rowprobe] item eeCtW2u0xNvNRWWt h=212
08-09 00:10:37.926 I/ReactNativeJS(18909): [rowprobe] inner VxelVMfQNwMKtuX3 h=220
08-09 00:10:37.930 I/ReactNativeJS(18909): [rowprobe] item CGTjffJuU6qlfDh1 h=212
08-09 00:10:37.932 I/ReactNativeJS(18909): [rowprobe] item FzZUnzNVclQigcyE h=212
08-09 00:10:37.934 I/ReactNativeJS(18909): [rowprobe] item hjNCy2bHsytmSXIW h=212
08-09 00:10:38.009 I/ReactNativeJS(18909): [rowprobe] item CCs5Qn8iyRxOlvU1 h=212
08-09 00:12:06.206 W/ReactNativeJS(18909): [series] 0 books sit under no configured root and 1 have no first chapter — all dropped before detection, out of 352
08-09 00:12:07.003 I/ReactNativeJS(18909): [series] "Discworld"  41 books  (existing)
08-09 00:12:07.003 I/ReactNativeJS(18909):         #1  Discworld 01 - The Colour of Magic                      certain  alb.name-num-dash folder:name-corroborated split:number-collision(49% dupes -> 2 folders)
08-09 00:12:07.003 I/ReactNativeJS(18909):         #2  Discworld 02 - The Light Fantastic                      certain  alb.name-num-dash folder:name-corroborated split:number-collision(49% dupes -> 2 folders)
08-09 00:12:07.003 I/ReactNativeJS(18909):         #3  Discworld 03 - Equal Rites                              certain  alb.name-num-dash folder:name-corroborated split:number-collision(49% dupes -> 2 folders)
08-09 00:12:07.003 I/ReactNativeJS(18909):         #4  Discworld 04 - Mort                                     certain  alb.name-num-dash folder:name-corroborated split:number-collision(49% dupes -> 2 folders)
08-09 00:12:07.003 I/ReactNativeJS(18909):         #5  Discworld 05 - Sourcery                                 certain  alb.name-num-dash folder:name-corroborated split:number-collision(49% dupes -> 2 folders)
08-09 00:12:07.003 I/ReactNativeJS(18909):         #6  Discworld 06 -  Wyrd Sisters                            certain  alb.name-num-dash folder:name-corroborated split:number-collision(49% dupes -> 2 folders)
08-09 00:12:07.003 I/ReactNativeJS(18909):         #7  Discworld 07 - Pyramids                                 certain  alb.name-num-dash folder:name-corroborated split:number-collision(49% dupes -> 2 folders)
08-09 00:12:07.003 I/ReactNativeJS(18909):         #8  Discworld 08 - Guards! Guards!                          certain  alb.name-num-dash folder:name-corroborated split:number-collision(49% dupes -> 2 folders)
08-09 00:12:07.003 I/ReactNativeJS(18909):         #9  Discworld 09 - Eric                                     certain  alb.name-num-dash folder:name-corroborated split:number-collision(49% dupes -> 2 folders)
08-09 00:12:07.003 I/ReactNativeJS(18909):        #10  Discworld 10 - Moving Pictures                          certain  alb.name-num-dash folder:name-corroborated split:number-collision(49% dupes -> 2 folders)
08-09 00:12:07.003 I/ReactNativeJS(18909):        #11  Discworld 11 - Reaper Man                               certain  alb.name-num-dash folder:name-corroborated split:number-collision(49% dupes -> 2 folders)
08-09 00:12:07.003 I/ReactNativeJS(18909):        #12  Discworld 12 - Witches Abroad                           certain  alb.name-num-dash folder:name-corroborated split:number-collision(49% dupes -> 2 folders)
08-09 00:12:07.003 I/ReactNativeJS(18909):        #13  Discworld 13 - Small Gods                               certain  tag.Grouping+bare-num alb.name-num-dash folder:name-corroborated split:number-collision(49% dupes -> 2 folders)
08-09 00:12:07.003 I/ReactNativeJS(18909):        #14  Discworld 14 - Lords and Ladies                         certain  alb.name-num-dash folder:name-corroborated split:number-collision(49% dupes -> 2 folders)
08-09 00:12:07.003 I/ReactNativeJS(18909):        #15  Discworld 15 - Men At Arms                              certain  alb.name-num-dash folder:name-corroborated split:number-collision(49% dupes -> 2 folders)
08-09 00:12:07.003 I/ReactNativeJS(18909):        #16  Discworld 16 - Soul Music                               certain  alb.name-num-dash folder:name-corroborated split:number-collision(49% dupes -> 2 folders)
08-09 00:12:07.003 I/ReactNativeJS(18909):        #17  Discworld 17 - Interesting Times                        certain  alb.name-num-dash folder:name-corroborated split:number-collision(49% dupes -> 2 folders)
08-09 00:12:07.003 I/ReactNativeJS(18909):        #18  Discworld 18 - Maskerade                                certain  alb.name-num-dash folder:name-corroborated split:number-collision(49% dupes -> 2 folders)
08-09 00:12:07.003 I/ReactNativeJS(18909):        #19  Discworld 19 - Feet of Clay                             certain  alb.name-num-dash folder:name-corroborated split:number-collision(49% dupes -> 2 folders)
08-09 00:12:07.003 I/ReactNativeJS(18909):        #20  Discworld 20 - Hogfather                                certain  alb.name-num-dash folder:name-corroborated split:number-collision(49% dupes -> 2 folders)
08-09 00:12:07.003 I/ReactNativeJS(18909):        #21  Discworld 21 - Jingo                                    certain  alb.name-num-dash folder:name-corroborated split:number-collision(49% dupes -> 2 folders)
08-09 00:12:07.003 I/ReactNativeJS(18909):        #22  Discworld 22 - The Last Continent                       certain  alb.name-num-dash folder:name-corroborated split:number-collision(49% dupes -> 2 folders)
08-09 00:12:07.003 I/ReactNativeJS(18909):        #23  Discworld 23 - Carpe Jugulum                            certain  alb.name-num-dash folder:name-corroborated split:number-collision(49% dupes -> 2 folders)
08-09 00:12:07.003 I/ReactNativeJS(18909):        #24  Discworld 24 - The Fifth Elephant                       certain  alb.name-num-dash folder:name-corroborated split:number-collision(49% dupes -> 2 folders)
08-09 00:12:07.003 I/ReactNativeJS(18909):        #25  Discworld 25 - The Truth                                certain  alb.name-num-dash folder:name-corroborated split:number-collision(49% dupes -> 2 folders)
08-09 00:12:07.003 I/ReactNativeJS(18909):        #26  Discworld 26 - Thief of Time                            certain  alb.name-num-dash folder:name-corroborated split:number-collision(49% dupes -> 2 folders)
08-09 00:12:07.003 I/ReactNativeJS(18909):        #27  Discworld 27 - The Last Hero                            certain  alb.name-num-dash folder:name-corroborated split:number-collision(49% dupes -> 2 folders)
08-09 00:12:07.003 I/ReactNativeJS(18909):        #28  Discworld 28 - The Amazing Maurice and His Educated Ro  certain  alb.name-num-dash folder:name-corroborated split:number-collision(49% dupes -> 2 folders)
08-09 00:12:07.003 I/ReactNativeJS(18909):        #29  Discworld 29 - Night Watch                              certain  alb.name-num-dash folder:name-corroborated split:number-collision(49% dupes -> 2 folders)
08-09 00:12:07.003 I/ReactNativeJS(18909):        #30  Discworld 30 - The Wee Free Men                         certain  alb.name-num-dash folder:name-corroborated split:number-collision(49% dupes -> 2 folders)
08-09 00:12:07.003 I/ReactNativeJS(18909):        #31  Discworld 31 - Monstrous Regiment                       certain  alb.name-num-dash folder:name-corroborated split:number-collision(49% dupes -> 2 folders)
08-09 00:12:07.003 I/ReactNativeJS(18909):        #32  Discworld 32 - A Hat Full of Sky                        certain  alb.name-num-dash folder:name-corroborated split:number-collision(49% dupes -> 2 folders)
08-09 00:12:07.003 I/ReactNativeJS(18909):        #33  Discworld 33 - Going Postal                             certain  alb.name-num-dash folder:name-corroborated split:number-collision(49% dupes -> 2 folders)
08-09 00:12:07.003 I/ReactNativeJS(18909):        #34  Discworld 34 - Thud!                                    certain  alb.name-num-dash folder:name-corroborated split:number-collision(49% dupes -> 2 folders)
08-09 00:12:07.003 I/ReactNativeJS(18909):        #35  Discworld 35 - Wintersmith                              certain  alb.name-num-dash folder:name-corroborated split:number-collision(49% dupes -> 2 folders)
08-09 00:12:07.003 I/ReactNativeJS(18909):        #36  Discworld 36 - Making Money                             certain  alb.name-num-dash folder:name-corroborated split:number-collision(49% dupes -> 2 folders)
08-09 00:12:07.003 I/ReactNativeJS(18909):        #37  Discworld 37 - Unseen Academicals                       certain  tag.Grouping+bare-num alb.name-num-dash folder:name-corroborated split:number-collision(49% dupes -> 2 folders)
08-09 00:12:07.003 I/ReactNativeJS(18909):        #38  DW38-I Shall Wear Midnight                              possible folder:name-corroborated(37/41) num:folder split:number-collision(49% dupes -> 2 folders)
08-09 00:12:07.003 I/ReactNativeJS(18909):        #39  Snuff                                                   possible folder:name-corroborated(37/41) num:folder split:number-collision(49% dupes -> 2 folders)
08-09 00:12:07.003 I/ReactNativeJS(18909):        #40  Raising Steam                                           possible folder:name-corroborated(37/41) num:folder split:number-collision(49% dupes -> 2 folders)
08-09 00:12:07.003 I/ReactNativeJS(18909):        #41  The Shepherd's Crown                                    possible folder:name-corroborated(37/41) num:folder split:number-collision(49% dupes -> 2 folders)
08-09 00:12:07.007 I/ReactNativeJS(18909): [series] "Discworld (2022)"  39 books  (existing)
08-09 00:12:07.007 I/ReactNativeJS(18909):         #1  The Colour of Magic                                     possible folder:name-corroborated(10/39) num:folder split:number-collision(49% dupes -> 2 folders)
08-09 00:12:07.007 I/ReactNativeJS(18909):         #2  The Light Fantastic                                     possible folder:name-corroborated(10/39) num:folder split:number-collision(49% dupes -> 2 folders)
08-09 00:12:07.007 I/ReactNativeJS(18909):         #3  Equal Rites                                             possible folder:name-corroborated(10/39) num:folder split:number-collision(49% dupes -> 2 folders)
08-09 00:12:07.007 I/ReactNativeJS(18909):         #4  Mort (#4)                                               possible folder:name-corroborated(10/39) split:number-collision(49% dupes -> 2 folders)
08-09 00:12:07.007 I/ReactNativeJS(18909):         #5  Sourcery (#5)                                           possible folder:name-corroborated(10/39) split:number-collision(49% dupes -> 2 folders)
08-09 00:12:07.007 I/ReactNativeJS(18909):         #7  Pyramids: Discworld, Book 7                             certain  alb.book-suffix folder:name-corroborated split:number-collision(49% dupes -> 2 folders)
08-09 00:12:07.007 I/ReactNativeJS(18909):         #8  Guards! Guards! (Unabridged)                            possible folder:name-corroborated(10/39) num:folder split:number-collision(49% dupes -> 2 folders)
08-09 00:12:07.007 I/ReactNativeJS(18909):         #9  (#9) Eric                                               possible folder:name-corroborated(10/39) split:number-collision(49% dupes -> 2 folders)
08-09 00:12:07.007 I/ReactNativeJS(18909):        #10  Moving Pictures: Discworld, Book 10                     certain  alb.book-suffix folder:name-corroborated split:number-collision(49% dupes -> 2 folders)
08-09 00:12:07.007 I/ReactNativeJS(18909):        #11  (#11) Reaper Man                                        possible folder:name-corroborated(10/39) split:number-collision(49% dupes -> 2 folders)
08-09 00:12:07.007 I/ReactNativeJS(18909):        #12  Witches Abroad                                          possible folder:name-corroborated(10/39) num:folder split:number-collision(49% dupes -> 2 folders)
08-09 00:12:07.007 I/ReactNativeJS(18909):        #13  Small Gods (#13)                                        possible folder:name-corroborated(10/39) split:number-collision(49% dupes -> 2 folders)
08-09 00:12:07.007 I/ReactNativeJS(18909):        #14  Lords and Ladies                                        possible folder:name-corroborated(10/39) num:folder split:number-collision(49% dupes -> 2 folders)
08-09 00:12:07.007 I/ReactNativeJS(18909):        #15  Men at Arms (Unabridged)                                possible folder:name-corroborated(10/39) num:folder split:number-collision(49% dupes -> 2 folders)
08-09 00:12:07.007 I/ReactNativeJS(18909):        #16  (#16) Soul Music                                        possible folder:name-corroborated(10/39) split:number-collision(49% dupes -> 2 folders)
08-09 00:12:07.007 I/ReactNativeJS(18909):        #17  (#17) Interesting Times                                 possible folder:name-corroborated(10/39) split:number-collision(49% dupes -> 2 folders)
08-09 00:12:07.007 I/ReactNativeJS(18909):        #18  Maskerade                                               possible folder:name-corroborated(10/39) num:folder split:number-collision(49% dupes -> 2 folders)
08-09 00:12:07.007 I/ReactNativeJS(18909):        #19  Feet of Clay (Unabridged)                               possible folder:name-corroborated(10/39) num:folder split:number-collision(49% dupes -> 2 folders)
08-09 00:12:07.007 I/ReactNativeJS(18909):        #20  Hogfather: Discworld, Book 20                           certain  alb.book-suffix folder:name-corroborated split:number-collision(49% dupes -> 2 folders)
08-09 00:12:07.007 I/ReactNativeJS(18909):        #21  Jingo (Unabridged)                                      possible folder:name-corroborated(10/39) num:folder split:number-collision(49% dupes -> 2 folders)
08-09 00:12:07.007 I/ReactNativeJS(18909):        #22  The Last Continent: Discworld, Book 22                  certain  alb.book-suffix folder:name-corroborated split:number-collision(49% dupes -> 2 folders)
08-09 00:12:07.007 I/ReactNativeJS(18909):        #23  Carpe Jugulum                                           possible folder:name-corroborated(10/39) num:folder split:number-collision(49% dupes -> 2 folders)
08-09 00:12:07.007 I/ReactNativeJS(18909):        #24  The Fifth Elephant (Unabridged)                         possible folder:name-corroborated(10/39) num:folder split:number-collision(49% dupes -> 2 folders)
08-09 00:12:07.007 I/ReactNativeJS(18909):        #25  The Truth (Unabridged)                                  possible folder:name-corroborated(10/39) num:folder split:number-collision(49% dupes -> 2 folders)
08-09 00:12:07.007 I/ReactNativeJS(18909):        #26  Thief of Time (#26)                                     possible folder:name-corroborated(10/39) split:number-collision(49% dupes -> 2 folders)
08-09 00:12:07.007 I/ReactNativeJS(18909):        #28  The Amazing Maurice and His Educated Rodents (#28)      possible folder:name-corroborated(10/39) split:number-collision(49% dupes -> 2 folders)
08-09 00:12:07.007 I/ReactNativeJS(18909):        #29  Night Watch: Discworld, Book 29                         certain  alb.book-suffix folder:name-corroborated split:number-collision(49% dupes -> 2 folders)
08-09 00:12:07.007 I/ReactNativeJS(18909):        #30  The Wee Free Men: Discworld, Book 30                    certain  alb.book-suffix folder:name-corroborated split:number-collision(49% dupes -> 2 folders)
08-09 00:12:07.007 I/ReactNativeJS(18909):        #31  (#31) Monstrous Regiment                                possible folder:name-corroborated(10/39) split:number-collision(49% dupes -> 2 folders)
08-09 00:12:07.007 I/ReactNativeJS(18909):        #32  A Hat Full of Sky: Discworld, Book 32                   certain  alb.book-suffix folder:name-corroborated split:number-collision(49% dupes -> 2 folders)
08-09 00:12:07.007 I/ReactNativeJS(18909):        #33  Going Postal (Unabridged)                               possible folder:name-corroborated(10/39) num:folder split:number-collision(49% dupes -> 2 folders)
08-09 00:12:07.007 I/ReactNativeJS(18909):        #34  Thud!: Discworld, Book 34                               certain  alb.book-suffix folder:name-corroborated split:number-collision(49% dupes -> 2 folders)
08-09 00:12:07.007 I/ReactNativeJS(18909):        #35  Wintersmith: Discworld, Book 35                         certain  alb.book-suffix folder:name-corroborated split:number-collision(49% dupes -> 2 folders)
08-09 00:12:07.007 I/ReactNativeJS(18909):        #36  Making Money (Unabridged)                               possible folder:name-corroborated(10/39) num:folder split:number-collision(49% dupes -> 2 folders)
08-09 00:12:07.007 I/ReactNativeJS(18909):        #37  Unseen Academicals: Discworld Book, 37                  possible folder:name-corroborated(10/39) num:folder split:number-collision(49% dupes -> 2 folders)
08-09 00:12:07.007 I/ReactNativeJS(18909):        #38  I Shall Wear Midnight (Unabridged)                      possible folder:name-corroborated(10/39) num:folder split:number-collision(49% dupes -> 2 folders)
08-09 00:12:07.007 I/ReactNativeJS(18909):        #39  Snuff: Discworld, Book 39                               certain  alb.book-suffix folder:name-corroborated split:number-collision(49% dupes -> 2 folders)
08-09 00:12:07.007 I/ReactNativeJS(18909):        #40  Raising Steam (Unabridged)                              possible folder:name-corroborated(10/39) num:folder split:number-collision(49% dupes -> 2 folders)
08-09 00:12:07.007 I/ReactNativeJS(18909):        #41  The Shepherd's Crown (Unabridged)                       possible folder:name-corroborated(10/39) num:folder split:number-collision(49% dupes -> 2 folders)
08-09 00:12:07.008 I/ReactNativeJS(18909): [series] "Dresden Files"  22 books  (existing)
08-09 00:12:07.008 I/ReactNativeJS(18909):         #1  Storm Front: The Dresden Files, Book 1 (Unabridged)     certain  tag.extra.SERIES alb.book-suffix folder:name-corroborated
08-09 00:12:07.008 I/ReactNativeJS(18909):         #2  Fool Moon: The Dresden Files, Book 2 (Unabridged)       certain  tag.extra.SERIES alb.book-suffix folder:name-corroborated
08-09 00:12:07.008 I/ReactNativeJS(18909):         #3  Grave Peril: The Dresden Files, Book 3 (Unabridged)     certain  tag.extra.SERIES alb.book-suffix folder:name-corroborated
08-09 00:12:07.008 I/ReactNativeJS(18909):         #4  Summer Knight: The Dresden Files, Book 4 (Unabridged)   certain  tag.extra.SERIES alb.book-suffix folder:name-corroborated
08-09 00:12:07.008 I/ReactNativeJS(18909):         #5  Death Masks: The Dresden Files, Book 5 (Unabridged)     certain  tag.extra.SERIES alb.book-suffix folder:name-corroborated
08-09 00:12:07.008 I/ReactNativeJS(18909):         #6  Blood Rites: The Dresden Files, Book 6 (Unabridged)     certain  tag.extra.SERIES alb.book-suffix folder:name-corroborated
08-09 00:12:07.008 I/ReactNativeJS(18909):         #7  Dead Beat: The Dresden Files, Book 7 (Unabridged)       certain  tag.extra.SERIES alb.book-suffix folder:name-corroborated
08-09 00:12:07.008 I/ReactNativeJS(18909):         #8  Proven Guilty: The Dresden Files, Book 8 (Unabridged)   certain  tag.extra.SERIES alb.book-suffix folder:name-corroborated
08-09 00:12:07.008 I/ReactNativeJS(18909):         #9  White Night: The Dresden Files, Book 9 (Unabridged)     certain  tag.extra.SERIES alb.book-suffix folder:name-corroborated
08-09 00:12:07.008 I/ReactNativeJS(18909):        #10  The Dresden Files #10: Small Favor                      certain  tag.Grouping alb.hash-colon folder:name-corroborated
08-09 00:12:07.008 I/ReactNativeJS(18909):        #11  The Dresden Files #11: Turn Coat                        certain  tag.Grouping alb.hash-colon folder:name-corroborated
08-09 00:12:07.008 I/ReactNativeJS(18909):        #12  The Dresden Files #12: Changes                          certain  tag.Grouping alb.hash-colon folder:name-corroborated
08-09 00:12:07.008 I/ReactNativeJS(18909):      #12.5  The Dresden Files #12.5: Side Jobs                      certain  tag.Grouping alb.hash-colon folder:name-corroborated
08-09 00:12:07.008 I/ReactNativeJS(18909):        #13  The Dresden Files #13: Ghost Story                      certain  tag.Grouping alb.hash-colon folder:name-corroborated
08-09 00:12:07.008 I/ReactNativeJS(18909):        #14  The Dresden Files #14: Cold Days                        certain  tag.Grouping alb.hash-colon folder:name-corroborated
08-09 00:12:07.008 I/ReactNativeJS(18909):        #15  The Dresden Files #15: Skin Game                        certain  tag.Grouping alb.hash-colon folder:name-corroborated
08-09 00:12:07.008 I/ReactNativeJS(18909):      #15.5  Brief Cases (Unabridged)                                certain  tag.extra.SERIES folder:name-corroborated
08-09 00:12:07.008 I/ReactNativeJS(18909):        #16  Peace Talks (Unabridged)                                certain  tag.extra.SERIES folder:name-corroborated
08-09 00:12:07.008 I/ReactNativeJS(18909):        #17  Battle Ground (Unabridged)                              certain  tag.extra.SERIES folder:name-corroborated
08-09 00:12:07.008 I/ReactNativeJS(18909):      #17.5  The Law                                                 certain  tag.extra.SERIES folder:name-corroborated
08-09 00:12:07.008 I/ReactNativeJS(18909):        #18  Twelve Months (Unabridged)                              certain  tag.extra.SERIES folder:name-corroborated
08-09 00:12:07.008 I/ReactNativeJS(18909):          —  Heroic Hearts (Unabridged)                              possible folder:name-corroborated(21/22)
08-09 00:12:07.010 I/ReactNativeJS(18909): [series] "Demon Accords"  17 books  (existing)
08-09 00:12:07.010 I/ReactNativeJS(18909):         #1  Book 01 - God Touched - Demon Accords Series            certain  alb.book-dash-series folder:name-corroborated
08-09 00:12:07.010 I/ReactNativeJS(18909):         #1  Volume 01 - The Demon Accords Compendium                possible folder:name-corroborated(14/17)
08-09 00:12:07.010 I/ReactNativeJS(18909):         #2  Book 02 - Demon Driven - Demon Accords Series           certain  alb.book-dash-series folder:name-corroborated
08-09 00:12:07.010 I/ReactNativeJS(18909):         #2  Volume 02 - The Demon Accords Compendium                possible folder:name-corroborated(14/17)
08-09 00:12:07.010 I/ReactNativeJS(18909):         #3  Book 03 - Brutal Asset - Demon Accords Series           certain  alb.book-dash-series folder:name-corroborated
08-09 00:12:07.010 I/ReactNativeJS(18909):         #3  Volume 3 - The Demon Accords Compendium                 possible folder:name-corroborated(14/17)
08-09 00:12:07.010 I/ReactNativeJS(18909):       #3.5  Book 03.5 - Black Frost - Demon Accords Series          certain  alb.book-dash-series folder:name-corroborated
08-09 00:12:07.010 I/ReactNativeJS(18909):         #4  Book 04 - Duel Nature - Demon Accords Series            certain  alb.book-dash-series folder:name-corroborated
08-09 00:12:07.010 I/ReactNativeJS(18909):         #5  Book 05 - Fallen Stars - Demon Accords Series           certain  alb.book-dash-series folder:name-corroborated
08-09 00:12:07.010 I/ReactNativeJS(18909):         #6  Book 06 - Executable - Demon Accords Series             certain  alb.book-dash-series folder:name-corroborated
08-09 00:12:07.010 I/ReactNativeJS(18909):         #7  Book 07 - Forced Ascent - Demon Accords Series          certain  alb.book-dash-series folder:name-corroborated
08-09 00:12:07.010 I/ReactNativeJS(18909):         #8  Book 08 Part 1 - College Arcane - Demon Accords Series  certain  alb.book-dash-series folder:name-corroborated
08-09 00:12:07.010 I/ReactNativeJS(18909):         #8  Book 08 Part 2 - College Arcane - Demon Accords Series  certain  alb.book-dash-series folder:name-corroborated
08-09 00:12:07.010 I/ReactNativeJS(18909):         #9  Book 09 - God Hammer - Demon Accords Series             certain  alb.book-dash-series folder:name-corroborated
08-09 00:12:07.010 I/ReactNativeJS(18909):        #10  Book 10 - Rogues - Demon Accords Series                 certain  alb.book-dash-series folder:name-corroborated
08-09 00:12:07.010 I/ReactNativeJS(18909):        #11  Book 11 - Snake Eyes - Demon Accords Series             certain  alb.book-dash-series folder:name-corroborated
08-09 00:12:07.010 I/ReactNativeJS(18909):        #12  Book 12 - Winterfall - Demon Accords Series             certain  alb.book-dash-series folder:name-corroborated
08-09 00:12:07.011 I/ReactNativeJS(18909): [series] "Dungeon Crawler Carl"  8 books  (existing)
08-09 00:12:07.011 I/ReactNativeJS(18909):         #1  Dungeon Crawler Carl (Unabridged)                       certain  tag.extra.SERIES folder:name-corroborated
08-09 00:12:07.011 I/ReactNativeJS(18909):         #2  Carl's Doomsday Scenario: Dungeon Crawler Carl, Book 2  certain  alb.book-suffix folder:name-corroborated
08-09 00:12:07.011 I/ReactNativeJS(18909):         #3  The Dungeon Anarchist's Cookbook: Dungeon Crawler Carl  certain  alb.book-suffix folder:name-corroborated
08-09 00:12:07.011 I/ReactNativeJS(18909):         #4  The Gate of the Feral Gods: Dungeon Crawler Carl, Book  certain  alb.book-suffix folder:name-corroborated
08-09 00:12:07.011 I/ReactNativeJS(18909):         #5  The Butcher's Masquerade: Dungeon Crawler Carl, Book 5  certain  alb.book-suffix folder:name-corroborated
08-09 00:12:07.011 I/ReactNativeJS(18909):         #6  The Eye of the Bedlam Bride: Dungeon Crawler Carl, Boo  certain  alb.book-suffix folder:name-corroborated
08-09 00:12:07.011 I/ReactNativeJS(18909):         #7  This Inevitable Ruin                                    certain  tag.extra.SERIES folder:name-corroborated
08-09 00:12:07.011 I/ReactNativeJS(18909):          —  A Parade of Horribles                                   possible folder:name-corroborated(7/8)
08-09 00:12:07.013 I/ReactNativeJS(18909): [series] "The Dark Tower"  8 books  (existing)
08-09 00:12:07.013 I/ReactNativeJS(18909):         #1  The Dark Tower I: The Gunslinger                        certain  alb.roman folder:name-corroborated
08-09 00:12:07.013 I/ReactNativeJS(18909):         #2  The Dark Tower II: The Drawing Of The Three             certain  alb.roman folder:name-corroborated
08-09 00:12:07.013 I/ReactNativeJS(18909):         #4  The Dark Tower IV: Wizard & Glass                       certain  alb.roman folder:name-corroborated
08-09 00:12:07.013 I/ReactNativeJS(18909):         #5  The Dark Tower V: Wolves Of The Calla                   certain  alb.roman folder:name-corroborated
08-09 00:12:07.013 I/ReactNativeJS(18909):         #6  The Dark Tower VI: Song Of Susannah                     certain  alb.roman folder:name-corroborated
08-09 00:12:07.013 I/ReactNativeJS(18909):         #7  The Dark Tower VII: The Dark Tower                      certain  alb.roman folder:name-corroborated
08-09 00:12:07.013 I/ReactNativeJS(18909):          —  1991 - The Waste Lands (DT3 - read by Frank Muller)     possible folder:name-corroborated(6/8)
08-09 00:12:07.013 I/ReactNativeJS(18909):          —  LEGENDS - Stories by The Masters of Fantasy             possible folder:name-corroborated(6/8)
08-09 00:12:07.014 I/ReactNativeJS(18909): [series] "The First Law"  7 books  (existing)
08-09 00:12:07.014 I/ReactNativeJS(18909):         #1  01 - The Blade Itself                                   guess    folder:number-corroborated(7/7)
08-09 00:12:07.014 I/ReactNativeJS(18909):         #2  02 - Before They Are Hanged                             guess    folder:number-corroborated(7/7)
08-09 00:12:07.014 I/ReactNativeJS(18909):         #3  03 - Last Argument of Kings                             guess    folder:number-corroborated(7/7)
08-09 00:12:07.014 I/ReactNativeJS(18909):         #4  04 - Best Served Cold                                   guess    folder:number-corroborated(7/7)
08-09 00:12:07.014 I/ReactNativeJS(18909):         #5  05 - The Heroes                                         guess    folder:number-corroborated(7/7)
08-09 00:12:07.014 I/ReactNativeJS(18909):         #6  06 - Red Country                                        guess    folder:number-corroborated(7/7)
08-09 00:12:07.014 I/ReactNativeJS(18909):         #7  07 - Sharp Ends: Stories from the World of the First L  guess    folder:number-corroborated(7/7)
08-09 00:12:07.015 I/ReactNativeJS(18909): [series] "Mistborn"  6 books  (existing)
08-09 00:12:07.015 I/ReactNativeJS(18909):         #1  Mistborn 1 (Michael Kramer)                             likely   alb.name-num-sp
08-09 00:12:07.015 I/ReactNativeJS(18909):         #2  Mistborn 2 (Michael Kramer)                             likely   alb.name-num-sp
08-09 00:12:07.015 I/ReactNativeJS(18909):         #3  Mistborn 3 (Michael Kramer)                             likely   alb.name-num-sp
08-09 00:12:07.015 I/ReactNativeJS(18909):         #4  Mistborn 4 (Michael Kramer)                             likely   alb.name-num-sp
08-09 00:12:07.015 I/ReactNativeJS(18909):         #5  Mistborn 5 (Michael Kramer)                             likely   alb.name-num-sp
08-09 00:12:07.015 I/ReactNativeJS(18909):         #6  Mistborn 6 (Michael Kramer)                             likely   alb.name-num-sp
08-09 00:12:07.016 I/ReactNativeJS(18909): [series] "Shadow Saga"  6 books  (existing)
08-09 00:12:07.016 I/ReactNativeJS(18909):         #1  Shadow 1 - Ender's Shadow                               certain  alb.name-num-dash folder:name-corroborated
08-09 00:12:07.016 I/ReactNativeJS(18909):         #3  Shadow 3 - Shadow Puppets                               certain  alb.name-num-dash folder:name-corroborated
08-09 00:12:07.016 I/ReactNativeJS(18909):         #6  Shadow of the Hegemon                                   possible folder:name-corroborated(2/6) num:folder
08-09 00:12:07.016 I/ReactNativeJS(18909):         #8  008 - Shadow of the Giant                               possible folder:name-corroborated(2/6)
08-09 00:12:07.016 I/ReactNativeJS(18909):         #9  Shadows in Flight                                       possible folder:name-corroborated(2/6) num:folder
08-09 00:12:07.016 I/ReactNativeJS(18909):        #10  The Last Shadow: Other Tales from the Ender Universe    possible folder:name-corroborated(2/6) num:folder
08-09 00:12:07.018 I/ReactNativeJS(18909): [series] "Bobiverse"  5 books  (new)
08-09 00:12:07.018 I/ReactNativeJS(18909):         #1  Bobiverse 01 We Are Legion (We Are Bob)                 certain  alb.name-num-sp folder:name-corroborated
08-09 00:12:07.018 I/ReactNativeJS(18909):         #2  Bobiverse 02 For We Are Many                            certain  alb.name-num-sp folder:name-corroborated
08-09 00:12:07.018 I/ReactNativeJS(18909):         #3  Bobiverse 03 All These Worlds                           certain  alb.name-num-sp folder:name-corroborated
08-09 00:12:07.018 I/ReactNativeJS(18909):         #4  Bobiverse 04 Heaven's River                             certain  alb.name-num-sp folder:name-corroborated
08-09 00:12:07.018 I/ReactNativeJS(18909):         #5  Bobiverse 05 Not Till We Are Lost                       certain  alb.name-num-sp folder:name-corroborated
08-09 00:12:07.019 I/ReactNativeJS(18909): [series] "Long Earth"  5 books  (existing)
08-09 00:12:07.019 I/ReactNativeJS(18909):         #1  (Long Earth 01) The Long Earth                          certain  alb.paren-pre folder:name-corroborated
08-09 00:12:07.019 I/ReactNativeJS(18909):         #2  (Long Earth 02) The Long War                            certain  alb.paren-pre folder:name-corroborated
08-09 00:12:07.019 I/ReactNativeJS(18909):         #3  (Long Earth 03) The Long Mars                           certain  alb.paren-pre folder:name-corroborated
08-09 00:12:07.019 I/ReactNativeJS(18909):         #4  (Long Earth 04) The Long Utopia                         certain  alb.paren-pre folder:name-corroborated
08-09 00:12:07.019 I/ReactNativeJS(18909):         #5  (Long Earth 05) The Long Cosmos                         certain  alb.paren-pre folder:name-corroborated
08-09 00:12:07.020 I/ReactNativeJS(18909): [series] "Lockwood and Co."  4 books  (existing)
08-09 00:12:07.020 I/ReactNativeJS(18909):         #1  Lockwood and Co Book 1 - The Screaming Staircase        certain  alb.series-book-n folder:name-corroborated
08-09 00:12:07.020 I/ReactNativeJS(18909):         #2  Lockwood and Co Book 2 - The Whispering Skull           certain  alb.series-book-n folder:name-corroborated
08-09 00:12:07.020 I/ReactNativeJS(18909):         #3  Lockwood and Co Book 3 - The Hollow Boy                 certain  alb.series-book-n folder:name-corroborated
08-09 00:12:07.020 I/ReactNativeJS(18909):         #5  Lockwood & Co: The Empty Grave (Unabridged)             possible folder:name-corroborated(3/5) num:folder
08-09 00:12:07.021 I/ReactNativeJS(18909): [series] "Memory, Sorrow & Thorn"  4 books  (existing)
08-09 00:12:07.021 I/ReactNativeJS(18909):         #1  01 The Dragonbone Chair                                 guess    folder:number-corroborated(4/4)
08-09 00:12:07.021 I/ReactNativeJS(18909):         #2  02 The Stone of Farewell                                guess    folder:number-corroborated(4/4)
08-09 00:12:07.021 I/ReactNativeJS(18909):         #3  03 To Green Angel Tower - Siege                         guess    folder:number-corroborated(4/4)
08-09 00:12:07.021 I/ReactNativeJS(18909):         #4  04 To Green Angel Tower - Storm                         guess    folder:number-corroborated(4/4)
08-09 00:12:07.022 I/ReactNativeJS(18909): [series] "The Murderbot Diaries"  4 books  (existing)
08-09 00:12:07.022 I/ReactNativeJS(18909):         #3  Rogue Protocol: The Murderbot Diaries, Book 3           likely   alb.book-suffix
08-09 00:12:07.022 I/ReactNativeJS(18909):         #5  Network Effect                                          certain  tag.extra.SERIES
08-09 00:12:07.022 I/ReactNativeJS(18909):         #6  The Murderbot Diaries 6: Fugitive Telemetry             likely   alb.name-num-dash
08-09 00:12:07.022 I/ReactNativeJS(18909):         #7  Martha Wells - The Murderbot Diaries 07 - System Colla  likely   alb.name-num-dash
08-09 00:12:07.024 I/ReactNativeJS(18909): [series] "Bromeliad"  3 books  (existing)
08-09 00:12:07.024 I/ReactNativeJS(18909):         #1  Bromeliad 01 - Truckers                                 certain  alb.name-num-dash folder:name-corroborated
08-09 00:12:07.024 I/ReactNativeJS(18909):         #2  Bromeliad 02 - Diggers                                  certain  alb.name-num-dash folder:name-corroborated
08-09 00:12:07.024 I/ReactNativeJS(18909):         #3  Bromeliad 03 - Wings                                    certain  alb.name-num-dash folder:name-corroborated
08-09 00:12:07.025 I/ReactNativeJS(18909): [series] "Crouch, B"  3 books  (existing)
08-09 00:12:07.025 I/ReactNativeJS(18909):         #1  Crouch, B: 1 Pines                                      likely   alb.name-num-sp
08-09 00:12:07.025 I/ReactNativeJS(18909):         #2  Crouch, B: 2 Wayward                                    likely   alb.name-num-sp
08-09 00:12:07.025 I/ReactNativeJS(18909):         #3  Crouch, B: 3 The Last Town                              likely   alb.name-num-sp
08-09 00:12:07.026 I/ReactNativeJS(18909): [series] "Lord of the Rings"  3 books  (existing)
08-09 00:12:07.026 I/ReactNativeJS(18909):         #1  The Fellowship of the Ring: Lord of the Rings, Book 1   likely   alb.book-suffix
08-09 00:12:07.026 I/ReactNativeJS(18909):         #2  The Two Towers: Lord of the Rings, Book 2               likely   alb.book-suffix
08-09 00:12:07.026 I/ReactNativeJS(18909):         #3  The Return of the King: Lord of the Rings, Book 3       likely   alb.book-suffix
08-09 00:12:07.027 I/ReactNativeJS(18909): [series] "The Age of Madness"  3 books  (existing)
08-09 00:12:07.027 I/ReactNativeJS(18909):         #1  01 - A Little Hatred                                    guess    folder:number-corroborated(3/3)
08-09 00:12:07.027 I/ReactNativeJS(18909):         #2  02 - The Trouble with Peace                             guess    folder:number-corroborated(3/3)
08-09 00:12:07.027 I/ReactNativeJS(18909):         #3  03 - The Wisdom of Crowds                               guess    folder:number-corroborated(3/3)
08-09 00:12:07.028 I/ReactNativeJS(18909): [series] "The Silo Saga"  3 books  (existing)
08-09 00:12:07.028 I/ReactNativeJS(18909):         #1  Wool: The Silo Saga, Book 1                             certain  tag.Grouping alb.book-suffix folder:name-corroborated
08-09 00:12:07.028 I/ReactNativeJS(18909):         #2  Shift: The Silo Saga, Book 2                            certain  alb.book-suffix folder:name-corroborated
08-09 00:12:07.028 I/ReactNativeJS(18909):         #3  Dust: The Silo Saga, Book 3                             certain  alb.book-suffix folder:name-corroborated
08-09 00:12:07.029 I/ReactNativeJS(18909): [series] "TMC"  3 books  (existing)
08-09 00:12:07.029 I/ReactNativeJS(18909):         #1  TMC 01 Thursday Murder Club                             likely   alb.name-num-sp
08-09 00:12:07.029 I/ReactNativeJS(18909):         #2  TMC 02 The Man Who Died Twice                           likely   alb.name-num-sp
08-09 00:12:07.029 I/ReactNativeJS(18909):         #3  TMC 03 The Bullet That Missed                           likely   alb.name-num-sp
08-09 00:12:07.031 I/ReactNativeJS(18909): [series] "Cerulean Chronicles"  2 books  (existing)
08-09 00:12:07.031 I/ReactNativeJS(18909):         #1  Cerulean Chronicles 01 - The House in the Cerulean Sea  certain  tag.extra.SERIES alb.name-num-dash
08-09 00:12:07.031 I/ReactNativeJS(18909):         #2  Cerulean Chronicles 02 - Somewhere Beyond the Sea       certain  tag.extra.SERIES alb.name-num-dash
08-09 00:12:07.032 I/ReactNativeJS(18909): [series] "Kingkiller Chronicle"  2 books  (existing)
08-09 00:12:07.032 I/ReactNativeJS(18909):         #1  Kingkiller Chronicle 01 The Name of the Wind            likely   alb.name-num-sp
08-09 00:12:07.032 I/ReactNativeJS(18909):         #2  Kingkiller Chronicle 02 The Wise Man's Fear             likely   alb.name-num-sp
08-09 00:12:07.033 I/ReactNativeJS(18909): [series] "Red Rising"  2 books  (existing)
08-09 00:12:07.033 I/ReactNativeJS(18909):         #5  Red Rising, Book 5 - Dark Age                           likely   alb.series-book-n
08-09 00:12:07.033 I/ReactNativeJS(18909):         #6  Light Bringer: Red Rising, Book 6                       likely   alb.book-suffix
08-09 00:12:07.034 I/ReactNativeJS(18909): [series] detection (conservative): 351 units → 23 series, 200 books placed · created 1 (5 rows) · inserted 0 · removed 0 · skipped 0 · 894ms
08-09 00:12:07.042 I/ReactNativeJS(18909): [rowprobe] inner BW5UGo0lMPVJ730T h=220.00001525878906
08-09 00:12:07.044 I/ReactNativeJS(18909): [rowprobe] inner f7ifNvYcDndBhpVG h=220
08-09 00:12:07.045 I/ReactNativeJS(18909): [rowprobe] item wJWi2xxHcY4WzHBi h=212.00003051757812
08-09 00:12:07.046 I/ReactNativeJS(18909): [rowprobe] item 5W3iLmceDVYF2taj h=212.00003051757812
08-09 00:12:07.054 I/ReactNativeJS(18909): [rowprobe] item UMlu884lMhoAx412 h=212
08-09 00:12:07.056 I/ReactNativeJS(18909): [rowprobe] item pL0GnCoHDcXghhhW h=212
08-09 00:12:07.057 I/ReactNativeJS(18909): [rowprobe] item rRI8x78GqZp5HOTr h=212.00003051757812
08-09 00:12:07.058 I/ReactNativeJS(18909): [rowprobe] item ZHuG7qw7HXwu6k6V h=212
08-09 00:12:07.060 I/ReactNativeJS(18909): [rowprobe] inner Ul6iMuDad0p0G6Il h=220
08-09 00:12:07.061 I/ReactNativeJS(18909): [rowprobe] item uEthzLoMb8NP1ZVl h=212
08-09 00:12:07.063 I/ReactNativeJS(18909): [rowprobe] item KT8FAi5J3511ZuJx h=212
08-09 00:12:07.405 I/ReactNativeJS(18909): [rowprobe] item P70oMTqN6h0sqHZa h=212.00001525878906
08-09 00:12:07.412 I/ReactNativeJS(18909): [rowprobe] inner Pf6Vd3fVHXWdfReo h=220
08-09 00:12:07.414 I/ReactNativeJS(18909): [rowprobe] item Z6AjOG6fsJN1Q5xZ h=212
08-09 00:12:07.416 I/ReactNativeJS(18909): [rowprobe] item XqiYLsLTXxrvVzLW h=212
08-09 00:12:07.417 I/ReactNativeJS(18909): [rowprobe] item eeCtW2u0xNvNRWWt h=212
08-09 00:16:30.404 I/ReactNativeJS(18909): [rowprobe] inner f7ifNvYcDndBhpVG h=220.00001525878906
08-09 00:16:30.406 I/ReactNativeJS(18909): [rowprobe] inner Ul6iMuDad0p0G6Il h=220
08-09 00:16:30.407 I/ReactNativeJS(18909): [rowprobe] item UMlu884lMhoAx412 h=212.00003051757812
08-09 00:16:30.409 I/ReactNativeJS(18909): [rowprobe] item pL0GnCoHDcXghhhW h=212.00003051757812
08-09 00:16:30.410 I/ReactNativeJS(18909): [rowprobe] item uEthzLoMb8NP1ZVl h=212
08-09 00:16:30.411 I/ReactNativeJS(18909): [rowprobe] item KT8FAi5J3511ZuJx h=212
08-09 00:16:30.412 I/ReactNativeJS(18909): [rowprobe] item ZHuG7qw7HXwu6k6V h=212.00003051757812
08-09 00:16:30.414 I/ReactNativeJS(18909): [rowprobe] inner Pf6Vd3fVHXWdfReo h=220
08-09 00:16:30.416 I/ReactNativeJS(18909): [rowprobe] item Z6AjOG6fsJN1Q5xZ h=212
08-09 00:16:30.417 I/ReactNativeJS(18909): [rowprobe] item XqiYLsLTXxrvVzLW h=212
08-09 00:16:30.419 I/ReactNativeJS(18909): [rowprobe] item eeCtW2u0xNvNRWWt h=212
08-09 00:16:30.654 I/ReactNativeJS(18909): [rowprobe] inner VxelVMfQNwMKtuX3 h=220
08-09 00:16:30.657 I/ReactNativeJS(18909): [rowprobe] item CGTjffJuU6qlfDh1 h=212
08-09 00:16:30.659 I/ReactNativeJS(18909): [rowprobe] item FzZUnzNVclQigcyE h=212
08-09 00:16:30.661 I/ReactNativeJS(18909): [rowprobe] item hjNCy2bHsytmSXIW h=212
08-09 00:16:30.728 I/ReactNativeJS(18909): [rowprobe] item CCs5Qn8iyRxOlvU1 h=212
08-09 00:16:32.076 I/ReactNativeJS(18909): [rowprobe] inner Jk3XVKqYZIwY02hG h=220
08-09 00:16:32.080 I/ReactNativeJS(18909): [rowprobe] item oNGnV9zqdf36tbVi h=212
08-09 00:16:32.082 I/ReactNativeJS(18909): [rowprobe] item TAIveyjGZll0d48D h=212
08-09 00:16:32.083 I/ReactNativeJS(18909): [rowprobe] item taSdGrIRwTWQrgGK h=212
08-09 00:16:32.085 I/ReactNativeJS(18909): [rowprobe] item WoQiue03qoB5QlcD h=212
08-09 00:16:32.086 I/ReactNativeJS(18909): [rowprobe] item v7nGfK1isFl3ZBQZ h=212
08-09 00:16:32.183 I/ReactNativeJS(18909): [rowprobe] item pALvCowATOeUUybf h=212
08-09 00:16:32.185 I/ReactNativeJS(18909): [rowprobe] item iO8dbgn17VF8ZpbV h=212
08-09 00:16:36.132 I/ReactNativeJS(18909): [rowprobe] inner f7ifNvYcDndBhpVG h=220.00001525878906
08-09 00:16:36.134 I/ReactNativeJS(18909): [rowprobe] inner Ul6iMuDad0p0G6Il h=220
08-09 00:16:36.136 I/ReactNativeJS(18909): [rowprobe] item UMlu884lMhoAx412 h=212.00003051757812
08-09 00:16:36.137 I/ReactNativeJS(18909): [rowprobe] item pL0GnCoHDcXghhhW h=212.00003051757812
08-09 00:16:36.138 I/ReactNativeJS(18909): [rowprobe] item uEthzLoMb8NP1ZVl h=212
08-09 00:16:36.140 I/ReactNativeJS(18909): [rowprobe] item KT8FAi5J3511ZuJx h=212
08-09 00:16:36.141 I/ReactNativeJS(18909): [rowprobe] item ZHuG7qw7HXwu6k6V h=212.00003051757812
08-09 00:16:36.142 I/ReactNativeJS(18909): [rowprobe] inner VxelVMfQNwMKtuX3 h=220
08-09 00:16:36.144 I/ReactNativeJS(18909): [rowprobe] item CGTjffJuU6qlfDh1 h=212
08-09 00:16:36.149 I/ReactNativeJS(18909): [rowprobe] item FzZUnzNVclQigcyE h=212
08-09 00:16:36.151 I/ReactNativeJS(18909): [rowprobe] item hjNCy2bHsytmSXIW h=212
08-09 00:16:36.465 I/ReactNativeJS(18909): [rowprobe] item CCs5Qn8iyRxOlvU1 h=212
08-09 00:16:36.466 I/ReactNativeJS(18909): [rowprobe] inner Jk3XVKqYZIwY02hG h=220
08-09 00:16:36.470 I/ReactNativeJS(18909): [rowprobe] item oNGnV9zqdf36tbVi h=212
08-09 00:16:36.472 I/ReactNativeJS(18909): [rowprobe] item TAIveyjGZll0d48D h=212
08-09 00:16:36.473 I/ReactNativeJS(18909): [rowprobe] item taSdGrIRwTWQrgGK h=212
08-09 00:16:36.474 I/ReactNativeJS(18909): [rowprobe] item WoQiue03qoB5QlcD h=212
08-09 00:16:36.476 I/ReactNativeJS(18909): [rowprobe] item v7nGfK1isFl3ZBQZ h=212
08-09 00:16:36.569 I/ReactNativeJS(18909): [rowprobe] item pALvCowATOeUUybf h=212
08-09 00:16:36.570 I/ReactNativeJS(18909): [rowprobe] item iO8dbgn17VF8ZpbV h=212
08-09 00:29:41.002 E/ReactNativeJS(18909): { [ReferenceError: Property 'removedSeriesCount' doesn't exist]
08-09 00:29:41.002 E/ReactNativeJS(18909):   componentStack: '\n    at LibrarySettingsScreen (http://192.168.1.189:8081/src/app/(settings)/library.bundle//&platform=android&dev=true&hot=false&lazy=true&transform.engine=hermes&transform.bytecode=1&transform.routerRoot=src%2Fapp&transform.reactCompiler=true&unstable_transformProfile=hermes-stable&minify=false&modulesOnly=true&runModule=false&shallow=true:92:49)\n    at WrappedScreenComponent (http://192.168.1.189:8081/index.bundle//&platform=android&dev=true&hot=false&lazy=true&transform.engine=hermes&transform.bytecode=1&transform.routerRoot=src%2Fapp&transform.reactCompiler=true&unstable_transformProfile=hermes-stable:261084:49)\n    at Suspense (<anonymous>)\n    at ZoomTransitionTargetContextProvider (http://192.168.1.189:8081/index.bundle//&platform=android&dev=true&hot=false&lazy=true&transform.engine=hermes&transform.bytecode=1&transform.routerRoot=src%2Fapp&transform.reactCompiler=true&unstable_transformProfile=hermes-stable:261362:25)\n    at Route (http://192.168.1.189:8081/index.bundle//&platform=android&dev=true&hot=false&lazy=true&transform.engine=hermes&transform.bytecode=1&transform.routerRoot=src%2Fapp&transform.reactCompiler=true&unstable_transformProfile=hermes-stable:255503:24)\n    at Route(library) (http://192.168.1.189:8081/index.bundle//&platform=android&dev=true&hot=false&lazy=true&transform.engine=hermes&transform.bytecode=1&transform.routerRoot=src%2Fapp&transform.reactCompiler=true&unstable_transformProfile=hermes-stable:261094:24)\n    at StaticContainer (http://192.168.1.189:8081/index.bundle//&platform=android&dev=true&hot=false&lazy=true&transform.engine=hermes&transform.bytecode=1&transform.routerRoot=src%2Fapp&transform.reactCompiler=true&unstable_transformProfile=hermes-stable:251768:17)\n    at EnsureSingleNavigator (http://192.168.1.189:8081/index.bundle//&platform=android&dev=true&hot=false&lazy=true&transform.engine=hermes&transform.bytecode=1&transform.routerRoot=src%2Fapp&transform.reactCompiler=true&unstable_transformProfile=hermes-stable:246541:24)\n    at SceneView (http://192.168.1.189:8081/index.bundle//&platform=android&dev=true&hot=false&lazy=true&transform.engine=hermes&transform.bytecode=1&transform.routerRoot=src%2Fapp&transform.reactCompiler=true&unstable_transformProfile=hermes-stable:251561:22)\n    at RNSScreenContentWrapper (<anonymous>)\n    at ScreenContentWrapper (<anonymous>)\n    at DebugContainer (http://192.168.1.189:8081/index.bundle//&platform=android&dev=true&hot=false&lazy=true&transform.engine=hermes&transform.bytecode=1&transform.routerRoot=src%2Fapp&transform.reactCompiler=true&unstable_transformProfile=hermes-stable:270647:31)\n    at RNSScreen (<anonymous>)\n    at Animated(Anonymous) (http://192.168.1.189:8081/index.bundle//&platform=android&dev=true&hot=false&lazy=true&transform.engine=hermes&transform.bytecode=1&transform.routerRoot=src%2Fapp&transform.reactCompiler=true&unstable_transformProfile=hermes-stable:72234:30)\n    at Suspender (http://192.168.1.189:8081/index.bundle//&platform=android&dev=true&hot=false&lazy=true&transform.engine=hermes&transform.bytecode=1&transform.routerRoot=src%2Fapp&transform.reactCompiler=true&unstable_transformProfile=hermes-stable:268739:22)\n    at Suspense (<anonymous>)\n    at Freeze (http://192.168.1.189:8081/index.bundle//&platform=android&dev=true&hot=false&lazy=true&transform.engine=hermes&transform.bytecode=1&transform.routerRoot=src%2Fapp&transform.reactCompiler=true&unstable_transformProfile=hermes-stable:268753:23)\n    at DelayedFreeze (http://192.168.1.189:8081/index.bundle//&platform=android&dev=true&hot=false&lazy=true&transform.engine=hermes&transform.bytecode=1&transform.routerRoot=src%2Fapp&transform.reactCompiler=true&unstable_transformProfile=hermes-stable:268699:22)\n    at InnerScreen (http://192.168.1.189:8081/index.bundle//&platform=android&dev=true&hot=false&lazy=true&transform.engine=hermes&transform.bytecode=1&transform.routerRoot=src%2Fapp&transform.reactCompiler=true&unstable_transformProfile=hermes-stab
08-09 00:29:41.002 E/ReactNativeJS(18909):   isComponentError: true }, { [Stack] name: 'Stack' }
08-09 00:29:44.779 E/ReactNativeJS(18909): { [ReferenceError: Property 'removedSeriesCount' doesn't exist]
08-09 00:29:44.779 E/ReactNativeJS(18909):   componentStack: '\n    at LibrarySettingsScreen(./(settings)/library.tsx) (http://192.168.1.189:8081/src/app/(settings)/library.bundle//&platform=android&dev=true&hot=false&lazy=true&transform.engine=hermes&transform.bytecode=1&transform.routerRoot=src%2Fapp&transform.reactCompiler=true&unstable_transformProfile=hermes-stable&minify=false&modulesOnly=true&runModule=false&shallow=true:92:49)\n    at WrappedScreenComponent (http://192.168.1.189:8081/index.bundle//&platform=android&dev=true&hot=false&lazy=true&transform.engine=hermes&transform.bytecode=1&transform.routerRoot=src%2Fapp&transform.reactCompiler=true&unstable_transformProfile=hermes-stable:261084:49)\n    at Suspense (<anonymous>)\n    at ZoomTransitionTargetContextProvider (http://192.168.1.189:8081/index.bundle//&platform=android&dev=true&hot=false&lazy=true&transform.engine=hermes&transform.bytecode=1&transform.routerRoot=src%2Fapp&transform.reactCompiler=true&unstable_transformProfile=hermes-stable:261362:25)\n    at Route (http://192.168.1.189:8081/index.bundle//&platform=android&dev=true&hot=false&lazy=true&transform.engine=hermes&transform.bytecode=1&transform.routerRoot=src%2Fapp&transform.reactCompiler=true&unstable_transformProfile=hermes-stable:255503:24)\n    at Route(library) (http://192.168.1.189:8081/index.bundle//&platform=android&dev=true&hot=false&lazy=true&transform.engine=hermes&transform.bytecode=1&transform.routerRoot=src%2Fapp&transform.reactCompiler=true&unstable_transformProfile=hermes-stable:261094:24)\n    at StaticContainer (http://192.168.1.189:8081/index.bundle//&platform=android&dev=true&hot=false&lazy=true&transform.engine=hermes&transform.bytecode=1&transform.routerRoot=src%2Fapp&transform.reactCompiler=true&unstable_transformProfile=hermes-stable:251768:17)\n    at EnsureSingleNavigator (http://192.168.1.189:8081/index.bundle//&platform=android&dev=true&hot=false&lazy=true&transform.engine=hermes&transform.bytecode=1&transform.routerRoot=src%2Fapp&transform.reactCompiler=true&unstable_transformProfile=hermes-stable:246541:24)\n    at SceneView (http://192.168.1.189:8081/index.bundle//&platform=android&dev=true&hot=false&lazy=true&transform.engine=hermes&transform.bytecode=1&transform.routerRoot=src%2Fapp&transform.reactCompiler=true&unstable_transformProfile=hermes-stable:251561:22)\n    at RNSScreenContentWrapper (<anonymous>)\n    at ScreenContentWrapper (<anonymous>)\n    at DebugContainer (http://192.168.1.189:8081/index.bundle//&platform=android&dev=true&hot=false&lazy=true&transform.engine=hermes&transform.bytecode=1&transform.routerRoot=src%2Fapp&transform.reactCompiler=true&unstable_transformProfile=hermes-stable:270647:31)\n    at RNSScreen (<anonymous>)\n    at Animated(Anonymous) (http://192.168.1.189:8081/index.bundle//&platform=android&dev=true&hot=false&lazy=true&transform.engine=hermes&transform.bytecode=1&transform.routerRoot=src%2Fapp&transform.reactCompiler=true&unstable_transformProfile=hermes-stable:72234:30)\n    at Suspender (http://192.168.1.189:8081/index.bundle//&platform=android&dev=true&hot=false&lazy=true&transform.engine=hermes&transform.bytecode=1&transform.routerRoot=src%2Fapp&transform.reactCompiler=true&unstable_transformProfile=hermes-stable:268739:22)\n    at Suspense (<anonymous>)\n    at Freeze (http://192.168.1.189:8081/index.bundle//&platform=android&dev=true&hot=false&lazy=true&transform.engine=hermes&transform.bytecode=1&transform.routerRoot=src%2Fapp&transform.reactCompiler=true&unstable_transformProfile=hermes-stable:268753:23)\n    at DelayedFreeze (http://192.168.1.189:8081/index.bundle//&platform=android&dev=true&hot=false&lazy=true&transform.engine=hermes&transform.bytecode=1&transform.routerRoot=src%2Fapp&transform.reactCompiler=true&unstable_transformProfile=hermes-stable:268699:22)\n    at InnerScreen (http://192.168.1.189:8081/index.bundle//&platform=android&dev=true&hot=false&lazy=true&transform.engine=hermes&transform.bytecode=1&transform.routerRoot=src%2Fapp&transform.reactCompiler=true&unstable_tr
08-09 00:29:44.779 E/ReactNativeJS(18909):   isComponentError: true }, { [Stack] name: 'Stack' }
08-09 00:29:51.292 E/ReactNativeJS(18909): { [ReferenceError: Property 'removedSeriesCount' doesn't exist]
08-09 00:29:51.292 E/ReactNativeJS(18909):   componentStack: '\n    at LibrarySettingsScreen(./(settings)/library.tsx) (http://192.168.1.189:8081/src/app/(settings)/library.bundle//&platform=android&dev=true&hot=false&lazy=true&transform.engine=hermes&transform.bytecode=1&transform.routerRoot=src%2Fapp&transform.reactCompiler=true&unstable_transformProfile=hermes-stable&minify=false&modulesOnly=true&runModule=false&shallow=true:92:49)\n    at WrappedScreenComponent (http://192.168.1.189:8081/index.bundle//&platform=android&dev=true&hot=false&lazy=true&transform.engine=hermes&transform.bytecode=1&transform.routerRoot=src%2Fapp&transform.reactCompiler=true&unstable_transformProfile=hermes-stable:261084:49)\n    at Suspense (<anonymous>)\n    at ZoomTransitionTargetContextProvider (http://192.168.1.189:8081/index.bundle//&platform=android&dev=true&hot=false&lazy=true&transform.engine=hermes&transform.bytecode=1&transform.routerRoot=src%2Fapp&transform.reactCompiler=true&unstable_transformProfile=hermes-stable:261362:25)\n    at Route (http://192.168.1.189:8081/index.bundle//&platform=android&dev=true&hot=false&lazy=true&transform.engine=hermes&transform.bytecode=1&transform.routerRoot=src%2Fapp&transform.reactCompiler=true&unstable_transformProfile=hermes-stable:255503:24)\n    at Route(library) (http://192.168.1.189:8081/index.bundle//&platform=android&dev=true&hot=false&lazy=true&transform.engine=hermes&transform.bytecode=1&transform.routerRoot=src%2Fapp&transform.reactCompiler=true&unstable_transformProfile=hermes-stable:261094:24)\n    at StaticContainer (http://192.168.1.189:8081/index.bundle//&platform=android&dev=true&hot=false&lazy=true&transform.engine=hermes&transform.bytecode=1&transform.routerRoot=src%2Fapp&transform.reactCompiler=true&unstable_transformProfile=hermes-stable:251768:17)\n    at EnsureSingleNavigator (http://192.168.1.189:8081/index.bundle//&platform=android&dev=true&hot=false&lazy=true&transform.engine=hermes&transform.bytecode=1&transform.routerRoot=src%2Fapp&transform.reactCompiler=true&unstable_transformProfile=hermes-stable:246541:24)\n    at SceneView (http://192.168.1.189:8081/index.bundle//&platform=android&dev=true&hot=false&lazy=true&transform.engine=hermes&transform.bytecode=1&transform.routerRoot=src%2Fapp&transform.reactCompiler=true&unstable_transformProfile=hermes-stable:251561:22)\n    at RNSScreenContentWrapper (<anonymous>)\n    at ScreenContentWrapper (<anonymous>)\n    at DebugContainer (http://192.168.1.189:8081/index.bundle//&platform=android&dev=true&hot=false&lazy=true&transform.engine=hermes&transform.bytecode=1&transform.routerRoot=src%2Fapp&transform.reactCompiler=true&unstable_transformProfile=hermes-stable:270647:31)\n    at RNSScreen (<anonymous>)\n    at Animated(Anonymous) (http://192.168.1.189:8081/index.bundle//&platform=android&dev=true&hot=false&lazy=true&transform.engine=hermes&transform.bytecode=1&transform.routerRoot=src%2Fapp&transform.reactCompiler=true&unstable_transformProfile=hermes-stable:72234:30)\n    at Suspender (http://192.168.1.189:8081/index.bundle//&platform=android&dev=true&hot=false&lazy=true&transform.engine=hermes&transform.bytecode=1&transform.routerRoot=src%2Fapp&transform.reactCompiler=true&unstable_transformProfile=hermes-stable:268739:22)\n    at Suspense (<anonymous>)\n    at Freeze (http://192.168.1.189:8081/index.bundle//&platform=android&dev=true&hot=false&lazy=true&transform.engine=hermes&transform.bytecode=1&transform.routerRoot=src%2Fapp&transform.reactCompiler=true&unstable_transformProfile=hermes-stable:268753:23)\n    at DelayedFreeze (http://192.168.1.189:8081/index.bundle//&platform=android&dev=true&hot=false&lazy=true&transform.engine=hermes&transform.bytecode=1&transform.routerRoot=src%2Fapp&transform.reactCompiler=true&unstable_transformProfile=hermes-stable:268699:22)\n    at InnerScreen (http://192.168.1.189:8081/index.bundle//&platform=android&dev=true&hot=false&lazy=true&transform.engine=hermes&transform.bytecode=1&transform.routerRoot=src%2Fapp&transform.reactCompiler=true&unstable_tr
08-09 00:29:51.292 E/ReactNativeJS(18909):   isComponentError: true }, { [Stack] name: 'Stack' }
08-09 00:30:05.867 E/ReactNativeJS(18909): { [ReferenceError: Property 'removedSeriesCount' doesn't exist]
08-09 00:30:05.867 E/ReactNativeJS(18909):   componentStack: '\n    at LibrarySettingsScreen(./(settings)/library.tsx) (http://192.168.1.189:8081/src/app/(settings)/library.bundle//&platform=android&dev=true&hot=false&lazy=true&transform.engine=hermes&transform.bytecode=1&transform.routerRoot=src%2Fapp&transform.reactCompiler=true&unstable_transformProfile=hermes-stable&minify=false&modulesOnly=true&runModule=false&shallow=true:92:49)\n    at WrappedScreenComponent (http://192.168.1.189:8081/index.bundle//&platform=android&dev=true&hot=false&lazy=true&transform.engine=hermes&transform.bytecode=1&transform.routerRoot=src%2Fapp&transform.reactCompiler=true&unstable_transformProfile=hermes-stable:261084:49)\n    at Suspense (<anonymous>)\n    at ZoomTransitionTargetContextProvider (http://192.168.1.189:8081/index.bundle//&platform=android&dev=true&hot=false&lazy=true&transform.engine=hermes&transform.bytecode=1&transform.routerRoot=src%2Fapp&transform.reactCompiler=true&unstable_transformProfile=hermes-stable:261362:25)\n    at Route (http://192.168.1.189:8081/index.bundle//&platform=android&dev=true&hot=false&lazy=true&transform.engine=hermes&transform.bytecode=1&transform.routerRoot=src%2Fapp&transform.reactCompiler=true&unstable_transformProfile=hermes-stable:255503:24)\n    at Route(library) (http://192.168.1.189:8081/index.bundle//&platform=android&dev=true&hot=false&lazy=true&transform.engine=hermes&transform.bytecode=1&transform.routerRoot=src%2Fapp&transform.reactCompiler=true&unstable_transformProfile=hermes-stable:261094:24)\n    at StaticContainer (http://192.168.1.189:8081/index.bundle//&platform=android&dev=true&hot=false&lazy=true&transform.engine=hermes&transform.bytecode=1&transform.routerRoot=src%2Fapp&transform.reactCompiler=true&unstable_transformProfile=hermes-stable:251768:17)\n    at EnsureSingleNavigator (http://192.168.1.189:8081/index.bundle//&platform=android&dev=true&hot=false&lazy=true&transform.engine=hermes&transform.bytecode=1&transform.routerRoot=src%2Fapp&transform.reactCompiler=true&unstable_transformProfile=hermes-stable:246541:24)\n    at SceneView (http://192.168.1.189:8081/index.bundle//&platform=android&dev=true&hot=false&lazy=true&transform.engine=hermes&transform.bytecode=1&transform.routerRoot=src%2Fapp&transform.reactCompiler=true&unstable_transformProfile=hermes-stable:251561:22)\n    at RNSScreenContentWrapper (<anonymous>)\n    at ScreenContentWrapper (<anonymous>)\n    at DebugContainer (http://192.168.1.189:8081/index.bundle//&platform=android&dev=true&hot=false&lazy=true&transform.engine=hermes&transform.bytecode=1&transform.routerRoot=src%2Fapp&transform.reactCompiler=true&unstable_transformProfile=hermes-stable:270647:31)\n    at RNSScreen (<anonymous>)\n    at Animated(Anonymous) (http://192.168.1.189:8081/index.bundle//&platform=android&dev=true&hot=false&lazy=true&transform.engine=hermes&transform.bytecode=1&transform.routerRoot=src%2Fapp&transform.reactCompiler=true&unstable_transformProfile=hermes-stable:72234:30)\n    at Suspender (http://192.168.1.189:8081/index.bundle//&platform=android&dev=true&hot=false&lazy=true&transform.engine=hermes&transform.bytecode=1&transform.routerRoot=src%2Fapp&transform.reactCompiler=true&unstable_transformProfile=hermes-stable:268739:22)\n    at Suspense (<anonymous>)\n    at Freeze (http://192.168.1.189:8081/index.bundle//&platform=android&dev=true&hot=false&lazy=true&transform.engine=hermes&transform.bytecode=1&transform.routerRoot=src%2Fapp&transform.reactCompiler=true&unstable_transformProfile=hermes-stable:268753:23)\n    at DelayedFreeze (http://192.168.1.189:8081/index.bundle//&platform=android&dev=true&hot=false&lazy=true&transform.engine=hermes&transform.bytecode=1&transform.routerRoot=src%2Fapp&transform.reactCompiler=true&unstable_transformProfile=hermes-stable:268699:22)\n    at InnerScreen (http://192.168.1.189:8081/index.bundle//&platform=android&dev=true&hot=false&lazy=true&transform.engine=hermes&transform.bytecode=1&transform.routerRoot=src%2Fapp&transform.reactCompiler=true&unstable_tr
08-09 00:30:05.867 E/ReactNativeJS(18909):   isComponentError: true }, { [Stack] name: 'Stack' }
08-09 00:30:16.635 E/ReactNativeJS(18909): { [ReferenceError: Property 'removedSeriesCount' doesn't exist]
08-09 00:30:16.635 E/ReactNativeJS(18909):   componentStack: '\n    at LibrarySettingsScreen(./(settings)/library.tsx) (http://192.168.1.189:8081/src/app/(settings)/library.bundle//&platform=android&dev=true&hot=false&lazy=true&transform.engine=hermes&transform.bytecode=1&transform.routerRoot=src%2Fapp&transform.reactCompiler=true&unstable_transformProfile=hermes-stable&minify=false&modulesOnly=true&runModule=false&shallow=true:97:49)\n    at WrappedScreenComponent (http://192.168.1.189:8081/index.bundle//&platform=android&dev=true&hot=false&lazy=true&transform.engine=hermes&transform.bytecode=1&transform.routerRoot=src%2Fapp&transform.reactCompiler=true&unstable_transformProfile=hermes-stable:261084:49)\n    at Suspense (<anonymous>)\n    at ZoomTransitionTargetContextProvider (http://192.168.1.189:8081/index.bundle//&platform=android&dev=true&hot=false&lazy=true&transform.engine=hermes&transform.bytecode=1&transform.routerRoot=src%2Fapp&transform.reactCompiler=true&unstable_transformProfile=hermes-stable:261362:25)\n    at Route (http://192.168.1.189:8081/index.bundle//&platform=android&dev=true&hot=false&lazy=true&transform.engine=hermes&transform.bytecode=1&transform.routerRoot=src%2Fapp&transform.reactCompiler=true&unstable_transformProfile=hermes-stable:255503:24)\n    at Route(library) (http://192.168.1.189:8081/index.bundle//&platform=android&dev=true&hot=false&lazy=true&transform.engine=hermes&transform.bytecode=1&transform.routerRoot=src%2Fapp&transform.reactCompiler=true&unstable_transformProfile=hermes-stable:261094:24)\n    at StaticContainer (http://192.168.1.189:8081/index.bundle//&platform=android&dev=true&hot=false&lazy=true&transform.engine=hermes&transform.bytecode=1&transform.routerRoot=src%2Fapp&transform.reactCompiler=true&unstable_transformProfile=hermes-stable:251768:17)\n    at EnsureSingleNavigator (http://192.168.1.189:8081/index.bundle//&platform=android&dev=true&hot=false&lazy=true&transform.engine=hermes&transform.bytecode=1&transform.routerRoot=src%2Fapp&transform.reactCompiler=true&unstable_transformProfile=hermes-stable:246541:24)\n    at SceneView (http://192.168.1.189:8081/index.bundle//&platform=android&dev=true&hot=false&lazy=true&transform.engine=hermes&transform.bytecode=1&transform.routerRoot=src%2Fapp&transform.reactCompiler=true&unstable_transformProfile=hermes-stable:251561:22)\n    at RNSScreenContentWrapper (<anonymous>)\n    at ScreenContentWrapper (<anonymous>)\n    at DebugContainer (http://192.168.1.189:8081/index.bundle//&platform=android&dev=true&hot=false&lazy=true&transform.engine=hermes&transform.bytecode=1&transform.routerRoot=src%2Fapp&transform.reactCompiler=true&unstable_transformProfile=hermes-stable:270647:31)\n    at RNSScreen (<anonymous>)\n    at Animated(Anonymous) (http://192.168.1.189:8081/index.bundle//&platform=android&dev=true&hot=false&lazy=true&transform.engine=hermes&transform.bytecode=1&transform.routerRoot=src%2Fapp&transform.reactCompiler=true&unstable_transformProfile=hermes-stable:72234:30)\n    at Suspender (http://192.168.1.189:8081/index.bundle//&platform=android&dev=true&hot=false&lazy=true&transform.engine=hermes&transform.bytecode=1&transform.routerRoot=src%2Fapp&transform.reactCompiler=true&unstable_transformProfile=hermes-stable:268739:22)\n    at Suspense (<anonymous>)\n    at Freeze (http://192.168.1.189:8081/index.bundle//&platform=android&dev=true&hot=false&lazy=true&transform.engine=hermes&transform.bytecode=1&transform.routerRoot=src%2Fapp&transform.reactCompiler=true&unstable_transformProfile=hermes-stable:268753:23)\n    at DelayedFreeze (http://192.168.1.189:8081/index.bundle//&platform=android&dev=true&hot=false&lazy=true&transform.engine=hermes&transform.bytecode=1&transform.routerRoot=src%2Fapp&transform.reactCompiler=true&unstable_transformProfile=hermes-stable:268699:22)\n    at InnerScreen (http://192.168.1.189:8081/index.bundle//&platform=android&dev=true&hot=false&lazy=true&transform.engine=hermes&transform.bytecode=1&transform.routerRoot=src%2Fapp&transform.reactCompiler=true&unstable_tr
08-09 00:30:16.635 E/ReactNativeJS(18909):   isComponentError: true }, { [Stack] name: 'Stack' }
08-09 00:31:22.331 W/ReactNativeJS(18909): '[Reanimated] Reduced motion setting is overwritten with mode \'system\'.', { [Stack] name: 'Stack' }
08-09 00:31:22.823 I/ReactNativeJS(18909): [rowprobe] inner recentlyAdded h=220.00001525878906
08-09 00:31:22.826 I/ReactNativeJS(18909): [rowprobe] inner Agatha Christie h=220
08-09 00:31:22.827 I/ReactNativeJS(18909): [rowprobe] item m060HwckhJrYhWWS h=212.00003051757812
08-09 00:31:22.828 I/ReactNativeJS(18909): [rowprobe] item xpZTajTvEpjEIvec h=212.00003051757812
08-09 00:31:22.830 I/ReactNativeJS(18909): [rowprobe] item wqWMJLhWG8HWba1c h=212
08-09 00:31:22.831 I/ReactNativeJS(18909): [rowprobe] item j1JrmNkhjGoDHRT9 h=212.00003051757812
08-09 00:31:22.833 I/ReactNativeJS(18909): [rowprobe] inner Andy Weir h=220
08-09 00:31:22.834 I/ReactNativeJS(18909): [rowprobe] item 2Se4aEWHJb1mPVhh h=212
08-09 00:31:22.836 I/ReactNativeJS(18909): [rowprobe] item zNftQnaD96CCQ1dy h=212
08-09 00:31:22.838 I/ReactNativeJS(18909): [rowprobe] item zlJvmRLOdYTyXvkd h=212
08-09 00:31:23.235 D/ReactNativeJS(18909): [RevenueCat] Retrieving customer info with policy: CACHED_OR_FETCHED
08-09 00:31:23.237 D/ReactNativeJS(18909): [RevenueCat] ℹ️ Vending CustomerInfo from cache.
08-09 00:31:23.238 D/ReactNativeJS(18909): [RevenueCat] ℹ️ Checking if cache is stale AppInBackground false
08-09 00:31:23.239 D/ReactNativeJS(18909): [RevenueCat] ℹ️ CustomerInfo cache is stale, updating from network in foreground.
08-09 00:31:23.241 I/ReactNativeJS(18909): [rowprobe] item dETwinj7k6khdWXK h=212.00001525878906
08-09 00:31:23.242 I/ReactNativeJS(18909): [rowprobe] inner Ben Aaronovitch h=220
08-09 00:31:23.244 I/ReactNativeJS(18909): [rowprobe] item 5iGrraBjqjAl8UW8 h=212.00001525878906
08-09 00:31:23.246 I/ReactNativeJS(18909): [rowprobe] item X6od4ji0KFydvr6T h=212
08-09 00:31:23.247 I/ReactNativeJS(18909): [rowprobe] item fm71NcW5PGrqYPqH h=212
08-09 00:31:23.249 I/ReactNativeJS(18909): [rowprobe] item KHGH6O7xJvAPqH5U h=212
08-09 00:31:23.251 D/ReactNativeJS(18909): [RevenueCat] ℹ️ Updating pending purchase queue
08-09 00:31:23.252 D/ReactNativeJS(18909): [RevenueCat] ℹ️ Querying purchases
08-09 00:31:23.253 I/ReactNativeJS(18909): Player was already initialized.
08-09 00:31:23.257 D/ReactNativeJS(18909): [RevenueCat] ℹ️ Purchase of type INAPP with hash +kORLy46FojrPu9U/FL3iTpN9E4=
08-09 00:31:23.258 D/ReactNativeJS(18909): [RevenueCat] ℹ️ Cleaning previously sent tokens
08-09 00:31:23.259 D/ReactNativeJS(18909): [RevenueCat] ℹ️ Tokens already posted: [+kORLy46FojrPu9U/FL3iTpN9E4=]
08-09 00:31:23.261 D/ReactNativeJS(18909): [RevenueCat] ℹ️ Saving tokens [+kORLy46FojrPu9U/FL3iTpN9E4=]
08-09 00:31:23.262 D/ReactNativeJS(18909): [RevenueCat] ℹ️ Tokens already posted: [+kORLy46FojrPu9U/FL3iTpN9E4=]
08-09 00:31:23.263 D/ReactNativeJS(18909): [RevenueCat] ℹ️ No pending purchases to sync
08-09 00:31:23.265 D/ReactNativeJS(18909): [RevenueCat] Request already scheduled with jitter delay, adding existing callbacks to unjittered request with key: BackgroundAwareCallbackCacheKey(cacheKey=[/v1/subscribers/%24RCAnonymousID%3Af417f2fd439842af90398d8864855efe], appInBackground=false)
08-09 00:31:23.330 D/ReactNativeJS(18909): [RevenueCat] ℹ️ Vending Offerings from cache
08-09 00:31:23.332 D/ReactNativeJS(18909): [RevenueCat] ℹ️ Checking if cache is stale AppInBackground false
08-09 00:31:23.333 D/ReactNativeJS(18909): [RevenueCat] ℹ️ Offerings cache is stale, updating from network in foreground
08-09 00:31:23.335 D/ReactNativeJS(18909): [RevenueCat] 😻 Start Offerings update from network.
08-09 00:31:23.336 D/ReactNativeJS(18909): [RevenueCat] Request already scheduled with jitter delay, adding existing callbacks to unjittered request with key: BackgroundAwareCallbackCacheKey(cacheKey=[/v1/subscribers/%24RCAnonymousID%3Af417f2fd439842af90398d8864855efe/offerings], appInBackground=false)
08-09 00:31:23.361 I/ReactNativeJS(18909): [rowprobe] item cBV5s37jynPUc2je h=212
08-09 00:31:23.661 D/ReactNativeJS(18909): [RevenueCat] API request started: GET /v1/subscribers/%24RCAnonymousID%3Af417f2fd439842af90398d8864855efe
08-09 00:31:23.662 D/ReactNativeJS(18909): [RevenueCat] API request completed with status: GET /v1/subscribers/%24RCAnonymousID%3Af417f2fd439842af90398d8864855efe 304
08-09 00:31:23.663 D/ReactNativeJS(18909): [RevenueCat] 😻 CustomerInfo updated from network.
08-09 00:31:23.668 D/ReactNativeJS(18909): [RevenueCat] API request started: GET /v1/subscribers/%24RCAnonymousID%3Af417f2fd439842af90398d8864855efe/offerings
08-09 00:31:23.669 D/ReactNativeJS(18909): [RevenueCat] API request completed with status: GET /v1/subscribers/%24RCAnonymousID%3Af417f2fd439842af90398d8864855efe/offerings 304
08-09 00:31:23.699 D/ReactNativeJS(18909): [RevenueCat] ℹ️ Requesting products from the store with identifiers: pro
08-09 00:31:23.710 D/ReactNativeJS(18909): [RevenueCat] ℹ️ Products request finished for pro
08-09 00:31:23.712 D/ReactNativeJS(18909): [RevenueCat] 💰 Retrieved productDetailsList: 
08-09 00:31:23.713 I/ReactNativeJS(18909): [RevenueCat] ℹ️ Missing productDetails: UnfetchedProduct{productId='pro', productType='subs', statusCode=3}
08-09 00:31:23.715 I/ReactNativeJS(18909): [RevenueCat] ℹ️ Product not found: pro - Product Type: subs, Reason: PRODUCT_NOT_FOUND, Serialized doc ID: 
08-09 00:31:23.717 D/ReactNativeJS(18909): [RevenueCat] ℹ️ Requesting products from the store with identifiers: pro
08-09 00:31:23.722 D/ReactNativeJS(18909): [RevenueCat] ℹ️ Products request finished for pro
08-09 00:31:23.723 D/ReactNativeJS(18909): [RevenueCat] 💰 Retrieved productDetailsList: ProductDetails{jsonString='{"productId":"pro","type":"inapp","title":"Pro (Sonicbooks)","name":"Pro","description":"One time payment grants a lifetime subscription to access all Pro features.","localizedIn":["en-US"],"skuDetailsToken":"AEuhp4JSoa2Fshv0iNYEeUEl9hmLwNZGhG-ZAPeZV7EH2_YXg6qU6QufQn18kX9J51fkOMa_3NyBmbA=","oneTimePurchaseOfferDetails":{},"oneTimePurchaseOfferDetailsList":[{"priceAmountMicros":3990000,"priceCurrencyCode":"USD","formattedPrice":"$3.99","offerIdToken":"AXW7mMtmSb18y4Wwv4t1Uqt18ejthC1psw+uv\/OGOMUJ2T3DRsopHFuR\/jPsp0SEYtUaAxma8g==","purchaseOptionId":"pro","offerTags":[]}]}', parsedJson={"productId":"pro","type":"inapp","title":"Pro (Sonicbooks)","name":"Pro","description":"One time payment grants a lifetime subscription to access all Pro features.","localizedIn":["en-US"],"skuDetailsToken":"AEuhp4JSoa2Fshv0iNYEeUEl9hmLwNZGhG-ZAPeZV7EH2_YXg6qU6QufQn18kX9J51fkOMa_3NyBmbA=","oneTimePurchaseOfferDetails":{},"oneTimePurchaseOfferDetailsList":[{"priceAmountMicros":3990000,"priceCurrencyCode":"USD","formattedPrice":"$3.99","offerIdToken":"AXW7mMtmSb18y4Wwv4t1Uqt18ejthC1psw+uv\/OGOMUJ2T3DRsopHFuR\/jPsp0SEYtUaAxma8g==","purchaseOptionId":"pro","offerTags":[]}]}, productId='pro', productType='inapp', title='Pro (Sonicbooks)', productDetailsToken='AEuhp4JSoa2Fshv0iNYEeUEl9hmLwNZGhG-ZAPeZV7EH2_YXg6qU6QufQn18kX9J51fkOMa_3NyBmbA=', subscriptionOfferDetails=null}
08-09 00:31:23.725 D/ReactNativeJS(18909): [RevenueCat] 💰 pro - ProductDetails{jsonString='{"productId":"pro","type":"inapp","title":"Pro (Sonicbooks)","name":"Pro","description":"One time payment grants a lifetime subscription to access all Pro features.","localizedIn":["en-US"],"skuDetailsToken":"AEuhp4JSoa2Fshv0iNYEeUEl9hmLwNZGhG-ZAPeZV7EH2_YXg6qU6QufQn18kX9J51fkOMa_3NyBmbA=","oneTimePurchaseOfferDetails":{},"oneTimePurchaseOfferDetailsList":[{"priceAmountMicros":3990000,"priceCurrencyCode":"USD","formattedPrice":"$3.99","offerIdToken":"AXW7mMtmSb18y4Wwv4t1Uqt18ejthC1psw+uv\/OGOMUJ2T3DRsopHFuR\/jPsp0SEYtUaAxma8g==","purchaseOptionId":"pro","offerTags":[]}]}', parsedJson={"productId":"pro","type":"inapp","title":"Pro (Sonicbooks)","name":"Pro","description":"One time payment grants a lifetime subscription to access all Pro features.","localizedIn":["en-US"],"skuDetailsToken":"AEuhp4JSoa2Fshv0iNYEeUEl9hmLwNZGhG-ZAPeZV7EH2_YXg6qU6QufQn18kX9J51fkOMa_3NyBmbA=","oneTimePurchaseOfferDetails":{},"oneTimePurchaseOfferDetailsList":[{"priceAmountMicros":3990000,"priceCurrencyCode":"USD","formattedPrice":"$3.99","offerIdToken":"AXW7mMtmSb18y4Wwv4t1Uqt18ejthC1psw+uv\/OGOMUJ2T3DRsopHFuR\/jPsp0SEYtUaAxma8g==","purchaseOptionId":"pro","offerTags":[]}]}, productId='pro', productType='inapp', title='Pro (Sonicbooks)', productDetailsToken='AEuhp4JSoa2Fshv0iNYEeUEl9hmLwNZGhG-ZAPeZV7EH2_YXg6qU6QufQn18kX9J51fkOMa_3NyBmbA=', subscriptionOfferDetails=null}
08-09 00:31:23.726 D/ReactNativeJS(18909): [RevenueCat] ℹ️ Building offerings response with 1 products
08-09 00:31:23.795 D/ReactNativeJS(18909): [RevenueCat] OfferingImagePreDownloader: starting image download
08-09 00:31:23.797 D/ReactNativeJS(18909): [RevenueCat] Pre-downloading Paywall V2 image: https://assets.pawwalls.com/1370130_low_res_1769842758_6d7ae17c.webp
08-09 00:31:23.798 D/ReactNativeJS(18909): [RevenueCat] Pre-downloading Paywall V2 image: https://icons.pawwalls.com/check.webp
08-09 00:32:01.975 W/ReactNativeJS(18909): '[Reanimated] Reduced motion setting is overwritten with mode \'system\'.', { [Stack] name: 'Stack' }
08-09 00:32:02.446 I/ReactNativeJS(18909): [rowprobe] inner recentlyAdded h=220.00001525878906
08-09 00:32:02.448 I/ReactNativeJS(18909): [rowprobe] inner Agatha Christie h=220
08-09 00:32:02.450 I/ReactNativeJS(18909): [rowprobe] item m060HwckhJrYhWWS h=212.00003051757812
08-09 00:32:02.451 I/ReactNativeJS(18909): [rowprobe] item xpZTajTvEpjEIvec h=212.00003051757812
08-09 00:32:02.453 I/ReactNativeJS(18909): [rowprobe] item wqWMJLhWG8HWba1c h=212
08-09 00:32:02.454 I/ReactNativeJS(18909): [rowprobe] item j1JrmNkhjGoDHRT9 h=212.00003051757812
08-09 00:32:02.456 I/ReactNativeJS(18909): [rowprobe] inner Andy Weir h=220
08-09 00:32:02.458 I/ReactNativeJS(18909): [rowprobe] item 2Se4aEWHJb1mPVhh h=212
08-09 00:32:02.459 I/ReactNativeJS(18909): [rowprobe] item zNftQnaD96CCQ1dy h=212
08-09 00:32:02.461 I/ReactNativeJS(18909): [rowprobe] item zlJvmRLOdYTyXvkd h=212
08-09 00:32:02.844 D/ReactNativeJS(18909): [RevenueCat] Retrieving customer info with policy: CACHED_OR_FETCHED
08-09 00:32:02.845 D/ReactNativeJS(18909): [RevenueCat] ℹ️ Vending CustomerInfo from cache.
08-09 00:32:02.848 D/ReactNativeJS(18909): [RevenueCat] ℹ️ Checking if cache is stale AppInBackground false
08-09 00:32:02.849 I/ReactNativeJS(18909): Player was already initialized.
08-09 00:32:02.855 I/ReactNativeJS(18909): [rowprobe] item dETwinj7k6khdWXK h=212.00001525878906
08-09 00:32:02.856 I/ReactNativeJS(18909): [rowprobe] inner Ben Aaronovitch h=220
08-09 00:32:02.858 I/ReactNativeJS(18909): [rowprobe] item 5iGrraBjqjAl8UW8 h=212.00001525878906
08-09 00:32:02.859 I/ReactNativeJS(18909): [rowprobe] item X6od4ji0KFydvr6T h=212
08-09 00:32:02.861 I/ReactNativeJS(18909): [rowprobe] item fm71NcW5PGrqYPqH h=212
08-09 00:32:02.863 I/ReactNativeJS(18909): [rowprobe] item KHGH6O7xJvAPqH5U h=212
08-09 00:32:02.923 D/ReactNativeJS(18909): [RevenueCat] ℹ️ Vending Offerings from cache
08-09 00:32:02.925 D/ReactNativeJS(18909): [RevenueCat] ℹ️ Checking if cache is stale AppInBackground false
08-09 00:32:02.950 I/ReactNativeJS(18909): [rowprobe] item cBV5s37jynPUc2je h=212
08-09 00:35:25.617 I/ReactNativeJS(18909): [entry] index.js evaluated, playback service registered
08-09 00:35:25.784 I/ReactNativeJS(18909): Running "main" with {"rootTag":1,"initialProps":{},"fabric":true}
08-09 00:35:27.940 I/ReactNativeJS(18909): [RevenueCat] Purchases instance already set with the same configuration. Ignoring duplicate call.
08-09 00:35:27.941 D/ReactNativeJS(18909): [RevenueCat] ℹ️ Listener set
08-09 00:35:28.809 W/ReactNativeJS(18909): '[Reanimated] Reduced motion setting is overwritten with mode \'system\'.', { [Stack] name: 'Stack' }
08-09 00:35:29.220 D/ReactNativeJS(18909): [RevenueCat] Retrieving customer info with policy: CACHED_OR_FETCHED
08-09 00:35:29.221 D/ReactNativeJS(18909): [RevenueCat] ℹ️ Vending CustomerInfo from cache.
08-09 00:35:29.221 D/ReactNativeJS(18909): [RevenueCat] ℹ️ Checking if cache is stale AppInBackground false
08-09 00:35:29.225 I/ReactNativeJS(18909): [service] playback service task started
08-09 00:35:29.231 I/ReactNativeJS(18909): [rowprobe] inner recentlyAdded h=220.00001525878906
08-09 00:35:29.232 I/ReactNativeJS(18909): [rowprobe] inner Agatha Christie h=220
08-09 00:35:29.233 I/ReactNativeJS(18909): [rowprobe] item m060HwckhJrYhWWS h=212.00003051757812
08-09 00:35:29.234 I/ReactNativeJS(18909): [rowprobe] item xpZTajTvEpjEIvec h=212.00003051757812
08-09 00:35:29.235 I/ReactNativeJS(18909): [rowprobe] item wqWMJLhWG8HWba1c h=212
08-09 00:35:29.236 I/ReactNativeJS(18909): [rowprobe] item j1JrmNkhjGoDHRT9 h=212.00003051757812
08-09 00:35:29.237 I/ReactNativeJS(18909): [rowprobe] inner Andy Weir h=220
08-09 00:35:29.238 I/ReactNativeJS(18909): [rowprobe] item 2Se4aEWHJb1mPVhh h=212
08-09 00:35:29.238 I/ReactNativeJS(18909): [rowprobe] item zNftQnaD96CCQ1dy h=212
08-09 00:35:29.239 I/ReactNativeJS(18909): [rowprobe] item zlJvmRLOdYTyXvkd h=212
08-09 00:35:29.501 D/ReactNativeJS(18909): [RevenueCat] ℹ️ Vending Offerings from cache
08-09 00:35:29.502 D/ReactNativeJS(18909): [RevenueCat] ℹ️ Checking if cache is stale AppInBackground false
08-09 00:35:29.517 I/ReactNativeJS(18909): [rowprobe] item dETwinj7k6khdWXK h=212.00001525878906
08-09 00:35:29.520 I/ReactNativeJS(18909): [rowprobe] inner Ben Aaronovitch h=220
08-09 00:35:29.525 I/ReactNativeJS(18909): [rowprobe] item 5iGrraBjqjAl8UW8 h=212.00001525878906
08-09 00:35:29.526 I/ReactNativeJS(18909): [rowprobe] item X6od4ji0KFydvr6T h=212
08-09 00:35:29.527 I/ReactNativeJS(18909): [rowprobe] item fm71NcW5PGrqYPqH h=212
08-09 00:35:29.532 I/ReactNativeJS(18909): [rowprobe] item KHGH6O7xJvAPqH5U h=212
08-09 00:35:29.892 I/ReactNativeJS(18909): [rowprobe] item cBV5s37jynPUc2je h=212
08-09 00:40:58.717 W/ReactNativeJS(18909): [series] 0 books sit under no configured root and 1 have no first chapter — all dropped before detection, out of 352
08-09 00:40:58.839 I/ReactNativeJS(18909): [series] "Discworld"  41 books  (existing)
08-09 00:40:58.839 I/ReactNativeJS(18909):         #1  Discworld 01 - The Colour of Magic                      certain  alb.name-num-dash folder:name-corroborated split:number-collision(49% dupes -> 2 folders)
08-09 00:40:58.839 I/ReactNativeJS(18909):         #2  Discworld 02 - The Light Fantastic                      certain  alb.name-num-dash folder:name-corroborated split:number-collision(49% dupes -> 2 folders)
08-09 00:40:58.839 I/ReactNativeJS(18909):         #3  Discworld 03 - Equal Rites                              certain  alb.name-num-dash folder:name-corroborated split:number-collision(49% dupes -> 2 folders)
08-09 00:40:58.839 I/ReactNativeJS(18909):         #4  Discworld 04 - Mort                                     certain  alb.name-num-dash folder:name-corroborated split:number-collision(49% dupes -> 2 folders)
08-09 00:40:58.839 I/ReactNativeJS(18909):         #5  Discworld 05 - Sourcery                                 certain  alb.name-num-dash folder:name-corroborated split:number-collision(49% dupes -> 2 folders)
08-09 00:40:58.839 I/ReactNativeJS(18909):         #6  Discworld 06 -  Wyrd Sisters                            certain  alb.name-num-dash folder:name-corroborated split:number-collision(49% dupes -> 2 folders)
08-09 00:40:58.839 I/ReactNativeJS(18909):         #7  Discworld 07 - Pyramids                                 certain  alb.name-num-dash folder:name-corroborated split:number-collision(49% dupes -> 2 folders)
08-09 00:40:58.839 I/ReactNativeJS(18909):         #8  Discworld 08 - Guards! Guards!                          certain  alb.name-num-dash folder:name-corroborated split:number-collision(49% dupes -> 2 folders)
08-09 00:40:58.839 I/ReactNativeJS(18909):         #9  Discworld 09 - Eric                                     certain  alb.name-num-dash folder:name-corroborated split:number-collision(49% dupes -> 2 folders)
08-09 00:40:58.839 I/ReactNativeJS(18909):        #10  Discworld 10 - Moving Pictures                          certain  alb.name-num-dash folder:name-corroborated split:number-collision(49% dupes -> 2 folders)
08-09 00:40:58.839 I/ReactNativeJS(18909):        #11  Discworld 11 - Reaper Man                               certain  alb.name-num-dash folder:name-corroborated split:number-collision(49% dupes -> 2 folders)
08-09 00:40:58.839 I/ReactNativeJS(18909):        #12  Discworld 12 - Witches Abroad                           certain  alb.name-num-dash folder:name-corroborated split:number-collision(49% dupes -> 2 folders)
08-09 00:40:58.839 I/ReactNativeJS(18909):        #13  Discworld 13 - Small Gods                               certain  tag.Grouping+bare-num alb.name-num-dash folder:name-corroborated split:number-collision(49% dupes -> 2 folders)
08-09 00:40:58.839 I/ReactNativeJS(18909):        #14  Discworld 14 - Lords and Ladies                         certain  alb.name-num-dash folder:name-corroborated split:number-collision(49% dupes -> 2 folders)
08-09 00:40:58.839 I/ReactNativeJS(18909):        #15  Discworld 15 - Men At Arms                              certain  alb.name-num-dash folder:name-corroborated split:number-collision(49% dupes -> 2 folders)
08-09 00:40:58.839 I/ReactNativeJS(18909):        #16  Discworld 16 - Soul Music                               certain  alb.name-num-dash folder:name-corroborated split:number-collision(49% dupes -> 2 folders)
08-09 00:40:58.839 I/ReactNativeJS(18909):        #17  Discworld 17 - Interesting Times                        certain  alb.name-num-dash folder:name-corroborated split:number-collision(49% dupes -> 2 folders)
08-09 00:40:58.839 I/ReactNativeJS(18909):        #18  Discworld 18 - Maskerade                                certain  alb.name-num-dash folder:name-corroborated split:number-collision(49% dupes -> 2 folders)
08-09 00:40:58.839 I/ReactNativeJS(18909):        #19  Discworld 19 - Feet of Clay                             certain  alb.name-num-dash folder:name-corroborated split:number-collision(49% dupes -> 2 folders)
08-09 00:40:58.839 I/ReactNativeJS(18909):        #20  Discworld 20 - Hogfather                                certain  alb.name-num-dash folder:name-corroborated split:number-collision(49% dupes -> 2 folders)
08-09 00:40:58.839 I/ReactNativeJS(18909):        #21  Discworld 21 - Jingo                                    certain  alb.name-num-dash folder:name-corroborated split:number-collision(49% dupes -> 2 folders)
08-09 00:40:58.839 I/ReactNativeJS(18909):        #22  Discworld 22 - The Last Continent                       certain  alb.name-num-dash folder:name-corroborated split:number-collision(49% dupes -> 2 folders)
08-09 00:40:58.839 I/ReactNativeJS(18909):        #23  Discworld 23 - Carpe Jugulum                            certain  alb.name-num-dash folder:name-corroborated split:number-collision(49% dupes -> 2 folders)
08-09 00:40:58.839 I/ReactNativeJS(18909):        #24  Discworld 24 - The Fifth Elephant                       certain  alb.name-num-dash folder:name-corroborated split:number-collision(49% dupes -> 2 folders)
08-09 00:40:58.839 I/ReactNativeJS(18909):        #25  Discworld 25 - The Truth                                certain  alb.name-num-dash folder:name-corroborated split:number-collision(49% dupes -> 2 folders)
08-09 00:40:58.839 I/ReactNativeJS(18909):        #26  Discworld 26 - Thief of Time                            certain  alb.name-num-dash folder:name-corroborated split:number-collision(49% dupes -> 2 folders)
08-09 00:40:58.839 I/ReactNativeJS(18909):        #27  Discworld 27 - The Last Hero                            certain  alb.name-num-dash folder:name-corroborated split:number-collision(49% dupes -> 2 folders)
08-09 00:40:58.839 I/ReactNativeJS(18909):        #28  Discworld 28 - The Amazing Maurice and His Educated Ro  certain  alb.name-num-dash folder:name-corroborated split:number-collision(49% dupes -> 2 folders)
08-09 00:40:58.839 I/ReactNativeJS(18909):        #29  Discworld 29 - Night Watch                              certain  alb.name-num-dash folder:name-corroborated split:number-collision(49% dupes -> 2 folders)
08-09 00:40:58.839 I/ReactNativeJS(18909):        #30  Discworld 30 - The Wee Free Men                         certain  alb.name-num-dash folder:name-corroborated split:number-collision(49% dupes -> 2 folders)
08-09 00:40:58.839 I/ReactNativeJS(18909):        #31  Discworld 31 - Monstrous Regiment                       certain  alb.name-num-dash folder:name-corroborated split:number-collision(49% dupes -> 2 folders)
08-09 00:40:58.839 I/ReactNativeJS(18909):        #32  Discworld 32 - A Hat Full of Sky                        certain  alb.name-num-dash folder:name-corroborated split:number-collision(49% dupes -> 2 folders)
08-09 00:40:58.839 I/ReactNativeJS(18909):        #33  Discworld 33 - Going Postal                             certain  alb.name-num-dash folder:name-corroborated split:number-collision(49% dupes -> 2 folders)
08-09 00:40:58.839 I/ReactNativeJS(18909):        #34  Discworld 34 - Thud!                                    certain  alb.name-num-dash folder:name-corroborated split:number-collision(49% dupes -> 2 folders)
08-09 00:40:58.839 I/ReactNativeJS(18909):        #35  Discworld 35 - Wintersmith                              certain  alb.name-num-dash folder:name-corroborated split:number-collision(49% dupes -> 2 folders)
08-09 00:40:58.839 I/ReactNativeJS(18909):        #36  Discworld 36 - Making Money                             certain  alb.name-num-dash folder:name-corroborated split:number-collision(49% dupes -> 2 folders)
08-09 00:40:58.839 I/ReactNativeJS(18909):        #37  Discworld 37 - Unseen Academicals                       certain  tag.Grouping+bare-num alb.name-num-dash folder:name-corroborated split:number-collision(49% dupes -> 2 folders)
08-09 00:40:58.839 I/ReactNativeJS(18909):        #38  DW38-I Shall Wear Midnight                              possible folder:name-corroborated(37/41) num:folder split:number-collision(49% dupes -> 2 folders)
08-09 00:40:58.839 I/ReactNativeJS(18909):        #39  Snuff                                                   possible folder:name-corroborated(37/41) num:folder split:number-collision(49% dupes -> 2 folders)
08-09 00:40:58.839 I/ReactNativeJS(18909):        #40  Raising Steam                                           possible folder:name-corroborated(37/41) num:folder split:number-collision(49% dupes -> 2 folders)
08-09 00:40:58.839 I/ReactNativeJS(18909):        #41  The Shepherd's Crown                                    possible folder:name-corroborated(37/41) num:folder split:number-collision(49% dupes -> 2 folders)
08-09 00:40:58.840 I/ReactNativeJS(18909): [series] "Discworld (2022)"  39 books  (existing)
08-09 00:40:58.840 I/ReactNativeJS(18909):         #1  The Colour of Magic                                     possible folder:name-corroborated(10/39) num:folder split:number-collision(49% dupes -> 2 folders)
08-09 00:40:58.840 I/ReactNativeJS(18909):         #2  The Light Fantastic                                     possible folder:name-corroborated(10/39) num:folder split:number-collision(49% dupes -> 2 folders)
08-09 00:40:58.840 I/ReactNativeJS(18909):         #3  Equal Rites                                             possible folder:name-corroborated(10/39) num:folder split:number-collision(49% dupes -> 2 folders)
08-09 00:40:58.840 I/ReactNativeJS(18909):         #4  Mort (#4)                                               possible folder:name-corroborated(10/39) split:number-collision(49% dupes -> 2 folders)
08-09 00:40:58.840 I/ReactNativeJS(18909):         #5  Sourcery (#5)                                           possible folder:name-corroborated(10/39) split:number-collision(49% dupes -> 2 folders)
08-09 00:40:58.840 I/ReactNativeJS(18909):         #7  Pyramids: Discworld, Book 7                             certain  alb.book-suffix folder:name-corroborated split:number-collision(49% dupes -> 2 folders)
08-09 00:40:58.840 I/ReactNativeJS(18909):         #8  Guards! Guards! (Unabridged)                            possible folder:name-corroborated(10/39) num:folder split:number-collision(49% dupes -> 2 folders)
08-09 00:40:58.840 I/ReactNativeJS(18909):         #9  (#9) Eric                                               possible folder:name-corroborated(10/39) split:number-collision(49% dupes -> 2 folders)
08-09 00:40:58.840 I/ReactNativeJS(18909):        #10  Moving Pictures: Discworld, Book 10                     certain  alb.book-suffix folder:name-corroborated split:number-collision(49% dupes -> 2 folders)
08-09 00:40:58.840 I/ReactNativeJS(18909):        #11  (#11) Reaper Man                                        possible folder:name-corroborated(10/39) split:number-collision(49% dupes -> 2 folders)
08-09 00:40:58.840 I/ReactNativeJS(18909):        #12  Witches Abroad                                          possible folder:name-corroborated(10/39) num:folder split:number-collision(49% dupes -> 2 folders)
08-09 00:40:58.840 I/ReactNativeJS(18909):        #13  Small Gods (#13)                                        possible folder:name-corroborated(10/39) split:number-collision(49% dupes -> 2 folders)
08-09 00:40:58.840 I/ReactNativeJS(18909):        #14  Lords and Ladies                                        possible folder:name-corroborated(10/39) num:folder split:number-collision(49% dupes -> 2 folders)
08-09 00:40:58.840 I/ReactNativeJS(18909):        #15  Men at Arms (Unabridged)                                possible folder:name-corroborated(10/39) num:folder split:number-collision(49% dupes -> 2 folders)
08-09 00:40:58.840 I/ReactNativeJS(18909):        #16  (#16) Soul Music                                        possible folder:name-corroborated(10/39) split:number-collision(49% dupes -> 2 folders)
08-09 00:40:58.840 I/ReactNativeJS(18909):        #17  (#17) Interesting Times                                 possible folder:name-corroborated(10/39) split:number-collision(49% dupes -> 2 folders)
08-09 00:40:58.840 I/ReactNativeJS(18909):        #18  Maskerade                                               possible folder:name-corroborated(10/39) num:folder split:number-collision(49% dupes -> 2 folders)
08-09 00:40:58.840 I/ReactNativeJS(18909):        #19  Feet of Clay (Unabridged)                               possible folder:name-corroborated(10/39) num:folder split:number-collision(49% dupes -> 2 folders)
08-09 00:40:58.840 I/ReactNativeJS(18909):        #20  Hogfather: Discworld, Book 20                           certain  alb.book-suffix folder:name-corroborated split:number-collision(49% dupes -> 2 folders)
08-09 00:40:58.840 I/ReactNativeJS(18909):        #21  Jingo (Unabridged)                                      possible folder:name-corroborated(10/39) num:folder split:number-collision(49% dupes -> 2 folders)
08-09 00:40:58.840 I/ReactNativeJS(18909):        #22  The Last Continent: Discworld, Book 22                  certain  alb.book-suffix folder:name-corroborated split:number-collision(49% dupes -> 2 folders)
08-09 00:40:58.840 I/ReactNativeJS(18909):        #23  Carpe Jugulum                                           possible folder:name-corroborated(10/39) num:folder split:number-collision(49% dupes -> 2 folders)
08-09 00:40:58.840 I/ReactNativeJS(18909):        #24  The Fifth Elephant (Unabridged)                         possible folder:name-corroborated(10/39) num:folder split:number-collision(49% dupes -> 2 folders)
08-09 00:40:58.840 I/ReactNativeJS(18909):        #25  The Truth (Unabridged)                                  possible folder:name-corroborated(10/39) num:folder split:number-collision(49% dupes -> 2 folders)
08-09 00:40:58.840 I/ReactNativeJS(18909):        #26  Thief of Time (#26)                                     possible folder:name-corroborated(10/39) split:number-collision(49% dupes -> 2 folders)
08-09 00:40:58.840 I/ReactNativeJS(18909):        #28  The Amazing Maurice and His Educated Rodents (#28)      possible folder:name-corroborated(10/39) split:number-collision(49% dupes -> 2 folders)
08-09 00:40:58.840 I/ReactNativeJS(18909):        #29  Night Watch: Discworld, Book 29                         certain  alb.book-suffix folder:name-corroborated split:number-collision(49% dupes -> 2 folders)
08-09 00:40:58.840 I/ReactNativeJS(18909):        #30  The Wee Free Men: Discworld, Book 30                    certain  alb.book-suffix folder:name-corroborated split:number-collision(49% dupes -> 2 folders)
08-09 00:40:58.840 I/ReactNativeJS(18909):        #31  (#31) Monstrous Regiment                                possible folder:name-corroborated(10/39) split:number-collision(49% dupes -> 2 folders)
08-09 00:40:58.840 I/ReactNativeJS(18909):        #32  A Hat Full of Sky: Discworld, Book 32                   certain  alb.book-suffix folder:name-corroborated split:number-collision(49% dupes -> 2 folders)
08-09 00:40:58.840 I/ReactNativeJS(18909):        #33  Going Postal (Unabridged)                               possible folder:name-corroborated(10/39) num:folder split:number-collision(49% dupes -> 2 folders)
08-09 00:40:58.840 I/ReactNativeJS(18909):        #34  Thud!: Discworld, Book 34                               certain  alb.book-suffix folder:name-corroborated split:number-collision(49% dupes -> 2 folders)
08-09 00:40:58.840 I/ReactNativeJS(18909):        #35  Wintersmith: Discworld, Book 35                         certain  alb.book-suffix folder:name-corroborated split:number-collision(49% dupes -> 2 folders)
08-09 00:40:58.840 I/ReactNativeJS(18909):        #36  Making Money (Unabridged)                               possible folder:name-corroborated(10/39) num:folder split:number-collision(49% dupes -> 2 folders)
08-09 00:40:58.840 I/ReactNativeJS(18909):        #37  Unseen Academicals: Discworld Book, 37                  possible folder:name-corroborated(10/39) num:folder split:number-collision(49% dupes -> 2 folders)
08-09 00:40:58.840 I/ReactNativeJS(18909):        #38  I Shall Wear Midnight (Unabridged)                      possible folder:name-corroborated(10/39) num:folder split:number-collision(49% dupes -> 2 folders)
08-09 00:40:58.840 I/ReactNativeJS(18909):        #39  Snuff: Discworld, Book 39                               certain  alb.book-suffix folder:name-corroborated split:number-collision(49% dupes -> 2 folders)
08-09 00:40:58.840 I/ReactNativeJS(18909):        #40  Raising Steam (Unabridged)                              possible folder:name-corroborated(10/39) num:folder split:number-collision(49% dupes -> 2 folders)
08-09 00:40:58.840 I/ReactNativeJS(18909):        #41  The Shepherd's Crown (Unabridged)                       possible folder:name-corroborated(10/39) num:folder split:number-collision(49% dupes -> 2 folders)
08-09 00:40:58.841 I/ReactNativeJS(18909): [series] "Dresden Files"  22 books  (existing)
08-09 00:40:58.841 I/ReactNativeJS(18909):         #1  Storm Front: The Dresden Files, Book 1 (Unabridged)     certain  tag.extra.SERIES alb.book-suffix folder:name-corroborated
08-09 00:40:58.841 I/ReactNativeJS(18909):         #2  Fool Moon: The Dresden Files, Book 2 (Unabridged)       certain  tag.extra.SERIES alb.book-suffix folder:name-corroborated
08-09 00:40:58.841 I/ReactNativeJS(18909):         #3  Grave Peril: The Dresden Files, Book 3 (Unabridged)     certain  tag.extra.SERIES alb.book-suffix folder:name-corroborated
08-09 00:40:58.841 I/ReactNativeJS(18909):         #4  Summer Knight: The Dresden Files, Book 4 (Unabridged)   certain  tag.extra.SERIES alb.book-suffix folder:name-corroborated
08-09 00:40:58.841 I/ReactNativeJS(18909):         #5  Death Masks: The Dresden Files, Book 5 (Unabridged)     certain  tag.extra.SERIES alb.book-suffix folder:name-corroborated
08-09 00:40:58.841 I/ReactNativeJS(18909):         #6  Blood Rites: The Dresden Files, Book 6 (Unabridged)     certain  tag.extra.SERIES alb.book-suffix folder:name-corroborated
08-09 00:40:58.841 I/ReactNativeJS(18909):         #7  Dead Beat: The Dresden Files, Book 7 (Unabridged)       certain  tag.extra.SERIES alb.book-suffix folder:name-corroborated
08-09 00:40:58.841 I/ReactNativeJS(18909):         #8  Proven Guilty: The Dresden Files, Book 8 (Unabridged)   certain  tag.extra.SERIES alb.book-suffix folder:name-corroborated
08-09 00:40:58.841 I/ReactNativeJS(18909):         #9  White Night: The Dresden Files, Book 9 (Unabridged)     certain  tag.extra.SERIES alb.book-suffix folder:name-corroborated
08-09 00:40:58.841 I/ReactNativeJS(18909):        #10  The Dresden Files #10: Small Favor                      certain  tag.Grouping alb.hash-colon folder:name-corroborated
08-09 00:40:58.841 I/ReactNativeJS(18909):        #11  The Dresden Files #11: Turn Coat                        certain  tag.Grouping alb.hash-colon folder:name-corroborated
08-09 00:40:58.841 I/ReactNativeJS(18909):        #12  The Dresden Files #12: Changes                          certain  tag.Grouping alb.hash-colon folder:name-corroborated
08-09 00:40:58.841 I/ReactNativeJS(18909):      #12.5  The Dresden Files #12.5: Side Jobs                      certain  tag.Grouping alb.hash-colon folder:name-corroborated
08-09 00:40:58.841 I/ReactNativeJS(18909):        #13  The Dresden Files #13: Ghost Story                      certain  tag.Grouping alb.hash-colon folder:name-corroborated
08-09 00:40:58.841 I/ReactNativeJS(18909):        #14  The Dresden Files #14: Cold Days                        certain  tag.Grouping alb.hash-colon folder:name-corroborated
08-09 00:40:58.841 I/ReactNativeJS(18909):        #15  The Dresden Files #15: Skin Game                        certain  tag.Grouping alb.hash-colon folder:name-corroborated
08-09 00:40:58.841 I/ReactNativeJS(18909):      #15.5  Brief Cases (Unabridged)                                certain  tag.extra.SERIES folder:name-corroborated
08-09 00:40:58.841 I/ReactNativeJS(18909):        #16  Peace Talks (Unabridged)                                certain  tag.extra.SERIES folder:name-corroborated
08-09 00:40:58.841 I/ReactNativeJS(18909):        #17  Battle Ground (Unabridged)                              certain  tag.extra.SERIES folder:name-corroborated
08-09 00:40:58.841 I/ReactNativeJS(18909):      #17.5  The Law                                                 certain  tag.extra.SERIES folder:name-corroborated
08-09 00:40:58.841 I/ReactNativeJS(18909):        #18  Twelve Months (Unabridged)                              certain  tag.extra.SERIES folder:name-corroborated
08-09 00:40:58.841 I/ReactNativeJS(18909):          —  Heroic Hearts (Unabridged)                              possible folder:name-corroborated(21/22)
08-09 00:40:58.842 I/ReactNativeJS(18909): [series] "Demon Accords"  17 books  (existing)
08-09 00:40:58.842 I/ReactNativeJS(18909):         #1  Book 01 - God Touched - Demon Accords Series            certain  alb.book-dash-series folder:name-corroborated
08-09 00:40:58.842 I/ReactNativeJS(18909):         #1  Volume 01 - The Demon Accords Compendium                possible folder:name-corroborated(14/17)
08-09 00:40:58.842 I/ReactNativeJS(18909):         #2  Book 02 - Demon Driven - Demon Accords Series           certain  alb.book-dash-series folder:name-corroborated
08-09 00:40:58.842 I/ReactNativeJS(18909):         #2  Volume 02 - The Demon Accords Compendium                possible folder:name-corroborated(14/17)
08-09 00:40:58.842 I/ReactNativeJS(18909):         #3  Book 03 - Brutal Asset - Demon Accords Series           certain  alb.book-dash-series folder:name-corroborated
08-09 00:40:58.842 I/ReactNativeJS(18909):         #3  Volume 3 - The Demon Accords Compendium                 possible folder:name-corroborated(14/17)
08-09 00:40:58.842 I/ReactNativeJS(18909):       #3.5  Book 03.5 - Black Frost - Demon Accords Series          certain  alb.book-dash-series folder:name-corroborated
08-09 00:40:58.842 I/ReactNativeJS(18909):         #4  Book 04 - Duel Nature - Demon Accords Series            certain  alb.book-dash-series folder:name-corroborated
08-09 00:40:58.842 I/ReactNativeJS(18909):         #5  Book 05 - Fallen Stars - Demon Accords Series           certain  alb.book-dash-series folder:name-corroborated
08-09 00:40:58.842 I/ReactNativeJS(18909):         #6  Book 06 - Executable - Demon Accords Series             certain  alb.book-dash-series folder:name-corroborated
08-09 00:40:58.842 I/ReactNativeJS(18909):         #7  Book 07 - Forced Ascent - Demon Accords Series          certain  alb.book-dash-series folder:name-corroborated
08-09 00:40:58.842 I/ReactNativeJS(18909):         #8  Book 08 Part 1 - College Arcane - Demon Accords Series  certain  alb.book-dash-series folder:name-corroborated
08-09 00:40:58.842 I/ReactNativeJS(18909):         #8  Book 08 Part 2 - College Arcane - Demon Accords Series  certain  alb.book-dash-series folder:name-corroborated
08-09 00:40:58.842 I/ReactNativeJS(18909):         #9  Book 09 - God Hammer - Demon Accords Series             certain  alb.book-dash-series folder:name-corroborated
08-09 00:40:58.842 I/ReactNativeJS(18909):        #10  Book 10 - Rogues - Demon Accords Series                 certain  alb.book-dash-series folder:name-corroborated
08-09 00:40:58.842 I/ReactNativeJS(18909):        #11  Book 11 - Snake Eyes - Demon Accords Series             certain  alb.book-dash-series folder:name-corroborated
08-09 00:40:58.842 I/ReactNativeJS(18909):        #12  Book 12 - Winterfall - Demon Accords Series             certain  alb.book-dash-series folder:name-corroborated
08-09 00:40:58.843 I/ReactNativeJS(18909): [series] "Dungeon Crawler Carl"  8 books  (existing)
08-09 00:40:58.843 I/ReactNativeJS(18909):         #1  Dungeon Crawler Carl (Unabridged)                       certain  tag.extra.SERIES folder:name-corroborated
08-09 00:40:58.843 I/ReactNativeJS(18909):         #2  Carl's Doomsday Scenario: Dungeon Crawler Carl, Book 2  certain  alb.book-suffix folder:name-corroborated
08-09 00:40:58.843 I/ReactNativeJS(18909):         #3  The Dungeon Anarchist's Cookbook: Dungeon Crawler Carl  certain  alb.book-suffix folder:name-corroborated
08-09 00:40:58.843 I/ReactNativeJS(18909):         #4  The Gate of the Feral Gods: Dungeon Crawler Carl, Book  certain  alb.book-suffix folder:name-corroborated
08-09 00:40:58.843 I/ReactNativeJS(18909):         #5  The Butcher's Masquerade: Dungeon Crawler Carl, Book 5  certain  alb.book-suffix folder:name-corroborated
08-09 00:40:58.843 I/ReactNativeJS(18909):         #6  The Eye of the Bedlam Bride: Dungeon Crawler Carl, Boo  certain  alb.book-suffix folder:name-corroborated
08-09 00:40:58.843 I/ReactNativeJS(18909):         #7  This Inevitable Ruin                                    certain  tag.extra.SERIES folder:name-corroborated
08-09 00:40:58.843 I/ReactNativeJS(18909):          —  A Parade of Horribles                                   possible folder:name-corroborated(7/8)
08-09 00:40:58.844 I/ReactNativeJS(18909): [series] "The Dark Tower"  8 books  (existing)
08-09 00:40:58.844 I/ReactNativeJS(18909):         #1  The Dark Tower I: The Gunslinger                        certain  alb.roman folder:name-corroborated
08-09 00:40:58.844 I/ReactNativeJS(18909):         #2  The Dark Tower II: The Drawing Of The Three             certain  alb.roman folder:name-corroborated
08-09 00:40:58.844 I/ReactNativeJS(18909):         #4  The Dark Tower IV: Wizard & Glass                       certain  alb.roman folder:name-corroborated
08-09 00:40:58.844 I/ReactNativeJS(18909):         #5  The Dark Tower V: Wolves Of The Calla                   certain  alb.roman folder:name-corroborated
08-09 00:40:58.844 I/ReactNativeJS(18909):         #6  The Dark Tower VI: Song Of Susannah                     certain  alb.roman folder:name-corroborated
08-09 00:40:58.844 I/ReactNativeJS(18909):         #7  The Dark Tower VII: The Dark Tower                      certain  alb.roman folder:name-corroborated
08-09 00:40:58.844 I/ReactNativeJS(18909):          —  1991 - The Waste Lands (DT3 - read by Frank Muller)     possible folder:name-corroborated(6/8)
08-09 00:40:58.844 I/ReactNativeJS(18909):          —  LEGENDS - Stories by The Masters of Fantasy             possible folder:name-corroborated(6/8)
08-09 00:40:58.845 I/ReactNativeJS(18909): [series] "The First Law"  7 books  (existing)
08-09 00:40:58.845 I/ReactNativeJS(18909):         #1  01 - The Blade Itself                                   guess    folder:number-corroborated(7/7)
08-09 00:40:58.845 I/ReactNativeJS(18909):         #2  02 - Before They Are Hanged                             guess    folder:number-corroborated(7/7)
08-09 00:40:58.845 I/ReactNativeJS(18909):         #3  03 - Last Argument of Kings                             guess    folder:number-corroborated(7/7)
08-09 00:40:58.845 I/ReactNativeJS(18909):         #4  04 - Best Served Cold                                   guess    folder:number-corroborated(7/7)
08-09 00:40:58.845 I/ReactNativeJS(18909):         #5  05 - The Heroes                                         guess    folder:number-corroborated(7/7)
08-09 00:40:58.845 I/ReactNativeJS(18909):         #6  06 - Red Country                                        guess    folder:number-corroborated(7/7)
08-09 00:40:58.845 I/ReactNativeJS(18909):         #7  07 - Sharp Ends: Stories from the World of the First L  guess    folder:number-corroborated(7/7)
08-09 00:40:58.853 I/ReactNativeJS(18909): [series] "Mistborn"  6 books  (existing)
08-09 00:40:58.853 I/ReactNativeJS(18909):         #1  Mistborn 1 (Michael Kramer)                             likely   alb.name-num-sp
08-09 00:40:58.853 I/ReactNativeJS(18909):         #2  Mistborn 2 (Michael Kramer)                             likely   alb.name-num-sp
08-09 00:40:58.853 I/ReactNativeJS(18909):         #3  Mistborn 3 (Michael Kramer)                             likely   alb.name-num-sp
08-09 00:40:58.853 I/ReactNativeJS(18909):         #4  Mistborn 4 (Michael Kramer)                             likely   alb.name-num-sp
08-09 00:40:58.853 I/ReactNativeJS(18909):         #5  Mistborn 5 (Michael Kramer)                             likely   alb.name-num-sp
08-09 00:40:58.853 I/ReactNativeJS(18909):         #6  Mistborn 6 (Michael Kramer)                             likely   alb.name-num-sp
08-09 00:40:58.854 I/ReactNativeJS(18909): [series] "Shadow Saga"  6 books  (existing)
08-09 00:40:58.854 I/ReactNativeJS(18909):         #1  Shadow 1 - Ender's Shadow                               certain  alb.name-num-dash folder:name-corroborated
08-09 00:40:58.854 I/ReactNativeJS(18909):         #3  Shadow 3 - Shadow Puppets                               certain  alb.name-num-dash folder:name-corroborated
08-09 00:40:58.854 I/ReactNativeJS(18909):         #6  Shadow of the Hegemon                                   possible folder:name-corroborated(2/6) num:folder
08-09 00:40:58.854 I/ReactNativeJS(18909):         #8  008 - Shadow of the Giant                               possible folder:name-corroborated(2/6)
08-09 00:40:58.854 I/ReactNativeJS(18909):         #9  Shadows in Flight                                       possible folder:name-corroborated(2/6) num:folder
08-09 00:40:58.854 I/ReactNativeJS(18909):        #10  The Last Shadow: Other Tales from the Ender Universe    possible folder:name-corroborated(2/6) num:folder
08-09 00:40:58.855 I/ReactNativeJS(18909): [series] "Bobiverse"  5 books  (suppressed)
08-09 00:40:58.855 I/ReactNativeJS(18909):         #1  Bobiverse 01 We Are Legion (We Are Bob)                 certain  alb.name-num-sp folder:name-corroborated
08-09 00:40:58.855 I/ReactNativeJS(18909):         #2  Bobiverse 02 For We Are Many                            certain  alb.name-num-sp folder:name-corroborated
08-09 00:40:58.855 I/ReactNativeJS(18909):         #3  Bobiverse 03 All These Worlds                           certain  alb.name-num-sp folder:name-corroborated
08-09 00:40:58.855 I/ReactNativeJS(18909):         #4  Bobiverse 04 Heaven's River                             certain  alb.name-num-sp folder:name-corroborated
08-09 00:40:58.855 I/ReactNativeJS(18909):         #5  Bobiverse 05 Not Till We Are Lost                       certain  alb.name-num-sp folder:name-corroborated
08-09 00:40:58.856 I/ReactNativeJS(18909): [series] "Long Earth"  5 books  (existing)
08-09 00:40:58.856 I/ReactNativeJS(18909):         #1  (Long Earth 01) The Long Earth                          certain  alb.paren-pre folder:name-corroborated
08-09 00:40:58.856 I/ReactNativeJS(18909):         #2  (Long Earth 02) The Long War                            certain  alb.paren-pre folder:name-corroborated
08-09 00:40:58.856 I/ReactNativeJS(18909):         #3  (Long Earth 03) The Long Mars                           certain  alb.paren-pre folder:name-corroborated
08-09 00:40:58.856 I/ReactNativeJS(18909):         #4  (Long Earth 04) The Long Utopia                         certain  alb.paren-pre folder:name-corroborated
08-09 00:40:58.856 I/ReactNativeJS(18909):         #5  (Long Earth 05) The Long Cosmos                         certain  alb.paren-pre folder:name-corroborated
08-09 00:40:58.857 I/ReactNativeJS(18909): [series] "Lockwood and Co."  4 books  (existing)
08-09 00:40:58.857 I/ReactNativeJS(18909):         #1  Lockwood and Co Book 1 - The Screaming Staircase        certain  alb.series-book-n folder:name-corroborated
08-09 00:40:58.857 I/ReactNativeJS(18909):         #2  Lockwood and Co Book 2 - The Whispering Skull           certain  alb.series-book-n folder:name-corroborated
08-09 00:40:58.857 I/ReactNativeJS(18909):         #3  Lockwood and Co Book 3 - The Hollow Boy                 certain  alb.series-book-n folder:name-corroborated
08-09 00:40:58.857 I/ReactNativeJS(18909):         #5  Lockwood & Co: The Empty Grave (Unabridged)             possible folder:name-corroborated(3/5) num:folder
08-09 00:40:58.858 I/ReactNativeJS(18909): [series] "Memory, Sorrow & Thorn"  4 books  (existing)
08-09 00:40:58.858 I/ReactNativeJS(18909):         #1  01 The Dragonbone Chair                                 guess    folder:number-corroborated(4/4)
08-09 00:40:58.858 I/ReactNativeJS(18909):         #2  02 The Stone of Farewell                                guess    folder:number-corroborated(4/4)
08-09 00:40:58.858 I/ReactNativeJS(18909):         #3  03 To Green Angel Tower - Siege                         guess    folder:number-corroborated(4/4)
08-09 00:40:58.858 I/ReactNativeJS(18909):         #4  04 To Green Angel Tower - Storm                         guess    folder:number-corroborated(4/4)
08-09 00:40:58.859 I/ReactNativeJS(18909): [series] "The Murderbot Diaries"  4 books  (existing)
08-09 00:40:58.859 I/ReactNativeJS(18909):         #3  Rogue Protocol: The Murderbot Diaries, Book 3           likely   alb.book-suffix
08-09 00:40:58.859 I/ReactNativeJS(18909):         #5  Network Effect                                          certain  tag.extra.SERIES
08-09 00:40:58.859 I/ReactNativeJS(18909):         #6  The Murderbot Diaries 6: Fugitive Telemetry             likely   alb.name-num-dash
08-09 00:40:58.859 I/ReactNativeJS(18909):         #7  Martha Wells - The Murderbot Diaries 07 - System Colla  likely   alb.name-num-dash
08-09 00:40:58.860 I/ReactNativeJS(18909): [series] "Bromeliad"  3 books  (existing)
08-09 00:40:58.860 I/ReactNativeJS(18909):         #1  Bromeliad 01 - Truckers                                 certain  alb.name-num-dash folder:name-corroborated
08-09 00:40:58.860 I/ReactNativeJS(18909):         #2  Bromeliad 02 - Diggers                                  certain  alb.name-num-dash folder:name-corroborated
08-09 00:40:58.860 I/ReactNativeJS(18909):         #3  Bromeliad 03 - Wings                                    certain  alb.name-num-dash folder:name-corroborated
08-09 00:40:58.861 I/ReactNativeJS(18909): [series] "Crouch, B"  3 books  (new)
08-09 00:40:58.861 I/ReactNativeJS(18909):         #1  Crouch, B: 1 Pines                                      likely   alb.name-num-sp
08-09 00:40:58.861 I/ReactNativeJS(18909):         #2  Crouch, B: 2 Wayward                                    likely   alb.name-num-sp
08-09 00:40:58.861 I/ReactNativeJS(18909):         #3  Crouch, B: 3 The Last Town                              likely   alb.name-num-sp
08-09 00:40:58.862 I/ReactNativeJS(18909): [series] "Lord of the Rings"  3 books  (existing)
08-09 00:40:58.862 I/ReactNativeJS(18909):         #1  The Fellowship of the Ring: Lord of the Rings, Book 1   likely   alb.book-suffix
08-09 00:40:58.862 I/ReactNativeJS(18909):         #2  The Two Towers: Lord of the Rings, Book 2               likely   alb.book-suffix
08-09 00:40:58.862 I/ReactNativeJS(18909):         #3  The Return of the King: Lord of the Rings, Book 3       likely   alb.book-suffix
08-09 00:40:58.863 I/ReactNativeJS(18909): [series] "The Age of Madness"  3 books  (existing)
08-09 00:40:58.863 I/ReactNativeJS(18909):         #1  01 - A Little Hatred                                    guess    folder:number-corroborated(3/3)
08-09 00:40:58.863 I/ReactNativeJS(18909):         #2  02 - The Trouble with Peace                             guess    folder:number-corroborated(3/3)
08-09 00:40:58.863 I/ReactNativeJS(18909):         #3  03 - The Wisdom of Crowds                               guess    folder:number-corroborated(3/3)
08-09 00:40:58.864 I/ReactNativeJS(18909): [series] "The Silo Saga"  3 books  (existing)
08-09 00:40:58.864 I/ReactNativeJS(18909):         #1  Wool: The Silo Saga, Book 1                             certain  tag.Grouping alb.book-suffix folder:name-corroborated
08-09 00:40:58.864 I/ReactNativeJS(18909):         #2  Shift: The Silo Saga, Book 2                            certain  alb.book-suffix folder:name-corroborated
08-09 00:40:58.864 I/ReactNativeJS(18909):         #3  Dust: The Silo Saga, Book 3                             certain  alb.book-suffix folder:name-corroborated
08-09 00:40:58.865 I/ReactNativeJS(18909): [series] "TMC"  3 books  (existing)
08-09 00:40:58.865 I/ReactNativeJS(18909):         #1  TMC 01 Thursday Murder Club                             likely   alb.name-num-sp
08-09 00:40:58.865 I/ReactNativeJS(18909):         #2  TMC 02 The Man Who Died Twice                           likely   alb.name-num-sp
08-09 00:40:58.865 I/ReactNativeJS(18909):         #3  TMC 03 The Bullet That Missed                           likely   alb.name-num-sp
08-09 00:40:58.868 I/ReactNativeJS(18909): [series] "Cerulean Chronicles"  2 books  (existing)
08-09 00:40:58.868 I/ReactNativeJS(18909):         #1  Cerulean Chronicles 01 - The House in the Cerulean Sea  certain  tag.extra.SERIES alb.name-num-dash
08-09 00:40:58.868 I/ReactNativeJS(18909):         #2  Cerulean Chronicles 02 - Somewhere Beyond the Sea       certain  tag.extra.SERIES alb.name-num-dash
08-09 00:40:58.869 I/ReactNativeJS(18909): [series] "Kingkiller Chronicle"  2 books  (existing)
08-09 00:40:58.869 I/ReactNativeJS(18909):         #1  Kingkiller Chronicle 01 The Name of the Wind            likely   alb.name-num-sp
08-09 00:40:58.869 I/ReactNativeJS(18909):         #2  Kingkiller Chronicle 02 The Wise Man's Fear             likely   alb.name-num-sp
08-09 00:40:58.870 I/ReactNativeJS(18909): [series] "Red Rising"  2 books  (existing)
08-09 00:40:58.870 I/ReactNativeJS(18909):         #5  Red Rising, Book 5 - Dark Age                           likely   alb.series-book-n
08-09 00:40:58.870 I/ReactNativeJS(18909):         #6  Light Bringer: Red Rising, Book 6                       likely   alb.book-suffix
08-09 00:40:58.871 I/ReactNativeJS(18909): [series] detection (conservative): 351 units → 23 series, 200 books placed · created 1 (3 rows) · inserted 0 · removed 0 · skipped 1 · 143ms
08-09 00:48:12.755 I/ReactNativeJS(18909): [rowprobe] inner f7ifNvYcDndBhpVG h=220.00001525878906
08-09 00:48:12.756 I/ReactNativeJS(18909): [rowprobe] inner Ul6iMuDad0p0G6Il h=220
08-09 00:48:12.763 I/ReactNativeJS(18909): [rowprobe] item UMlu884lMhoAx412 h=212.00003051757812
08-09 00:48:12.765 I/ReactNativeJS(18909): [rowprobe] item pL0GnCoHDcXghhhW h=212.00003051757812
08-09 00:48:12.766 I/ReactNativeJS(18909): [rowprobe] item uEthzLoMb8NP1ZVl h=212
08-09 00:48:12.767 I/ReactNativeJS(18909): [rowprobe] item KT8FAi5J3511ZuJx h=212
08-09 00:48:12.768 I/ReactNativeJS(18909): [rowprobe] item ZHuG7qw7HXwu6k6V h=212.00003051757812
08-09 00:48:12.770 I/ReactNativeJS(18909): [rowprobe] inner SQCg4J25veYeLboC h=220
08-09 00:48:12.775 I/ReactNativeJS(18909): [rowprobe] item Z6AjOG6fsJN1Q5xZ h=212
08-09 00:48:12.777 I/ReactNativeJS(18909): [rowprobe] item XqiYLsLTXxrvVzLW h=212
08-09 00:48:12.778 I/ReactNativeJS(18909): [rowprobe] item eeCtW2u0xNvNRWWt h=212
08-09 00:48:13.054 I/ReactNativeJS(18909): [rowprobe] inner VxelVMfQNwMKtuX3 h=220
08-09 00:48:13.056 I/ReactNativeJS(18909): [rowprobe] item CGTjffJuU6qlfDh1 h=212
08-09 00:48:13.057 I/ReactNativeJS(18909): [rowprobe] item FzZUnzNVclQigcyE h=212
08-09 00:48:13.058 I/ReactNativeJS(18909): [rowprobe] item hjNCy2bHsytmSXIW h=212
08-09 00:48:13.122 I/ReactNativeJS(18909): [rowprobe] item CCs5Qn8iyRxOlvU1 h=212
08-09 00:48:14.416 I/ReactNativeJS(18909): [rowprobe] inner Jk3XVKqYZIwY02hG h=220
08-09 00:48:14.422 I/ReactNativeJS(18909): [rowprobe] item oNGnV9zqdf36tbVi h=212
08-09 00:48:14.424 I/ReactNativeJS(18909): [rowprobe] item TAIveyjGZll0d48D h=212
08-09 00:48:14.425 I/ReactNativeJS(18909): [rowprobe] item taSdGrIRwTWQrgGK h=212
08-09 00:48:14.426 I/ReactNativeJS(18909): [rowprobe] item WoQiue03qoB5QlcD h=212
08-09 00:48:14.428 I/ReactNativeJS(18909): [rowprobe] item v7nGfK1isFl3ZBQZ h=212
08-09 00:48:14.813 I/ReactNativeJS(18909): [rowprobe] inner NtHuVYgoh7ps0YYr h=220
08-09 00:48:14.815 I/ReactNativeJS(18909): [rowprobe] item bmRwbN0aTlb0nrO7 h=212
08-09 00:48:14.816 I/ReactNativeJS(18909): [rowprobe] item Gc0Ey2v8MATtN2Pv h=212
08-09 00:48:14.817 I/ReactNativeJS(18909): [rowprobe] item XpDaxIifrEUPj1a4 h=212
08-09 00:48:14.819 I/ReactNativeJS(18909): [rowprobe] item GL1uXBFEfKJqAgl0 h=212
08-09 00:48:14.820 I/ReactNativeJS(18909): [rowprobe] item 6XCSOx3u3kiLQkhq h=212
08-09 00:48:14.821 I/ReactNativeJS(18909): [rowprobe] item SvD24mWaXUL4Ne7R h=212
08-09 00:48:14.823 I/ReactNativeJS(18909): [rowprobe] item y4CQj6SDQqVdbiZj h=212
08-09 00:48:14.824 I/ReactNativeJS(18909): [rowprobe] item NNSmh2VHQw9ziu9C h=212
08-09 00:48:14.825 I/ReactNativeJS(18909): [rowprobe] item 7gJpdt8trfuHq8a2 h=212
08-09 00:48:14.826 I/ReactNativeJS(18909): [rowprobe] item pALvCowATOeUUybf h=212
08-09 00:48:14.828 I/ReactNativeJS(18909): [rowprobe] item iO8dbgn17VF8ZpbV h=212
08-09 00:48:14.949 I/ReactNativeJS(18909): [rowprobe] item 7pJ6LgXYwLrElPBj h=212
08-09 00:48:14.950 I/ReactNativeJS(18909): [rowprobe] item qLSySmnsiCFZ54Wj h=212
08-09 00:48:14.952 I/ReactNativeJS(18909): [rowprobe] item oFRqXyLP2cRt8mjW h=212
08-09 00:48:14.953 I/ReactNativeJS(18909): [rowprobe] item VFWIZlWQv9vnJq7M h=212
08-09 00:48:15.123 I/ReactNativeJS(18909): [rowprobe] item oNGnV9zqdf36tbVi h=212
08-09 00:48:15.125 I/ReactNativeJS(18909): [rowprobe] item TAIveyjGZll0d48D h=212
08-09 00:48:15.126 I/ReactNativeJS(18909): [rowprobe] item taSdGrIRwTWQrgGK h=212
08-09 00:48:15.128 I/ReactNativeJS(18909): [rowprobe] item WoQiue03qoB5QlcD h=212
08-09 00:48:15.129 I/ReactNativeJS(18909): [rowprobe] item v7nGfK1isFl3ZBQZ h=212
08-09 00:48:15.131 I/ReactNativeJS(18909): [rowprobe] item pALvCowATOeUUybf h=212
08-09 00:48:15.132 I/ReactNativeJS(18909): [rowprobe] item iO8dbgn17VF8ZpbV h=212
08-09 00:48:16.057 I/ReactNativeJS(18909): [rowprobe] item 7pJ6LgXYwLrElPBj h=212
08-09 00:48:16.062 I/ReactNativeJS(18909): [rowprobe] item qLSySmnsiCFZ54Wj h=212
08-09 00:48:16.063 I/ReactNativeJS(18909): [rowprobe] item oFRqXyLP2cRt8mjW h=212
08-09 00:48:16.065 I/ReactNativeJS(18909): [rowprobe] item VFWIZlWQv9vnJq7M h=212
08-09 00:48:21.500 I/ReactNativeJS(18909): [rowprobe] inner f7ifNvYcDndBhpVG h=220.00001525878906
08-09 00:48:21.503 I/ReactNativeJS(18909): [rowprobe] inner Ul6iMuDad0p0G6Il h=220
08-09 00:48:21.504 I/ReactNativeJS(18909): [rowprobe] item UMlu884lMhoAx412 h=212.00003051757812
08-09 00:48:21.506 I/ReactNativeJS(18909): [rowprobe] item pL0GnCoHDcXghhhW h=212.00003051757812
08-09 00:48:21.507 I/ReactNativeJS(18909): [rowprobe] item uEthzLoMb8NP1ZVl h=212
08-09 00:48:21.508 I/ReactNativeJS(18909): [rowprobe] item KT8FAi5J3511ZuJx h=212
08-09 00:48:21.510 I/ReactNativeJS(18909): [rowprobe] item ZHuG7qw7HXwu6k6V h=212.00003051757812
08-09 00:48:21.511 I/ReactNativeJS(18909): [rowprobe] inner SQCg4J25veYeLboC h=220
08-09 00:48:21.513 I/ReactNativeJS(18909): [rowprobe] item Z6AjOG6fsJN1Q5xZ h=212
08-09 00:48:21.514 I/ReactNativeJS(18909): [rowprobe] item XqiYLsLTXxrvVzLW h=212
08-09 00:48:21.516 I/ReactNativeJS(18909): [rowprobe] item eeCtW2u0xNvNRWWt h=212
08-09 00:48:21.731 I/ReactNativeJS(18909): [rowprobe] inner VxelVMfQNwMKtuX3 h=220
08-09 00:48:21.737 I/ReactNativeJS(18909): [rowprobe] item CGTjffJuU6qlfDh1 h=212
08-09 00:48:21.738 I/ReactNativeJS(18909): [rowprobe] item FzZUnzNVclQigcyE h=212
08-09 00:48:21.740 I/ReactNativeJS(18909): [rowprobe] item hjNCy2bHsytmSXIW h=212
08-09 00:48:21.804 I/ReactNativeJS(18909): [rowprobe] item CCs5Qn8iyRxOlvU1 h=212
08-09 00:50:22.217 W/ReactNativeJS(18909): [series] 0 books sit under no configured root and 1 have no first chapter — all dropped before detection, out of 352
08-09 00:50:22.812 I/ReactNativeJS(18909): [series] "Discworld"  41 books  (existing)
08-09 00:50:22.812 I/ReactNativeJS(18909):         #1  Discworld 01 - The Colour of Magic                      certain  alb.name-num-dash folder:name-corroborated split:number-collision(49% dupes -> 2 folders)
08-09 00:50:22.812 I/ReactNativeJS(18909):         #2  Discworld 02 - The Light Fantastic                      certain  alb.name-num-dash folder:name-corroborated split:number-collision(49% dupes -> 2 folders)
08-09 00:50:22.812 I/ReactNativeJS(18909):         #3  Discworld 03 - Equal Rites                              certain  alb.name-num-dash folder:name-corroborated split:number-collision(49% dupes -> 2 folders)
08-09 00:50:22.812 I/ReactNativeJS(18909):         #4  Discworld 04 - Mort                                     certain  alb.name-num-dash folder:name-corroborated split:number-collision(49% dupes -> 2 folders)
08-09 00:50:22.812 I/ReactNativeJS(18909):         #5  Discworld 05 - Sourcery                                 certain  alb.name-num-dash folder:name-corroborated split:number-collision(49% dupes -> 2 folders)
08-09 00:50:22.812 I/ReactNativeJS(18909):         #6  Discworld 06 -  Wyrd Sisters                            certain  alb.name-num-dash folder:name-corroborated split:number-collision(49% dupes -> 2 folders)
08-09 00:50:22.812 I/ReactNativeJS(18909):         #7  Discworld 07 - Pyramids                                 certain  alb.name-num-dash folder:name-corroborated split:number-collision(49% dupes -> 2 folders)
08-09 00:50:22.812 I/ReactNativeJS(18909):         #8  Discworld 08 - Guards! Guards!                          certain  alb.name-num-dash folder:name-corroborated split:number-collision(49% dupes -> 2 folders)
08-09 00:50:22.812 I/ReactNativeJS(18909):         #9  Discworld 09 - Eric                                     certain  alb.name-num-dash folder:name-corroborated split:number-collision(49% dupes -> 2 folders)
08-09 00:50:22.812 I/ReactNativeJS(18909):        #10  Discworld 10 - Moving Pictures                          certain  alb.name-num-dash folder:name-corroborated split:number-collision(49% dupes -> 2 folders)
08-09 00:50:22.812 I/ReactNativeJS(18909):        #11  Discworld 11 - Reaper Man                               certain  alb.name-num-dash folder:name-corroborated split:number-collision(49% dupes -> 2 folders)
08-09 00:50:22.812 I/ReactNativeJS(18909):        #12  Discworld 12 - Witches Abroad                           certain  alb.name-num-dash folder:name-corroborated split:number-collision(49% dupes -> 2 folders)
08-09 00:50:22.812 I/ReactNativeJS(18909):        #13  Discworld 13 - Small Gods                               certain  tag.Grouping+bare-num alb.name-num-dash folder:name-corroborated split:number-collision(49% dupes -> 2 folders)
08-09 00:50:22.812 I/ReactNativeJS(18909):        #14  Discworld 14 - Lords and Ladies                         certain  alb.name-num-dash folder:name-corroborated split:number-collision(49% dupes -> 2 folders)
08-09 00:50:22.812 I/ReactNativeJS(18909):        #15  Discworld 15 - Men At Arms                              certain  alb.name-num-dash folder:name-corroborated split:number-collision(49% dupes -> 2 folders)
08-09 00:50:22.812 I/ReactNativeJS(18909):        #16  Discworld 16 - Soul Music                               certain  alb.name-num-dash folder:name-corroborated split:number-collision(49% dupes -> 2 folders)
08-09 00:50:22.812 I/ReactNativeJS(18909):        #17  Discworld 17 - Interesting Times                        certain  alb.name-num-dash folder:name-corroborated split:number-collision(49% dupes -> 2 folders)
08-09 00:50:22.812 I/ReactNativeJS(18909):        #18  Discworld 18 - Maskerade                                certain  alb.name-num-dash folder:name-corroborated split:number-collision(49% dupes -> 2 folders)
08-09 00:50:22.812 I/ReactNativeJS(18909):        #19  Discworld 19 - Feet of Clay                             certain  alb.name-num-dash folder:name-corroborated split:number-collision(49% dupes -> 2 folders)
08-09 00:50:22.812 I/ReactNativeJS(18909):        #20  Discworld 20 - Hogfather                                certain  alb.name-num-dash folder:name-corroborated split:number-collision(49% dupes -> 2 folders)
08-09 00:50:22.812 I/ReactNativeJS(18909):        #21  Discworld 21 - Jingo                                    certain  alb.name-num-dash folder:name-corroborated split:number-collision(49% dupes -> 2 folders)
08-09 00:50:22.812 I/ReactNativeJS(18909):        #22  Discworld 22 - The Last Continent                       certain  alb.name-num-dash folder:name-corroborated split:number-collision(49% dupes -> 2 folders)
08-09 00:50:22.812 I/ReactNativeJS(18909):        #23  Discworld 23 - Carpe Jugulum                            certain  alb.name-num-dash folder:name-corroborated split:number-collision(49% dupes -> 2 folders)
08-09 00:50:22.812 I/ReactNativeJS(18909):        #24  Discworld 24 - The Fifth Elephant                       certain  alb.name-num-dash folder:name-corroborated split:number-collision(49% dupes -> 2 folders)
08-09 00:50:22.812 I/ReactNativeJS(18909):        #25  Discworld 25 - The Truth                                certain  alb.name-num-dash folder:name-corroborated split:number-collision(49% dupes -> 2 folders)
08-09 00:50:22.812 I/ReactNativeJS(18909):        #26  Discworld 26 - Thief of Time                            certain  alb.name-num-dash folder:name-corroborated split:number-collision(49% dupes -> 2 folders)
08-09 00:50:22.812 I/ReactNativeJS(18909):        #27  Discworld 27 - The Last Hero                            certain  alb.name-num-dash folder:name-corroborated split:number-collision(49% dupes -> 2 folders)
08-09 00:50:22.812 I/ReactNativeJS(18909):        #28  Discworld 28 - The Amazing Maurice and His Educated Ro  certain  alb.name-num-dash folder:name-corroborated split:number-collision(49% dupes -> 2 folders)
08-09 00:50:22.812 I/ReactNativeJS(18909):        #29  Discworld 29 - Night Watch                              certain  alb.name-num-dash folder:name-corroborated split:number-collision(49% dupes -> 2 folders)
08-09 00:50:22.812 I/ReactNativeJS(18909):        #30  Discworld 30 - The Wee Free Men                         certain  alb.name-num-dash folder:name-corroborated split:number-collision(49% dupes -> 2 folders)
08-09 00:50:22.812 I/ReactNativeJS(18909):        #31  Discworld 31 - Monstrous Regiment                       certain  alb.name-num-dash folder:name-corroborated split:number-collision(49% dupes -> 2 folders)
08-09 00:50:22.812 I/ReactNativeJS(18909):        #32  Discworld 32 - A Hat Full of Sky                        certain  alb.name-num-dash folder:name-corroborated split:number-collision(49% dupes -> 2 folders)
08-09 00:50:22.812 I/ReactNativeJS(18909):        #33  Discworld 33 - Going Postal                             certain  alb.name-num-dash folder:name-corroborated split:number-collision(49% dupes -> 2 folders)
08-09 00:50:22.812 I/ReactNativeJS(18909):        #34  Discworld 34 - Thud!                                    certain  alb.name-num-dash folder:name-corroborated split:number-collision(49% dupes -> 2 folders)
08-09 00:50:22.812 I/ReactNativeJS(18909):        #35  Discworld 35 - Wintersmith                              certain  alb.name-num-dash folder:name-corroborated split:number-collision(49% dupes -> 2 folders)
08-09 00:50:22.812 I/ReactNativeJS(18909):        #36  Discworld 36 - Making Money                             certain  alb.name-num-dash folder:name-corroborated split:number-collision(49% dupes -> 2 folders)
08-09 00:50:22.812 I/ReactNativeJS(18909):        #37  Discworld 37 - Unseen Academicals                       certain  tag.Grouping+bare-num alb.name-num-dash folder:name-corroborated split:number-collision(49% dupes -> 2 folders)
08-09 00:50:22.812 I/ReactNativeJS(18909):        #38  DW38-I Shall Wear Midnight                              possible folder:name-corroborated(37/41) num:folder split:number-collision(49% dupes -> 2 folders)
08-09 00:50:22.812 I/ReactNativeJS(18909):        #39  Snuff                                                   possible folder:name-corroborated(37/41) num:folder split:number-collision(49% dupes -> 2 folders)
08-09 00:50:22.812 I/ReactNativeJS(18909):        #40  Raising Steam                                           possible folder:name-corroborated(37/41) num:folder split:number-collision(49% dupes -> 2 folders)
08-09 00:50:22.812 I/ReactNativeJS(18909):        #41  The Shepherd's Crown                                    possible folder:name-corroborated(37/41) num:folder split:number-collision(49% dupes -> 2 folders)
08-09 00:50:22.815 I/ReactNativeJS(18909): [series] "Discworld (2022)"  39 books  (existing)
08-09 00:50:22.815 I/ReactNativeJS(18909):         #1  The Colour of Magic                                     possible folder:name-corroborated(10/39) num:folder split:number-collision(49% dupes -> 2 folders)
08-09 00:50:22.815 I/ReactNativeJS(18909):         #2  The Light Fantastic                                     possible folder:name-corroborated(10/39) num:folder split:number-collision(49% dupes -> 2 folders)
08-09 00:50:22.815 I/ReactNativeJS(18909):         #3  Equal Rites                                             possible folder:name-corroborated(10/39) num:folder split:number-collision(49% dupes -> 2 folders)
08-09 00:50:22.815 I/ReactNativeJS(18909):         #4  Mort (#4)                                               possible folder:name-corroborated(10/39) split:number-collision(49% dupes -> 2 folders)
08-09 00:50:22.815 I/ReactNativeJS(18909):         #5  Sourcery (#5)                                           possible folder:name-corroborated(10/39) split:number-collision(49% dupes -> 2 folders)
08-09 00:50:22.815 I/ReactNativeJS(18909):         #7  Pyramids: Discworld, Book 7                             certain  alb.book-suffix folder:name-corroborated split:number-collision(49% dupes -> 2 folders)
08-09 00:50:22.815 I/ReactNativeJS(18909):         #8  Guards! Guards! (Unabridged)                            possible folder:name-corroborated(10/39) num:folder split:number-collision(49% dupes -> 2 folders)
08-09 00:50:22.815 I/ReactNativeJS(18909):         #9  (#9) Eric                                               possible folder:name-corroborated(10/39) split:number-collision(49% dupes -> 2 folders)
08-09 00:50:22.815 I/ReactNativeJS(18909):        #10  Moving Pictures: Discworld, Book 10                     certain  alb.book-suffix folder:name-corroborated split:number-collision(49% dupes -> 2 folders)
08-09 00:50:22.815 I/ReactNativeJS(18909):        #11  (#11) Reaper Man                                        possible folder:name-corroborated(10/39) split:number-collision(49% dupes -> 2 folders)
08-09 00:50:22.815 I/ReactNativeJS(18909):        #12  Witches Abroad                                          possible folder:name-corroborated(10/39) num:folder split:number-collision(49% dupes -> 2 folders)
08-09 00:50:22.815 I/ReactNativeJS(18909):        #13  Small Gods (#13)                                        possible folder:name-corroborated(10/39) split:number-collision(49% dupes -> 2 folders)
08-09 00:50:22.815 I/ReactNativeJS(18909):        #14  Lords and Ladies                                        possible folder:name-corroborated(10/39) num:folder split:number-collision(49% dupes -> 2 folders)
08-09 00:50:22.815 I/ReactNativeJS(18909):        #15  Men at Arms (Unabridged)                                possible folder:name-corroborated(10/39) num:folder split:number-collision(49% dupes -> 2 folders)
08-09 00:50:22.815 I/ReactNativeJS(18909):        #16  (#16) Soul Music                                        possible folder:name-corroborated(10/39) split:number-collision(49% dupes -> 2 folders)
08-09 00:50:22.815 I/ReactNativeJS(18909):        #17  (#17) Interesting Times                                 possible folder:name-corroborated(10/39) split:number-collision(49% dupes -> 2 folders)
08-09 00:50:22.815 I/ReactNativeJS(18909):        #18  Maskerade                                               possible folder:name-corroborated(10/39) num:folder split:number-collision(49% dupes -> 2 folders)
08-09 00:50:22.815 I/ReactNativeJS(18909):        #19  Feet of Clay (Unabridged)                               possible folder:name-corroborated(10/39) num:folder split:number-collision(49% dupes -> 2 folders)
08-09 00:50:22.815 I/ReactNativeJS(18909):        #20  Hogfather: Discworld, Book 20                           certain  alb.book-suffix folder:name-corroborated split:number-collision(49% dupes -> 2 folders)
08-09 00:50:22.815 I/ReactNativeJS(18909):        #21  Jingo (Unabridged)                                      possible folder:name-corroborated(10/39) num:folder split:number-collision(49% dupes -> 2 folders)
08-09 00:50:22.815 I/ReactNativeJS(18909):        #22  The Last Continent: Discworld, Book 22                  certain  alb.book-suffix folder:name-corroborated split:number-collision(49% dupes -> 2 folders)
08-09 00:50:22.815 I/ReactNativeJS(18909):        #23  Carpe Jugulum                                           possible folder:name-corroborated(10/39) num:folder split:number-collision(49% dupes -> 2 folders)
08-09 00:50:22.815 I/ReactNativeJS(18909):        #24  The Fifth Elephant (Unabridged)                         possible folder:name-corroborated(10/39) num:folder split:number-collision(49% dupes -> 2 folders)
08-09 00:50:22.815 I/ReactNativeJS(18909):        #25  The Truth (Unabridged)                                  possible folder:name-corroborated(10/39) num:folder split:number-collision(49% dupes -> 2 folders)
08-09 00:50:22.815 I/ReactNativeJS(18909):        #26  Thief of Time (#26)                                     possible folder:name-corroborated(10/39) split:number-collision(49% dupes -> 2 folders)
08-09 00:50:22.815 I/ReactNativeJS(18909):        #28  The Amazing Maurice and His Educated Rodents (#28)      possible folder:name-corroborated(10/39) split:number-collision(49% dupes -> 2 folders)
08-09 00:50:22.815 I/ReactNativeJS(18909):        #29  Night Watch: Discworld, Book 29                         certain  alb.book-suffix folder:name-corroborated split:number-collision(49% dupes -> 2 folders)
08-09 00:50:22.815 I/ReactNativeJS(18909):        #30  The Wee Free Men: Discworld, Book 30                    certain  alb.book-suffix folder:name-corroborated split:number-collision(49% dupes -> 2 folders)
08-09 00:50:22.815 I/ReactNativeJS(18909):        #31  (#31) Monstrous Regiment                                possible folder:name-corroborated(10/39) split:number-collision(49% dupes -> 2 folders)
08-09 00:50:22.815 I/ReactNativeJS(18909):        #32  A Hat Full of Sky: Discworld, Book 32                   certain  alb.book-suffix folder:name-corroborated split:number-collision(49% dupes -> 2 folders)
08-09 00:50:22.815 I/ReactNativeJS(18909):        #33  Going Postal (Unabridged)                               possible folder:name-corroborated(10/39) num:folder split:number-collision(49% dupes -> 2 folders)
08-09 00:50:22.815 I/ReactNativeJS(18909):        #34  Thud!: Discworld, Book 34                               certain  alb.book-suffix folder:name-corroborated split:number-collision(49% dupes -> 2 folders)
08-09 00:50:22.815 I/ReactNativeJS(18909):        #35  Wintersmith: Discworld, Book 35                         certain  alb.book-suffix folder:name-corroborated split:number-collision(49% dupes -> 2 folders)
08-09 00:50:22.815 I/ReactNativeJS(18909):        #36  Making Money (Unabridged)                               possible folder:name-corroborated(10/39) num:folder split:number-collision(49% dupes -> 2 folders)
08-09 00:50:22.815 I/ReactNativeJS(18909):        #37  Unseen Academicals: Discworld Book, 37                  possible folder:name-corroborated(10/39) num:folder split:number-collision(49% dupes -> 2 folders)
08-09 00:50:22.815 I/ReactNativeJS(18909):        #38  I Shall Wear Midnight (Unabridged)                      possible folder:name-corroborated(10/39) num:folder split:number-collision(49% dupes -> 2 folders)
08-09 00:50:22.815 I/ReactNativeJS(18909):        #39  Snuff: Discworld, Book 39                               certain  alb.book-suffix folder:name-corroborated split:number-collision(49% dupes -> 2 folders)
08-09 00:50:22.815 I/ReactNativeJS(18909):        #40  Raising Steam (Unabridged)                              possible folder:name-corroborated(10/39) num:folder split:number-collision(49% dupes -> 2 folders)
08-09 00:50:22.815 I/ReactNativeJS(18909):        #41  The Shepherd's Crown (Unabridged)                       possible folder:name-corroborated(10/39) num:folder split:number-collision(49% dupes -> 2 folders)
08-09 00:50:22.817 I/ReactNativeJS(18909): [series] "Dresden Files"  22 books  (existing)
08-09 00:50:22.817 I/ReactNativeJS(18909):         #1  Storm Front: The Dresden Files, Book 1 (Unabridged)     certain  tag.extra.SERIES alb.book-suffix folder:name-corroborated
08-09 00:50:22.817 I/ReactNativeJS(18909):         #2  Fool Moon: The Dresden Files, Book 2 (Unabridged)       certain  tag.extra.SERIES alb.book-suffix folder:name-corroborated
08-09 00:50:22.817 I/ReactNativeJS(18909):         #3  Grave Peril: The Dresden Files, Book 3 (Unabridged)     certain  tag.extra.SERIES alb.book-suffix folder:name-corroborated
08-09 00:50:22.817 I/ReactNativeJS(18909):         #4  Summer Knight: The Dresden Files, Book 4 (Unabridged)   certain  tag.extra.SERIES alb.book-suffix folder:name-corroborated
08-09 00:50:22.817 I/ReactNativeJS(18909):         #5  Death Masks: The Dresden Files, Book 5 (Unabridged)     certain  tag.extra.SERIES alb.book-suffix folder:name-corroborated
08-09 00:50:22.817 I/ReactNativeJS(18909):         #6  Blood Rites: The Dresden Files, Book 6 (Unabridged)     certain  tag.extra.SERIES alb.book-suffix folder:name-corroborated
08-09 00:50:22.817 I/ReactNativeJS(18909):         #7  Dead Beat: The Dresden Files, Book 7 (Unabridged)       certain  tag.extra.SERIES alb.book-suffix folder:name-corroborated
08-09 00:50:22.817 I/ReactNativeJS(18909):         #8  Proven Guilty: The Dresden Files, Book 8 (Unabridged)   certain  tag.extra.SERIES alb.book-suffix folder:name-corroborated
08-09 00:50:22.817 I/ReactNativeJS(18909):         #9  White Night: The Dresden Files, Book 9 (Unabridged)     certain  tag.extra.SERIES alb.book-suffix folder:name-corroborated
08-09 00:50:22.817 I/ReactNativeJS(18909):        #10  The Dresden Files #10: Small Favor                      certain  tag.Grouping alb.hash-colon folder:name-corroborated
08-09 00:50:22.817 I/ReactNativeJS(18909):        #11  The Dresden Files #11: Turn Coat                        certain  tag.Grouping alb.hash-colon folder:name-corroborated
08-09 00:50:22.817 I/ReactNativeJS(18909):        #12  The Dresden Files #12: Changes                          certain  tag.Grouping alb.hash-colon folder:name-corroborated
08-09 00:50:22.817 I/ReactNativeJS(18909):      #12.5  The Dresden Files #12.5: Side Jobs                      certain  tag.Grouping alb.hash-colon folder:name-corroborated
08-09 00:50:22.817 I/ReactNativeJS(18909):        #13  The Dresden Files #13: Ghost Story                      certain  tag.Grouping alb.hash-colon folder:name-corroborated
08-09 00:50:22.817 I/ReactNativeJS(18909):        #14  The Dresden Files #14: Cold Days                        certain  tag.Grouping alb.hash-colon folder:name-corroborated
08-09 00:50:22.817 I/ReactNativeJS(18909):        #15  The Dresden Files #15: Skin Game                        certain  tag.Grouping alb.hash-colon folder:name-corroborated
08-09 00:50:22.817 I/ReactNativeJS(18909):      #15.5  Brief Cases (Unabridged)                                certain  tag.extra.SERIES folder:name-corroborated
08-09 00:50:22.817 I/ReactNativeJS(18909):        #16  Peace Talks (Unabridged)                                certain  tag.extra.SERIES folder:name-corroborated
08-09 00:50:22.817 I/ReactNativeJS(18909):        #17  Battle Ground (Unabridged)                              certain  tag.extra.SERIES folder:name-corroborated
08-09 00:50:22.817 I/ReactNativeJS(18909):      #17.5  The Law                                                 certain  tag.extra.SERIES folder:name-corroborated
08-09 00:50:22.817 I/ReactNativeJS(18909):        #18  Twelve Months (Unabridged)                              certain  tag.extra.SERIES folder:name-corroborated
08-09 00:50:22.817 I/ReactNativeJS(18909):          —  Heroic Hearts (Unabridged)                              possible folder:name-corroborated(21/22)
08-09 00:50:22.818 I/ReactNativeJS(18909): [series] "Demon Accords"  17 books  (existing)
08-09 00:50:22.818 I/ReactNativeJS(18909):         #1  Book 01 - God Touched - Demon Accords Series            certain  alb.book-dash-series folder:name-corroborated
08-09 00:50:22.818 I/ReactNativeJS(18909):         #1  Volume 01 - The Demon Accords Compendium                possible folder:name-corroborated(14/17)
08-09 00:50:22.818 I/ReactNativeJS(18909):         #2  Book 02 - Demon Driven - Demon Accords Series           certain  alb.book-dash-series folder:name-corroborated
08-09 00:50:22.818 I/ReactNativeJS(18909):         #2  Volume 02 - The Demon Accords Compendium                possible folder:name-corroborated(14/17)
08-09 00:50:22.818 I/ReactNativeJS(18909):         #3  Book 03 - Brutal Asset - Demon Accords Series           certain  alb.book-dash-series folder:name-corroborated
08-09 00:50:22.818 I/ReactNativeJS(18909):         #3  Volume 3 - The Demon Accords Compendium                 possible folder:name-corroborated(14/17)
08-09 00:50:22.818 I/ReactNativeJS(18909):       #3.5  Book 03.5 - Black Frost - Demon Accords Series          certain  alb.book-dash-series folder:name-corroborated
08-09 00:50:22.818 I/ReactNativeJS(18909):         #4  Book 04 - Duel Nature - Demon Accords Series            certain  alb.book-dash-series folder:name-corroborated
08-09 00:50:22.818 I/ReactNativeJS(18909):         #5  Book 05 - Fallen Stars - Demon Accords Series           certain  alb.book-dash-series folder:name-corroborated
08-09 00:50:22.818 I/ReactNativeJS(18909):         #6  Book 06 - Executable - Demon Accords Series             certain  alb.book-dash-series folder:name-corroborated
08-09 00:50:22.818 I/ReactNativeJS(18909):         #7  Book 07 - Forced Ascent - Demon Accords Series          certain  alb.book-dash-series folder:name-corroborated
08-09 00:50:22.818 I/ReactNativeJS(18909):         #8  Book 08 Part 1 - College Arcane - Demon Accords Series  certain  alb.book-dash-series folder:name-corroborated
08-09 00:50:22.818 I/ReactNativeJS(18909):         #8  Book 08 Part 2 - College Arcane - Demon Accords Series  certain  alb.book-dash-series folder:name-corroborated
08-09 00:50:22.818 I/ReactNativeJS(18909):         #9  Book 09 - God Hammer - Demon Accords Series             certain  alb.book-dash-series folder:name-corroborated
08-09 00:50:22.818 I/ReactNativeJS(18909):        #10  Book 10 - Rogues - Demon Accords Series                 certain  alb.book-dash-series folder:name-corroborated
08-09 00:50:22.818 I/ReactNativeJS(18909):        #11  Book 11 - Snake Eyes - Demon Accords Series             certain  alb.book-dash-series folder:name-corroborated
08-09 00:50:22.818 I/ReactNativeJS(18909):        #12  Book 12 - Winterfall - Demon Accords Series             certain  alb.book-dash-series folder:name-corroborated
08-09 00:50:22.819 I/ReactNativeJS(18909): [series] "Dungeon Crawler Carl"  8 books  (existing)
08-09 00:50:22.819 I/ReactNativeJS(18909):         #1  Dungeon Crawler Carl (Unabridged)                       certain  tag.extra.SERIES folder:name-corroborated
08-09 00:50:22.819 I/ReactNativeJS(18909):         #2  Carl's Doomsday Scenario: Dungeon Crawler Carl, Book 2  certain  alb.book-suffix folder:name-corroborated
08-09 00:50:22.819 I/ReactNativeJS(18909):         #3  The Dungeon Anarchist's Cookbook: Dungeon Crawler Carl  certain  alb.book-suffix folder:name-corroborated
08-09 00:50:22.819 I/ReactNativeJS(18909):         #4  The Gate of the Feral Gods: Dungeon Crawler Carl, Book  certain  alb.book-suffix folder:name-corroborated
08-09 00:50:22.819 I/ReactNativeJS(18909):         #5  The Butcher's Masquerade: Dungeon Crawler Carl, Book 5  certain  alb.book-suffix folder:name-corroborated
08-09 00:50:22.819 I/ReactNativeJS(18909):         #6  The Eye of the Bedlam Bride: Dungeon Crawler Carl, Boo  certain  alb.book-suffix folder:name-corroborated
08-09 00:50:22.819 I/ReactNativeJS(18909):         #7  This Inevitable Ruin                                    certain  tag.extra.SERIES folder:name-corroborated
08-09 00:50:22.819 I/ReactNativeJS(18909):          —  A Parade of Horribles                                   possible folder:name-corroborated(7/8)
08-09 00:50:22.821 I/ReactNativeJS(18909): [series] "The Dark Tower"  8 books  (existing)
08-09 00:50:22.821 I/ReactNativeJS(18909):         #1  The Dark Tower I: The Gunslinger                        certain  alb.roman folder:name-corroborated
08-09 00:50:22.821 I/ReactNativeJS(18909):         #2  The Dark Tower II: The Drawing Of The Three             certain  alb.roman folder:name-corroborated
08-09 00:50:22.821 I/ReactNativeJS(18909):         #4  The Dark Tower IV: Wizard & Glass                       certain  alb.roman folder:name-corroborated
08-09 00:50:22.821 I/ReactNativeJS(18909):         #5  The Dark Tower V: Wolves Of The Calla                   certain  alb.roman folder:name-corroborated
08-09 00:50:22.821 I/ReactNativeJS(18909):         #6  The Dark Tower VI: Song Of Susannah                     certain  alb.roman folder:name-corroborated
08-09 00:50:22.821 I/ReactNativeJS(18909):         #7  The Dark Tower VII: The Dark Tower                      certain  alb.roman folder:name-corroborated
08-09 00:50:22.821 I/ReactNativeJS(18909):          —  1991 - The Waste Lands (DT3 - read by Frank Muller)     possible folder:name-corroborated(6/8)
08-09 00:50:22.821 I/ReactNativeJS(18909):          —  LEGENDS - Stories by The Masters of Fantasy             possible folder:name-corroborated(6/8)
08-09 00:50:22.822 I/ReactNativeJS(18909): [series] "The First Law"  7 books  (existing)
08-09 00:50:22.822 I/ReactNativeJS(18909):         #1  01 - The Blade Itself                                   guess    folder:number-corroborated(7/7)
08-09 00:50:22.822 I/ReactNativeJS(18909):         #2  02 - Before They Are Hanged                             guess    folder:number-corroborated(7/7)
08-09 00:50:22.822 I/ReactNativeJS(18909):         #3  03 - Last Argument of Kings                             guess    folder:number-corroborated(7/7)
08-09 00:50:22.822 I/ReactNativeJS(18909):         #4  04 - Best Served Cold                                   guess    folder:number-corroborated(7/7)
08-09 00:50:22.822 I/ReactNativeJS(18909):         #5  05 - The Heroes                                         guess    folder:number-corroborated(7/7)
08-09 00:50:22.822 I/ReactNativeJS(18909):         #6  06 - Red Country                                        guess    folder:number-corroborated(7/7)
08-09 00:50:22.822 I/ReactNativeJS(18909):         #7  07 - Sharp Ends: Stories from the World of the First L  guess    folder:number-corroborated(7/7)
08-09 00:50:22.823 I/ReactNativeJS(18909): [series] "Mistborn"  6 books  (existing)
08-09 00:50:22.823 I/ReactNativeJS(18909):         #1  Mistborn 1 (Michael Kramer)                             likely   alb.name-num-sp
08-09 00:50:22.823 I/ReactNativeJS(18909):         #2  Mistborn 2 (Michael Kramer)                             likely   alb.name-num-sp
08-09 00:50:22.823 I/ReactNativeJS(18909):         #3  Mistborn 3 (Michael Kramer)                             likely   alb.name-num-sp
08-09 00:50:22.823 I/ReactNativeJS(18909):         #4  Mistborn 4 (Michael Kramer)                             likely   alb.name-num-sp
08-09 00:50:22.823 I/ReactNativeJS(18909):         #5  Mistborn 5 (Michael Kramer)                             likely   alb.name-num-sp
08-09 00:50:22.823 I/ReactNativeJS(18909):         #6  Mistborn 6 (Michael Kramer)                             likely   alb.name-num-sp
08-09 00:50:22.824 I/ReactNativeJS(18909): [series] "Shadow Saga"  6 books  (existing)
08-09 00:50:22.824 I/ReactNativeJS(18909):         #1  Shadow 1 - Ender's Shadow                               certain  alb.name-num-dash folder:name-corroborated
08-09 00:50:22.824 I/ReactNativeJS(18909):         #3  Shadow 3 - Shadow Puppets                               certain  alb.name-num-dash folder:name-corroborated
08-09 00:50:22.824 I/ReactNativeJS(18909):         #6  Shadow of the Hegemon                                   possible folder:name-corroborated(2/6) num:folder
08-09 00:50:22.824 I/ReactNativeJS(18909):         #8  008 - Shadow of the Giant                               possible folder:name-corroborated(2/6)
08-09 00:50:22.824 I/ReactNativeJS(18909):         #9  Shadows in Flight                                       possible folder:name-corroborated(2/6) num:folder
08-09 00:50:22.824 I/ReactNativeJS(18909):        #10  The Last Shadow: Other Tales from the Ender Universe    possible folder:name-corroborated(2/6) num:folder
08-09 00:50:22.825 I/ReactNativeJS(18909): [series] "Bobiverse"  5 books  (new)
08-09 00:50:22.825 I/ReactNativeJS(18909):         #1  Bobiverse 01 We Are Legion (We Are Bob)                 certain  alb.name-num-sp folder:name-corroborated
08-09 00:50:22.825 I/ReactNativeJS(18909):         #2  Bobiverse 02 For We Are Many                            certain  alb.name-num-sp folder:name-corroborated
08-09 00:50:22.825 I/ReactNativeJS(18909):         #3  Bobiverse 03 All These Worlds                           certain  alb.name-num-sp folder:name-corroborated
08-09 00:50:22.825 I/ReactNativeJS(18909):         #4  Bobiverse 04 Heaven's River                             certain  alb.name-num-sp folder:name-corroborated
08-09 00:50:22.825 I/ReactNativeJS(18909):         #5  Bobiverse 05 Not Till We Are Lost                       certain  alb.name-num-sp folder:name-corroborated
08-09 00:50:22.827 I/ReactNativeJS(18909): [series] "Long Earth"  5 books  (existing)
08-09 00:50:22.827 I/ReactNativeJS(18909):         #1  (Long Earth 01) The Long Earth                          certain  alb.paren-pre folder:name-corroborated
08-09 00:50:22.827 I/ReactNativeJS(18909):         #2  (Long Earth 02) The Long War                            certain  alb.paren-pre folder:name-corroborated
08-09 00:50:22.827 I/ReactNativeJS(18909):         #3  (Long Earth 03) The Long Mars                           certain  alb.paren-pre folder:name-corroborated
08-09 00:50:22.827 I/ReactNativeJS(18909):         #4  (Long Earth 04) The Long Utopia                         certain  alb.paren-pre folder:name-corroborated
08-09 00:50:22.827 I/ReactNativeJS(18909):         #5  (Long Earth 05) The Long Cosmos                         certain  alb.paren-pre folder:name-corroborated
08-09 00:50:22.828 I/ReactNativeJS(18909): [series] "Lockwood and Co."  4 books  (new)
08-09 00:50:22.828 I/ReactNativeJS(18909):         #1  Lockwood and Co Book 1 - The Screaming Staircase        certain  alb.series-book-n folder:name-corroborated
08-09 00:50:22.828 I/ReactNativeJS(18909):         #2  Lockwood and Co Book 2 - The Whispering Skull           certain  alb.series-book-n folder:name-corroborated
08-09 00:50:22.828 I/ReactNativeJS(18909):         #3  Lockwood and Co Book 3 - The Hollow Boy                 certain  alb.series-book-n folder:name-corroborated
08-09 00:50:22.828 I/ReactNativeJS(18909):         #5  Lockwood & Co: The Empty Grave (Unabridged)             possible folder:name-corroborated(3/5) num:folder
08-09 00:50:22.829 I/ReactNativeJS(18909): [series] "Memory, Sorrow & Thorn"  4 books  (existing)
08-09 00:50:22.829 I/ReactNativeJS(18909):         #1  01 The Dragonbone Chair                                 guess    folder:number-corroborated(4/4)
08-09 00:50:22.829 I/ReactNativeJS(18909):         #2  02 The Stone of Farewell                                guess    folder:number-corroborated(4/4)
08-09 00:50:22.829 I/ReactNativeJS(18909):         #3  03 To Green Angel Tower - Siege                         guess    folder:number-corroborated(4/4)
08-09 00:50:22.829 I/ReactNativeJS(18909):         #4  04 To Green Angel Tower - Storm                         guess    folder:number-corroborated(4/4)
08-09 00:50:22.830 I/ReactNativeJS(18909): [series] "The Murderbot Diaries"  4 books  (existing)
08-09 00:50:22.830 I/ReactNativeJS(18909):         #3  Rogue Protocol: The Murderbot Diaries, Book 3           likely   alb.book-suffix
08-09 00:50:22.830 I/ReactNativeJS(18909):         #5  Network Effect                                          certain  tag.extra.SERIES
08-09 00:50:22.830 I/ReactNativeJS(18909):         #6  The Murderbot Diaries 6: Fugitive Telemetry             likely   alb.name-num-dash
08-09 00:50:22.830 I/ReactNativeJS(18909):         #7  Martha Wells - The Murderbot Diaries 07 - System Colla  likely   alb.name-num-dash
08-09 00:50:22.835 I/ReactNativeJS(18909): [series] "Bromeliad"  3 books  (existing)
08-09 00:50:22.835 I/ReactNativeJS(18909):         #1  Bromeliad 01 - Truckers                                 certain  alb.name-num-dash folder:name-corroborated
08-09 00:50:22.835 I/ReactNativeJS(18909):         #2  Bromeliad 02 - Diggers                                  certain  alb.name-num-dash folder:name-corroborated
08-09 00:50:22.835 I/ReactNativeJS(18909):         #3  Bromeliad 03 - Wings                                    certain  alb.name-num-dash folder:name-corroborated
08-09 00:50:22.836 I/ReactNativeJS(18909): [series] "Crouch, B"  3 books  (existing)
08-09 00:50:22.836 I/ReactNativeJS(18909):         #1  Crouch, B: 1 Pines                                      likely   alb.name-num-sp
08-09 00:50:22.836 I/ReactNativeJS(18909):         #2  Crouch, B: 2 Wayward                                    likely   alb.name-num-sp
08-09 00:50:22.836 I/ReactNativeJS(18909):         #3  Crouch, B: 3 The Last Town                              likely   alb.name-num-sp
08-09 00:50:22.837 I/ReactNativeJS(18909): [series] "Lord of the Rings"  3 books  (existing)
08-09 00:50:22.837 I/ReactNativeJS(18909):         #1  The Fellowship of the Ring: Lord of the Rings, Book 1   likely   alb.book-suffix
08-09 00:50:22.837 I/ReactNativeJS(18909):         #2  The Two Towers: Lord of the Rings, Book 2               likely   alb.book-suffix
08-09 00:50:22.837 I/ReactNativeJS(18909):         #3  The Return of the King: Lord of the Rings, Book 3       likely   alb.book-suffix
08-09 00:50:22.838 I/ReactNativeJS(18909): [series] "The Age of Madness"  3 books  (existing)
08-09 00:50:22.838 I/ReactNativeJS(18909):         #1  01 - A Little Hatred                                    guess    folder:number-corroborated(3/3)
08-09 00:50:22.838 I/ReactNativeJS(18909):         #2  02 - The Trouble with Peace                             guess    folder:number-corroborated(3/3)
08-09 00:50:22.838 I/ReactNativeJS(18909):         #3  03 - The Wisdom of Crowds                               guess    folder:number-corroborated(3/3)
08-09 00:50:22.840 I/ReactNativeJS(18909): [series] "The Silo Saga"  3 books  (existing)
08-09 00:50:22.840 I/ReactNativeJS(18909):         #1  Wool: The Silo Saga, Book 1                             certain  tag.Grouping alb.book-suffix folder:name-corroborated
08-09 00:50:22.840 I/ReactNativeJS(18909):         #2  Shift: The Silo Saga, Book 2                            certain  alb.book-suffix folder:name-corroborated
08-09 00:50:22.840 I/ReactNativeJS(18909):         #3  Dust: The Silo Saga, Book 3                             certain  alb.book-suffix folder:name-corroborated
08-09 00:50:22.841 I/ReactNativeJS(18909): [series] "TMC"  3 books  (existing)
08-09 00:50:22.841 I/ReactNativeJS(18909):         #1  TMC 01 Thursday Murder Club                             likely   alb.name-num-sp
08-09 00:50:22.841 I/ReactNativeJS(18909):         #2  TMC 02 The Man Who Died Twice                           likely   alb.name-num-sp
08-09 00:50:22.841 I/ReactNativeJS(18909):         #3  TMC 03 The Bullet That Missed                           likely   alb.name-num-sp
08-09 00:50:22.842 I/ReactNativeJS(18909): [series] "Cerulean Chronicles"  2 books  (existing)
08-09 00:50:22.842 I/ReactNativeJS(18909):         #1  Cerulean Chronicles 01 - The House in the Cerulean Sea  certain  tag.extra.SERIES alb.name-num-dash
08-09 00:50:22.842 I/ReactNativeJS(18909):         #2  Cerulean Chronicles 02 - Somewhere Beyond the Sea       certain  tag.extra.SERIES alb.name-num-dash
08-09 00:50:22.843 I/ReactNativeJS(18909): [series] "Kingkiller Chronicle"  2 books  (existing)
08-09 00:50:22.843 I/ReactNativeJS(18909):         #1  Kingkiller Chronicle 01 The Name of the Wind            likely   alb.name-num-sp
08-09 00:50:22.843 I/ReactNativeJS(18909):         #2  Kingkiller Chronicle 02 The Wise Man's Fear             likely   alb.name-num-sp
08-09 00:50:22.845 I/ReactNativeJS(18909): [series] "Red Rising"  2 books  (existing)
08-09 00:50:22.845 I/ReactNativeJS(18909):         #5  Red Rising, Book 5 - Dark Age                           likely   alb.series-book-n
08-09 00:50:22.845 I/ReactNativeJS(18909):         #6  Light Bringer: Red Rising, Book 6                       likely   alb.book-suffix
08-09 00:50:22.846 I/ReactNativeJS(18909): [series] detection (conservative): 351 units → 23 series, 200 books placed · created 2 (9 rows) · inserted 0 · removed 0 · skipped 0 · 622ms
08-09 00:50:22.854 I/ReactNativeJS(18909): [rowprobe] inner u6rh0lV2wFJfyZyt h=220.00001525878906
08-09 00:50:22.855 I/ReactNativeJS(18909): [rowprobe] inner f7ifNvYcDndBhpVG h=220
08-09 00:50:22.857 I/ReactNativeJS(18909): [rowprobe] item wJWi2xxHcY4WzHBi h=212.00003051757812
08-09 00:50:22.858 I/ReactNativeJS(18909): [rowprobe] item 5W3iLmceDVYF2taj h=212.00003051757812
08-09 00:50:22.859 I/ReactNativeJS(18909): [rowprobe] item UMlu884lMhoAx412 h=212
08-09 00:50:22.861 I/ReactNativeJS(18909): [rowprobe] item pL0GnCoHDcXghhhW h=212
08-09 00:50:22.862 I/ReactNativeJS(18909): [rowprobe] item rRI8x78GqZp5HOTr h=212.00003051757812
08-09 00:50:22.864 I/ReactNativeJS(18909): [rowprobe] item ZHuG7qw7HXwu6k6V h=212
08-09 00:50:22.865 I/ReactNativeJS(18909): [rowprobe] inner Ul6iMuDad0p0G6Il h=220
08-09 00:50:22.867 I/ReactNativeJS(18909): [rowprobe] item uEthzLoMb8NP1ZVl h=212
08-09 00:50:22.868 I/ReactNativeJS(18909): [rowprobe] item KT8FAi5J3511ZuJx h=212
08-09 00:50:23.193 I/ReactNativeJS(18909): [rowprobe] item P70oMTqN6h0sqHZa h=212.00001525878906
08-09 00:50:23.196 I/ReactNativeJS(18909): [rowprobe] inner SQCg4J25veYeLboC h=220
08-09 00:50:23.197 I/ReactNativeJS(18909): [rowprobe] item Z6AjOG6fsJN1Q5xZ h=212
08-09 00:50:23.199 I/ReactNativeJS(18909): [rowprobe] item XqiYLsLTXxrvVzLW h=212
08-09 00:50:23.200 I/ReactNativeJS(18909): [rowprobe] item eeCtW2u0xNvNRWWt h=212
08-09 00:51:37.169 I/ReactNativeJS(18909): [rowprobe] inner u6rh0lV2wFJfyZyt h=220.00001525878906
08-09 00:51:37.172 I/ReactNativeJS(18909): [rowprobe] inner Ul6iMuDad0p0G6Il h=220
08-09 00:51:37.176 I/ReactNativeJS(18909): [rowprobe] item wJWi2xxHcY4WzHBi h=212.00003051757812
08-09 00:51:37.178 I/ReactNativeJS(18909): [rowprobe] item 5W3iLmceDVYF2taj h=212.00003051757812
08-09 00:51:37.179 I/ReactNativeJS(18909): [rowprobe] item uEthzLoMb8NP1ZVl h=212
08-09 00:51:37.180 I/ReactNativeJS(18909): [rowprobe] item KT8FAi5J3511ZuJx h=212
08-09 00:51:37.182 I/ReactNativeJS(18909): [rowprobe] item rRI8x78GqZp5HOTr h=212.00003051757812
08-09 00:51:37.183 I/ReactNativeJS(18909): [rowprobe] inner SQCg4J25veYeLboC h=220
08-09 00:51:37.185 I/ReactNativeJS(18909): [rowprobe] item Z6AjOG6fsJN1Q5xZ h=212
08-09 00:51:37.186 I/ReactNativeJS(18909): [rowprobe] item XqiYLsLTXxrvVzLW h=212
08-09 00:51:37.187 I/ReactNativeJS(18909): [rowprobe] item eeCtW2u0xNvNRWWt h=212
08-09 00:51:37.424 I/ReactNativeJS(18909): [rowprobe] item P70oMTqN6h0sqHZa h=212.00001525878906
08-09 00:51:37.426 I/ReactNativeJS(18909): [rowprobe] inner VxelVMfQNwMKtuX3 h=220
08-09 00:51:37.435 I/ReactNativeJS(18909): [rowprobe] item CGTjffJuU6qlfDh1 h=212
08-09 00:51:37.437 I/ReactNativeJS(18909): [rowprobe] item FzZUnzNVclQigcyE h=212
08-09 00:51:37.440 I/ReactNativeJS(18909): [rowprobe] item hjNCy2bHsytmSXIW h=212
08-09 00:51:37.510 I/ReactNativeJS(18909): [rowprobe] item CCs5Qn8iyRxOlvU1 h=212
08-09 00:52:40.144 I/ReactNativeJS(18909): [series] detection is off — no series were read or written
08-09 00:54:17.442 W/ReactNativeJS(18909): [series] 0 books sit under no configured root and 1 have no first chapter — all dropped before detection, out of 352
08-09 00:54:17.990 I/ReactNativeJS(18909): [series] "Discworld"  41 books  (existing)
08-09 00:54:17.990 I/ReactNativeJS(18909):         #1  Discworld 01 - The Colour of Magic                      certain  alb.name-num-dash folder:name-corroborated split:number-collision(49% dupes -> 2 folders)
08-09 00:54:17.990 I/ReactNativeJS(18909):         #2  Discworld 02 - The Light Fantastic                      certain  alb.name-num-dash folder:name-corroborated split:number-collision(49% dupes -> 2 folders)
08-09 00:54:17.990 I/ReactNativeJS(18909):         #3  Discworld 03 - Equal Rites                              certain  alb.name-num-dash folder:name-corroborated split:number-collision(49% dupes -> 2 folders)
08-09 00:54:17.990 I/ReactNativeJS(18909):         #4  Discworld 04 - Mort                                     certain  alb.name-num-dash folder:name-corroborated split:number-collision(49% dupes -> 2 folders)
08-09 00:54:17.990 I/ReactNativeJS(18909):         #5  Discworld 05 - Sourcery                                 certain  alb.name-num-dash folder:name-corroborated split:number-collision(49% dupes -> 2 folders)
08-09 00:54:17.990 I/ReactNativeJS(18909):         #6  Discworld 06 -  Wyrd Sisters                            certain  alb.name-num-dash folder:name-corroborated split:number-collision(49% dupes -> 2 folders)
08-09 00:54:17.990 I/ReactNativeJS(18909):         #7  Discworld 07 - Pyramids                                 certain  alb.name-num-dash folder:name-corroborated split:number-collision(49% dupes -> 2 folders)
08-09 00:54:17.990 I/ReactNativeJS(18909):         #8  Discworld 08 - Guards! Guards!                          certain  alb.name-num-dash folder:name-corroborated split:number-collision(49% dupes -> 2 folders)
08-09 00:54:17.990 I/ReactNativeJS(18909):         #9  Discworld 09 - Eric                                     certain  alb.name-num-dash folder:name-corroborated split:number-collision(49% dupes -> 2 folders)
08-09 00:54:17.990 I/ReactNativeJS(18909):        #10  Discworld 10 - Moving Pictures                          certain  alb.name-num-dash folder:name-corroborated split:number-collision(49% dupes -> 2 folders)
08-09 00:54:17.990 I/ReactNativeJS(18909):        #11  Discworld 11 - Reaper Man                               certain  alb.name-num-dash folder:name-corroborated split:number-collision(49% dupes -> 2 folders)
08-09 00:54:17.990 I/ReactNativeJS(18909):        #12  Discworld 12 - Witches Abroad                           certain  alb.name-num-dash folder:name-corroborated split:number-collision(49% dupes -> 2 folders)
08-09 00:54:17.990 I/ReactNativeJS(18909):        #13  Discworld 13 - Small Gods                               certain  tag.Grouping+bare-num alb.name-num-dash folder:name-corroborated split:number-collision(49% dupes -> 2 folders)
08-09 00:54:17.990 I/ReactNativeJS(18909):        #14  Discworld 14 - Lords and Ladies                         certain  alb.name-num-dash folder:name-corroborated split:number-collision(49% dupes -> 2 folders)
08-09 00:54:17.990 I/ReactNativeJS(18909):        #15  Discworld 15 - Men At Arms                              certain  alb.name-num-dash folder:name-corroborated split:number-collision(49% dupes -> 2 folders)
08-09 00:54:17.990 I/ReactNativeJS(18909):        #16  Discworld 16 - Soul Music                               certain  alb.name-num-dash folder:name-corroborated split:number-collision(49% dupes -> 2 folders)
08-09 00:54:17.990 I/ReactNativeJS(18909):        #17  Discworld 17 - Interesting Times                        certain  alb.name-num-dash folder:name-corroborated split:number-collision(49% dupes -> 2 folders)
08-09 00:54:17.990 I/ReactNativeJS(18909):        #18  Discworld 18 - Maskerade                                certain  alb.name-num-dash folder:name-corroborated split:number-collision(49% dupes -> 2 folders)
08-09 00:54:17.990 I/ReactNativeJS(18909):        #19  Discworld 19 - Feet of Clay                             certain  alb.name-num-dash folder:name-corroborated split:number-collision(49% dupes -> 2 folders)
08-09 00:54:17.990 I/ReactNativeJS(18909):        #20  Discworld 20 - Hogfather                                certain  alb.name-num-dash folder:name-corroborated split:number-collision(49% dupes -> 2 folders)
08-09 00:54:17.990 I/ReactNativeJS(18909):        #21  Discworld 21 - Jingo                                    certain  alb.name-num-dash folder:name-corroborated split:number-collision(49% dupes -> 2 folders)
08-09 00:54:17.990 I/ReactNativeJS(18909):        #22  Discworld 22 - The Last Continent                       certain  alb.name-num-dash folder:name-corroborated split:number-collision(49% dupes -> 2 folders)
08-09 00:54:17.990 I/ReactNativeJS(18909):        #23  Discworld 23 - Carpe Jugulum                            certain  alb.name-num-dash folder:name-corroborated split:number-collision(49% dupes -> 2 folders)
08-09 00:54:17.990 I/ReactNativeJS(18909):        #24  Discworld 24 - The Fifth Elephant                       certain  alb.name-num-dash folder:name-corroborated split:number-collision(49% dupes -> 2 folders)
08-09 00:54:17.990 I/ReactNativeJS(18909):        #25  Discworld 25 - The Truth                                certain  alb.name-num-dash folder:name-corroborated split:number-collision(49% dupes -> 2 folders)
08-09 00:54:17.990 I/ReactNativeJS(18909):        #26  Discworld 26 - Thief of Time                            certain  alb.name-num-dash folder:name-corroborated split:number-collision(49% dupes -> 2 folders)
08-09 00:54:17.990 I/ReactNativeJS(18909):        #27  Discworld 27 - The Last Hero                            certain  alb.name-num-dash folder:name-corroborated split:number-collision(49% dupes -> 2 folders)
08-09 00:54:17.990 I/ReactNativeJS(18909):        #28  Discworld 28 - The Amazing Maurice and His Educated Ro  certain  alb.name-num-dash folder:name-corroborated split:number-collision(49% dupes -> 2 folders)
08-09 00:54:17.990 I/ReactNativeJS(18909):        #29  Discworld 29 - Night Watch                              certain  alb.name-num-dash folder:name-corroborated split:number-collision(49% dupes -> 2 folders)
08-09 00:54:17.990 I/ReactNativeJS(18909):        #30  Discworld 30 - The Wee Free Men                         certain  alb.name-num-dash folder:name-corroborated split:number-collision(49% dupes -> 2 folders)
08-09 00:54:17.990 I/ReactNativeJS(18909):        #31  Discworld 31 - Monstrous Regiment                       certain  alb.name-num-dash folder:name-corroborated split:number-collision(49% dupes -> 2 folders)
08-09 00:54:17.990 I/ReactNativeJS(18909):        #32  Discworld 32 - A Hat Full of Sky                        certain  alb.name-num-dash folder:name-corroborated split:number-collision(49% dupes -> 2 folders)
08-09 00:54:17.990 I/ReactNativeJS(18909):        #33  Discworld 33 - Going Postal                             certain  alb.name-num-dash folder:name-corroborated split:number-collision(49% dupes -> 2 folders)
08-09 00:54:17.990 I/ReactNativeJS(18909):        #34  Discworld 34 - Thud!                                    certain  alb.name-num-dash folder:name-corroborated split:number-collision(49% dupes -> 2 folders)
08-09 00:54:17.990 I/ReactNativeJS(18909):        #35  Discworld 35 - Wintersmith                              certain  alb.name-num-dash folder:name-corroborated split:number-collision(49% dupes -> 2 folders)
08-09 00:54:17.990 I/ReactNativeJS(18909):        #36  Discworld 36 - Making Money                             certain  alb.name-num-dash folder:name-corroborated split:number-collision(49% dupes -> 2 folders)
08-09 00:54:17.990 I/ReactNativeJS(18909):        #37  Discworld 37 - Unseen Academicals                       certain  tag.Grouping+bare-num alb.name-num-dash folder:name-corroborated split:number-collision(49% dupes -> 2 folders)
08-09 00:54:17.990 I/ReactNativeJS(18909):        #38  DW38-I Shall Wear Midnight                              possible folder:name-corroborated(37/41) num:folder split:number-collision(49% dupes -> 2 folders)
08-09 00:54:17.990 I/ReactNativeJS(18909):        #39  Snuff                                                   possible folder:name-corroborated(37/41) num:folder split:number-collision(49% dupes -> 2 folders)
08-09 00:54:17.990 I/ReactNativeJS(18909):        #40  Raising Steam                                           possible folder:name-corroborated(37/41) num:folder split:number-collision(49% dupes -> 2 folders)
08-09 00:54:17.990 I/ReactNativeJS(18909):        #41  The Shepherd's Crown                                    possible folder:name-corroborated(37/41) num:folder split:number-collision(49% dupes -> 2 folders)
08-09 00:54:17.991 I/ReactNativeJS(18909): [series] "Discworld (2022)"  39 books  (existing)
08-09 00:54:17.991 I/ReactNativeJS(18909):         #1  The Colour of Magic                                     possible folder:name-corroborated(10/39) num:folder split:number-collision(49% dupes -> 2 folders)
08-09 00:54:17.991 I/ReactNativeJS(18909):         #2  The Light Fantastic                                     possible folder:name-corroborated(10/39) num:folder split:number-collision(49% dupes -> 2 folders)
08-09 00:54:17.991 I/ReactNativeJS(18909):         #3  Equal Rites                                             possible folder:name-corroborated(10/39) num:folder split:number-collision(49% dupes -> 2 folders)
08-09 00:54:17.991 I/ReactNativeJS(18909):         #4  Mort (#4)                                               possible folder:name-corroborated(10/39) split:number-collision(49% dupes -> 2 folders)
08-09 00:54:17.991 I/ReactNativeJS(18909):         #5  Sourcery (#5)                                           possible folder:name-corroborated(10/39) split:number-collision(49% dupes -> 2 folders)
08-09 00:54:17.991 I/ReactNativeJS(18909):         #7  Pyramids: Discworld, Book 7                             certain  alb.book-suffix folder:name-corroborated split:number-collision(49% dupes -> 2 folders)
08-09 00:54:17.991 I/ReactNativeJS(18909):         #8  Guards! Guards! (Unabridged)                            possible folder:name-corroborated(10/39) num:folder split:number-collision(49% dupes -> 2 folders)
08-09 00:54:17.991 I/ReactNativeJS(18909):         #9  (#9) Eric                                               possible folder:name-corroborated(10/39) split:number-collision(49% dupes -> 2 folders)
08-09 00:54:17.991 I/ReactNativeJS(18909):        #10  Moving Pictures: Discworld, Book 10                     certain  alb.book-suffix folder:name-corroborated split:number-collision(49% dupes -> 2 folders)
08-09 00:54:17.991 I/ReactNativeJS(18909):        #11  (#11) Reaper Man                                        possible folder:name-corroborated(10/39) split:number-collision(49% dupes -> 2 folders)
08-09 00:54:17.991 I/ReactNativeJS(18909):        #12  Witches Abroad                                          possible folder:name-corroborated(10/39) num:folder split:number-collision(49% dupes -> 2 folders)
08-09 00:54:17.991 I/ReactNativeJS(18909):        #13  Small Gods (#13)                                        possible folder:name-corroborated(10/39) split:number-collision(49% dupes -> 2 folders)
08-09 00:54:17.991 I/ReactNativeJS(18909):        #14  Lords and Ladies                                        possible folder:name-corroborated(10/39) num:folder split:number-collision(49% dupes -> 2 folders)
08-09 00:54:17.991 I/ReactNativeJS(18909):        #15  Men at Arms (Unabridged)                                possible folder:name-corroborated(10/39) num:folder split:number-collision(49% dupes -> 2 folders)
08-09 00:54:17.991 I/ReactNativeJS(18909):        #16  (#16) Soul Music                                        possible folder:name-corroborated(10/39) split:number-collision(49% dupes -> 2 folders)
08-09 00:54:17.991 I/ReactNativeJS(18909):        #17  (#17) Interesting Times                                 possible folder:name-corroborated(10/39) split:number-collision(49% dupes -> 2 folders)
08-09 00:54:17.991 I/ReactNativeJS(18909):        #18  Maskerade                                               possible folder:name-corroborated(10/39) num:folder split:number-collision(49% dupes -> 2 folders)
08-09 00:54:17.991 I/ReactNativeJS(18909):        #19  Feet of Clay (Unabridged)                               possible folder:name-corroborated(10/39) num:folder split:number-collision(49% dupes -> 2 folders)
08-09 00:54:17.991 I/ReactNativeJS(18909):        #20  Hogfather: Discworld, Book 20                           certain  alb.book-suffix folder:name-corroborated split:number-collision(49% dupes -> 2 folders)
08-09 00:54:17.991 I/ReactNativeJS(18909):        #21  Jingo (Unabridged)                                      possible folder:name-corroborated(10/39) num:folder split:number-collision(49% dupes -> 2 folders)
08-09 00:54:17.991 I/ReactNativeJS(18909):        #22  The Last Continent: Discworld, Book 22                  certain  alb.book-suffix folder:name-corroborated split:number-collision(49% dupes -> 2 folders)
08-09 00:54:17.991 I/ReactNativeJS(18909):        #23  Carpe Jugulum                                           possible folder:name-corroborated(10/39) num:folder split:number-collision(49% dupes -> 2 folders)
08-09 00:54:17.991 I/ReactNativeJS(18909):        #24  The Fifth Elephant (Unabridged)                         possible folder:name-corroborated(10/39) num:folder split:number-collision(49% dupes -> 2 folders)
08-09 00:54:17.991 I/ReactNativeJS(18909):        #25  The Truth (Unabridged)                                  possible folder:name-corroborated(10/39) num:folder split:number-collision(49% dupes -> 2 folders)
08-09 00:54:17.991 I/ReactNativeJS(18909):        #26  Thief of Time (#26)                                     possible folder:name-corroborated(10/39) split:number-collision(49% dupes -> 2 folders)
08-09 00:54:17.991 I/ReactNativeJS(18909):        #28  The Amazing Maurice and His Educated Rodents (#28)      possible folder:name-corroborated(10/39) split:number-collision(49% dupes -> 2 folders)
08-09 00:54:17.991 I/ReactNativeJS(18909):        #29  Night Watch: Discworld, Book 29                         certain  alb.book-suffix folder:name-corroborated split:number-collision(49% dupes -> 2 folders)
08-09 00:54:17.991 I/ReactNativeJS(18909):        #30  The Wee Free Men: Discworld, Book 30                    certain  alb.book-suffix folder:name-corroborated split:number-collision(49% dupes -> 2 folders)
08-09 00:54:17.991 I/ReactNativeJS(18909):        #31  (#31) Monstrous Regiment                                possible folder:name-corroborated(10/39) split:number-collision(49% dupes -> 2 folders)
08-09 00:54:17.991 I/ReactNativeJS(18909):        #32  A Hat Full of Sky: Discworld, Book 32                   certain  alb.book-suffix folder:name-corroborated split:number-collision(49% dupes -> 2 folders)
08-09 00:54:17.991 I/ReactNativeJS(18909):        #33  Going Postal (Unabridged)                               possible folder:name-corroborated(10/39) num:folder split:number-collision(49% dupes -> 2 folders)
08-09 00:54:17.991 I/ReactNativeJS(18909):        #34  Thud!: Discworld, Book 34                               certain  alb.book-suffix folder:name-corroborated split:number-collision(49% dupes -> 2 folders)
08-09 00:54:17.991 I/ReactNativeJS(18909):        #35  Wintersmith: Discworld, Book 35                         certain  alb.book-suffix folder:name-corroborated split:number-collision(49% dupes -> 2 folders)
08-09 00:54:17.991 I/ReactNativeJS(18909):        #36  Making Money (Unabridged)                               possible folder:name-corroborated(10/39) num:folder split:number-collision(49% dupes -> 2 folders)
08-09 00:54:17.991 I/ReactNativeJS(18909):        #37  Unseen Academicals: Discworld Book, 37                  possible folder:name-corroborated(10/39) num:folder split:number-collision(49% dupes -> 2 folders)
08-09 00:54:17.991 I/ReactNativeJS(18909):        #38  I Shall Wear Midnight (Unabridged)                      possible folder:name-corroborated(10/39) num:folder split:number-collision(49% dupes -> 2 folders)
08-09 00:54:17.991 I/ReactNativeJS(18909):        #39  Snuff: Discworld, Book 39                               certain  alb.book-suffix folder:name-corroborated split:number-collision(49% dupes -> 2 folders)
08-09 00:54:17.991 I/ReactNativeJS(18909):        #40  Raising Steam (Unabridged)                              possible folder:name-corroborated(10/39) num:folder split:number-collision(49% dupes -> 2 folders)
08-09 00:54:17.991 I/ReactNativeJS(18909):        #41  The Shepherd's Crown (Unabridged)                       possible folder:name-corroborated(10/39) num:folder split:number-collision(49% dupes -> 2 folders)
08-09 00:54:17.992 I/ReactNativeJS(18909): [series] "Dresden Files"  22 books  (existing)
08-09 00:54:17.992 I/ReactNativeJS(18909):         #1  Storm Front: The Dresden Files, Book 1 (Unabridged)     certain  tag.extra.SERIES alb.book-suffix folder:name-corroborated
08-09 00:54:17.992 I/ReactNativeJS(18909):         #2  Fool Moon: The Dresden Files, Book 2 (Unabridged)       certain  tag.extra.SERIES alb.book-suffix folder:name-corroborated
08-09 00:54:17.992 I/ReactNativeJS(18909):         #3  Grave Peril: The Dresden Files, Book 3 (Unabridged)     certain  tag.extra.SERIES alb.book-suffix folder:name-corroborated
08-09 00:54:17.992 I/ReactNativeJS(18909):         #4  Summer Knight: The Dresden Files, Book 4 (Unabridged)   certain  tag.extra.SERIES alb.book-suffix folder:name-corroborated
08-09 00:54:17.992 I/ReactNativeJS(18909):         #5  Death Masks: The Dresden Files, Book 5 (Unabridged)     certain  tag.extra.SERIES alb.book-suffix folder:name-corroborated
08-09 00:54:17.992 I/ReactNativeJS(18909):         #6  Blood Rites: The Dresden Files, Book 6 (Unabridged)     certain  tag.extra.SERIES alb.book-suffix folder:name-corroborated
08-09 00:54:17.992 I/ReactNativeJS(18909):         #7  Dead Beat: The Dresden Files, Book 7 (Unabridged)       certain  tag.extra.SERIES alb.book-suffix folder:name-corroborated
08-09 00:54:17.992 I/ReactNativeJS(18909):         #8  Proven Guilty: The Dresden Files, Book 8 (Unabridged)   certain  tag.extra.SERIES alb.book-suffix folder:name-corroborated
08-09 00:54:17.992 I/ReactNativeJS(18909):         #9  White Night: The Dresden Files, Book 9 (Unabridged)     certain  tag.extra.SERIES alb.book-suffix folder:name-corroborated
08-09 00:54:17.992 I/ReactNativeJS(18909):        #10  The Dresden Files #10: Small Favor                      certain  tag.Grouping alb.hash-colon folder:name-corroborated
08-09 00:54:17.992 I/ReactNativeJS(18909):        #11  The Dresden Files #11: Turn Coat                        certain  tag.Grouping alb.hash-colon folder:name-corroborated
08-09 00:54:17.992 I/ReactNativeJS(18909):        #12  The Dresden Files #12: Changes                          certain  tag.Grouping alb.hash-colon folder:name-corroborated
08-09 00:54:17.992 I/ReactNativeJS(18909):      #12.5  The Dresden Files #12.5: Side Jobs                      certain  tag.Grouping alb.hash-colon folder:name-corroborated
08-09 00:54:17.992 I/ReactNativeJS(18909):        #13  The Dresden Files #13: Ghost Story                      certain  tag.Grouping alb.hash-colon folder:name-corroborated
08-09 00:54:17.992 I/ReactNativeJS(18909):        #14  The Dresden Files #14: Cold Days                        certain  tag.Grouping alb.hash-colon folder:name-corroborated
08-09 00:54:17.992 I/ReactNativeJS(18909):        #15  The Dresden Files #15: Skin Game                        certain  tag.Grouping alb.hash-colon folder:name-corroborated
08-09 00:54:17.992 I/ReactNativeJS(18909):      #15.5  Brief Cases (Unabridged)                                certain  tag.extra.SERIES folder:name-corroborated
08-09 00:54:17.992 I/ReactNativeJS(18909):        #16  Peace Talks (Unabridged)                                certain  tag.extra.SERIES folder:name-corroborated
08-09 00:54:17.992 I/ReactNativeJS(18909):        #17  Battle Ground (Unabridged)                              certain  tag.extra.SERIES folder:name-corroborated
08-09 00:54:17.992 I/ReactNativeJS(18909):      #17.5  The Law                                                 certain  tag.extra.SERIES folder:name-corroborated
08-09 00:54:17.992 I/ReactNativeJS(18909):        #18  Twelve Months (Unabridged)                              certain  tag.extra.SERIES folder:name-corroborated
08-09 00:54:17.992 I/ReactNativeJS(18909):          —  Heroic Hearts (Unabridged)                              possible folder:name-corroborated(21/22)
08-09 00:54:17.994 I/ReactNativeJS(18909): [series] "Demon Accords"  17 books  (existing)
08-09 00:54:17.994 I/ReactNativeJS(18909):         #1  Book 01 - God Touched - Demon Accords Series            certain  alb.book-dash-series folder:name-corroborated
08-09 00:54:17.994 I/ReactNativeJS(18909):         #1  Volume 01 - The Demon Accords Compendium                possible folder:name-corroborated(14/17)
08-09 00:54:17.994 I/ReactNativeJS(18909):         #2  Book 02 - Demon Driven - Demon Accords Series           certain  alb.book-dash-series folder:name-corroborated
08-09 00:54:17.994 I/ReactNativeJS(18909):         #2  Volume 02 - The Demon Accords Compendium                possible folder:name-corroborated(14/17)
08-09 00:54:17.994 I/ReactNativeJS(18909):         #3  Book 03 - Brutal Asset - Demon Accords Series           certain  alb.book-dash-series folder:name-corroborated
08-09 00:54:17.994 I/ReactNativeJS(18909):         #3  Volume 3 - The Demon Accords Compendium                 possible folder:name-corroborated(14/17)
08-09 00:54:17.994 I/ReactNativeJS(18909):       #3.5  Book 03.5 - Black Frost - Demon Accords Series          certain  alb.book-dash-series folder:name-corroborated
08-09 00:54:17.994 I/ReactNativeJS(18909):         #4  Book 04 - Duel Nature - Demon Accords Series            certain  alb.book-dash-series folder:name-corroborated
08-09 00:54:17.994 I/ReactNativeJS(18909):         #5  Book 05 - Fallen Stars - Demon Accords Series           certain  alb.book-dash-series folder:name-corroborated
08-09 00:54:17.994 I/ReactNativeJS(18909):         #6  Book 06 - Executable - Demon Accords Series             certain  alb.book-dash-series folder:name-corroborated
08-09 00:54:17.994 I/ReactNativeJS(18909):         #7  Book 07 - Forced Ascent - Demon Accords Series          certain  alb.book-dash-series folder:name-corroborated
08-09 00:54:17.994 I/ReactNativeJS(18909):         #8  Book 08 Part 1 - College Arcane - Demon Accords Series  certain  alb.book-dash-series folder:name-corroborated
08-09 00:54:17.994 I/ReactNativeJS(18909):         #8  Book 08 Part 2 - College Arcane - Demon Accords Series  certain  alb.book-dash-series folder:name-corroborated
08-09 00:54:17.994 I/ReactNativeJS(18909):         #9  Book 09 - God Hammer - Demon Accords Series             certain  alb.book-dash-series folder:name-corroborated
08-09 00:54:17.994 I/ReactNativeJS(18909):        #10  Book 10 - Rogues - Demon Accords Series                 certain  alb.book-dash-series folder:name-corroborated
08-09 00:54:17.994 I/ReactNativeJS(18909):        #11  Book 11 - Snake Eyes - Demon Accords Series             certain  alb.book-dash-series folder:name-corroborated
08-09 00:54:17.994 I/ReactNativeJS(18909):        #12  Book 12 - Winterfall - Demon Accords Series             certain  alb.book-dash-series folder:name-corroborated
08-09 00:54:17.995 I/ReactNativeJS(18909): [series] "Dungeon Crawler Carl"  8 books  (existing)
08-09 00:54:17.995 I/ReactNativeJS(18909):         #1  Dungeon Crawler Carl (Unabridged)                       certain  tag.extra.SERIES folder:name-corroborated
08-09 00:54:17.995 I/ReactNativeJS(18909):         #2  Carl's Doomsday Scenario: Dungeon Crawler Carl, Book 2  certain  alb.book-suffix folder:name-corroborated
08-09 00:54:17.995 I/ReactNativeJS(18909):         #3  The Dungeon Anarchist's Cookbook: Dungeon Crawler Carl  certain  alb.book-suffix folder:name-corroborated
08-09 00:54:17.995 I/ReactNativeJS(18909):         #4  The Gate of the Feral Gods: Dungeon Crawler Carl, Book  certain  alb.book-suffix folder:name-corroborated
08-09 00:54:17.995 I/ReactNativeJS(18909):         #5  The Butcher's Masquerade: Dungeon Crawler Carl, Book 5  certain  alb.book-suffix folder:name-corroborated
08-09 00:54:17.995 I/ReactNativeJS(18909):         #6  The Eye of the Bedlam Bride: Dungeon Crawler Carl, Boo  certain  alb.book-suffix folder:name-corroborated
08-09 00:54:17.995 I/ReactNativeJS(18909):         #7  This Inevitable Ruin                                    certain  tag.extra.SERIES folder:name-corroborated
08-09 00:54:17.995 I/ReactNativeJS(18909):          —  A Parade of Horribles                                   possible folder:name-corroborated(7/8)
08-09 00:54:17.997 I/ReactNativeJS(18909): [series] "The Dark Tower"  8 books  (existing)
08-09 00:54:17.997 I/ReactNativeJS(18909):         #1  The Dark Tower I: The Gunslinger                        certain  alb.roman folder:name-corroborated
08-09 00:54:17.997 I/ReactNativeJS(18909):         #2  The Dark Tower II: The Drawing Of The Three             certain  alb.roman folder:name-corroborated
08-09 00:54:17.997 I/ReactNativeJS(18909):         #4  The Dark Tower IV: Wizard & Glass                       certain  alb.roman folder:name-corroborated
08-09 00:54:17.997 I/ReactNativeJS(18909):         #5  The Dark Tower V: Wolves Of The Calla                   certain  alb.roman folder:name-corroborated
08-09 00:54:17.997 I/ReactNativeJS(18909):         #6  The Dark Tower VI: Song Of Susannah                     certain  alb.roman folder:name-corroborated
08-09 00:54:17.997 I/ReactNativeJS(18909):         #7  The Dark Tower VII: The Dark Tower                      certain  alb.roman folder:name-corroborated
08-09 00:54:17.997 I/ReactNativeJS(18909):          —  1991 - The Waste Lands (DT3 - read by Frank Muller)     possible folder:name-corroborated(6/8)
08-09 00:54:17.997 I/ReactNativeJS(18909):          —  LEGENDS - Stories by The Masters of Fantasy             possible folder:name-corroborated(6/8)
08-09 00:54:17.998 I/ReactNativeJS(18909): [series] "The First Law"  7 books  (existing)
08-09 00:54:17.998 I/ReactNativeJS(18909):         #1  01 - The Blade Itself                                   guess    folder:number-corroborated(7/7)
08-09 00:54:17.998 I/ReactNativeJS(18909):         #2  02 - Before They Are Hanged                             guess    folder:number-corroborated(7/7)
08-09 00:54:17.998 I/ReactNativeJS(18909):         #3  03 - Last Argument of Kings                             guess    folder:number-corroborated(7/7)
08-09 00:54:17.998 I/ReactNativeJS(18909):         #4  04 - Best Served Cold                                   guess    folder:number-corroborated(7/7)
08-09 00:54:17.998 I/ReactNativeJS(18909):         #5  05 - The Heroes                                         guess    folder:number-corroborated(7/7)
08-09 00:54:17.998 I/ReactNativeJS(18909):         #6  06 - Red Country                                        guess    folder:number-corroborated(7/7)
08-09 00:54:17.998 I/ReactNativeJS(18909):         #7  07 - Sharp Ends: Stories from the World of the First L  guess    folder:number-corroborated(7/7)
08-09 00:54:17.999 I/ReactNativeJS(18909): [series] "Mistborn"  6 books  (existing)
08-09 00:54:17.999 I/ReactNativeJS(18909):         #1  Mistborn 1 (Michael Kramer)                             likely   alb.name-num-sp
08-09 00:54:17.999 I/ReactNativeJS(18909):         #2  Mistborn 2 (Michael Kramer)                             likely   alb.name-num-sp
08-09 00:54:17.999 I/ReactNativeJS(18909):         #3  Mistborn 3 (Michael Kramer)                             likely   alb.name-num-sp
08-09 00:54:17.999 I/ReactNativeJS(18909):         #4  Mistborn 4 (Michael Kramer)                             likely   alb.name-num-sp
08-09 00:54:17.999 I/ReactNativeJS(18909):         #5  Mistborn 5 (Michael Kramer)                             likely   alb.name-num-sp
08-09 00:54:17.999 I/ReactNativeJS(18909):         #6  Mistborn 6 (Michael Kramer)                             likely   alb.name-num-sp
08-09 00:54:18.001 I/ReactNativeJS(18909): [series] "Shadow Saga"  6 books  (existing)
08-09 00:54:18.001 I/ReactNativeJS(18909):         #1  Shadow 1 - Ender's Shadow                               certain  alb.name-num-dash folder:name-corroborated
08-09 00:54:18.001 I/ReactNativeJS(18909):         #3  Shadow 3 - Shadow Puppets                               certain  alb.name-num-dash folder:name-corroborated
08-09 00:54:18.001 I/ReactNativeJS(18909):         #6  Shadow of the Hegemon                                   possible folder:name-corroborated(2/6) num:folder
08-09 00:54:18.001 I/ReactNativeJS(18909):         #8  008 - Shadow of the Giant                               possible folder:name-corroborated(2/6)
08-09 00:54:18.001 I/ReactNativeJS(18909):         #9  Shadows in Flight                                       possible folder:name-corroborated(2/6) num:folder
08-09 00:54:18.001 I/ReactNativeJS(18909):        #10  The Last Shadow: Other Tales from the Ender Universe    possible folder:name-corroborated(2/6) num:folder
08-09 00:54:18.002 I/ReactNativeJS(18909): [series] "Bobiverse"  5 books  (existing)
08-09 00:54:18.002 I/ReactNativeJS(18909):         #1  Bobiverse 01 We Are Legion (We Are Bob)                 certain  alb.name-num-sp folder:name-corroborated
08-09 00:54:18.002 I/ReactNativeJS(18909):         #2  Bobiverse 02 For We Are Many                            certain  alb.name-num-sp folder:name-corroborated
08-09 00:54:18.002 I/ReactNativeJS(18909):         #3  Bobiverse 03 All These Worlds                           certain  alb.name-num-sp folder:name-corroborated
08-09 00:54:18.002 I/ReactNativeJS(18909):         #4  Bobiverse 04 Heaven's River                             certain  alb.name-num-sp folder:name-corroborated
08-09 00:54:18.002 I/ReactNativeJS(18909):         #5  Bobiverse 05 Not Till We Are Lost                       certain  alb.name-num-sp folder:name-corroborated
08-09 00:54:18.003 I/ReactNativeJS(18909): [series] "Long Earth"  5 books  (existing)
08-09 00:54:18.003 I/ReactNativeJS(18909):         #1  (Long Earth 01) The Long Earth                          certain  alb.paren-pre folder:name-corroborated
08-09 00:54:18.003 I/ReactNativeJS(18909):         #2  (Long Earth 02) The Long War                            certain  alb.paren-pre folder:name-corroborated
08-09 00:54:18.003 I/ReactNativeJS(18909):         #3  (Long Earth 03) The Long Mars                           certain  alb.paren-pre folder:name-corroborated
08-09 00:54:18.003 I/ReactNativeJS(18909):         #4  (Long Earth 04) The Long Utopia                         certain  alb.paren-pre folder:name-corroborated
08-09 00:54:18.003 I/ReactNativeJS(18909):         #5  (Long Earth 05) The Long Cosmos                         certain  alb.paren-pre folder:name-corroborated
08-09 00:54:18.005 I/ReactNativeJS(18909): [series] "Lockwood and Co."  4 books  (existing)
08-09 00:54:18.005 I/ReactNativeJS(18909):         #1  Lockwood and Co Book 1 - The Screaming Staircase        certain  alb.series-book-n folder:name-corroborated
08-09 00:54:18.005 I/ReactNativeJS(18909):         #2  Lockwood and Co Book 2 - The Whispering Skull           certain  alb.series-book-n folder:name-corroborated
08-09 00:54:18.005 I/ReactNativeJS(18909):         #3  Lockwood and Co Book 3 - The Hollow Boy                 certain  alb.series-book-n folder:name-corroborated
08-09 00:54:18.005 I/ReactNativeJS(18909):         #5  Lockwood & Co: The Empty Grave (Unabridged)             possible folder:name-corroborated(3/5) num:folder
08-09 00:54:18.006 I/ReactNativeJS(18909): [series] "Memory, Sorrow & Thorn"  4 books  (existing)
08-09 00:54:18.006 I/ReactNativeJS(18909):         #1  01 The Dragonbone Chair                                 guess    folder:number-corroborated(4/4)
08-09 00:54:18.006 I/ReactNativeJS(18909):         #2  02 The Stone of Farewell                                guess    folder:number-corroborated(4/4)
08-09 00:54:18.006 I/ReactNativeJS(18909):         #3  03 To Green Angel Tower - Siege                         guess    folder:number-corroborated(4/4)
08-09 00:54:18.006 I/ReactNativeJS(18909):         #4  04 To Green Angel Tower - Storm                         guess    folder:number-corroborated(4/4)
08-09 00:54:18.007 I/ReactNativeJS(18909): [series] "The Murderbot Diaries"  4 books  (existing)
08-09 00:54:18.007 I/ReactNativeJS(18909):         #3  Rogue Protocol: The Murderbot Diaries, Book 3           likely   alb.book-suffix
08-09 00:54:18.007 I/ReactNativeJS(18909):         #5  Network Effect                                          certain  tag.extra.SERIES
08-09 00:54:18.007 I/ReactNativeJS(18909):         #6  The Murderbot Diaries 6: Fugitive Telemetry             likely   alb.name-num-dash
08-09 00:54:18.007 I/ReactNativeJS(18909):         #7  Martha Wells - The Murderbot Diaries 07 - System Colla  likely   alb.name-num-dash
08-09 00:54:18.008 I/ReactNativeJS(18909): [series] "Bromeliad"  3 books  (new)
08-09 00:54:18.008 I/ReactNativeJS(18909):         #1  Bromeliad 01 - Truckers                                 certain  alb.name-num-dash folder:name-corroborated
08-09 00:54:18.008 I/ReactNativeJS(18909):         #2  Bromeliad 02 - Diggers                                  certain  alb.name-num-dash folder:name-corroborated
08-09 00:54:18.008 I/ReactNativeJS(18909):         #3  Bromeliad 03 - Wings                                    certain  alb.name-num-dash folder:name-corroborated
08-09 00:54:18.010 I/ReactNativeJS(18909): [series] "Crouch, B"  3 books  (existing)
08-09 00:54:18.010 I/ReactNativeJS(18909):         #1  Crouch, B: 1 Pines                                      likely   alb.name-num-sp
08-09 00:54:18.010 I/ReactNativeJS(18909):         #2  Crouch, B: 2 Wayward                                    likely   alb.name-num-sp
08-09 00:54:18.010 I/ReactNativeJS(18909):         #3  Crouch, B: 3 The Last Town                              likely   alb.name-num-sp
08-09 00:54:18.011 I/ReactNativeJS(18909): [series] "Lord of the Rings"  3 books  (existing)
08-09 00:54:18.011 I/ReactNativeJS(18909):         #1  The Fellowship of the Ring: Lord of the Rings, Book 1   likely   alb.book-suffix
08-09 00:54:18.011 I/ReactNativeJS(18909):         #2  The Two Towers: Lord of the Rings, Book 2               likely   alb.book-suffix
08-09 00:54:18.011 I/ReactNativeJS(18909):         #3  The Return of the King: Lord of the Rings, Book 3       likely   alb.book-suffix
08-09 00:54:18.013 I/ReactNativeJS(18909): [series] "The Age of Madness"  3 books  (existing)
08-09 00:54:18.013 I/ReactNativeJS(18909):         #1  01 - A Little Hatred                                    guess    folder:number-corroborated(3/3)
08-09 00:54:18.013 I/ReactNativeJS(18909):         #2  02 - The Trouble with Peace                             guess    folder:number-corroborated(3/3)
08-09 00:54:18.013 I/ReactNativeJS(18909):         #3  03 - The Wisdom of Crowds                               guess    folder:number-corroborated(3/3)
08-09 00:54:18.014 I/ReactNativeJS(18909): [series] "The Silo Saga"  3 books  (existing)
08-09 00:54:18.014 I/ReactNativeJS(18909):         #1  Wool: The Silo Saga, Book 1                             certain  tag.Grouping alb.book-suffix folder:name-corroborated
08-09 00:54:18.014 I/ReactNativeJS(18909):         #2  Shift: The Silo Saga, Book 2                            certain  alb.book-suffix folder:name-corroborated
08-09 00:54:18.014 I/ReactNativeJS(18909):         #3  Dust: The Silo Saga, Book 3                             certain  alb.book-suffix folder:name-corroborated
08-09 00:54:18.015 I/ReactNativeJS(18909): [series] "TMC"  3 books  (existing)
08-09 00:54:18.015 I/ReactNativeJS(18909):         #1  TMC 01 Thursday Murder Club                             likely   alb.name-num-sp
08-09 00:54:18.015 I/ReactNativeJS(18909):         #2  TMC 02 The Man Who Died Twice                           likely   alb.name-num-sp
08-09 00:54:18.015 I/ReactNativeJS(18909):         #3  TMC 03 The Bullet That Missed                           likely   alb.name-num-sp
08-09 00:54:18.016 I/ReactNativeJS(18909): [series] "Cerulean Chronicles"  2 books  (existing)
08-09 00:54:18.016 I/ReactNativeJS(18909):         #1  Cerulean Chronicles 01 - The House in the Cerulean Sea  certain  tag.extra.SERIES alb.name-num-dash
08-09 00:54:18.016 I/ReactNativeJS(18909):         #2  Cerulean Chronicles 02 - Somewhere Beyond the Sea       certain  tag.extra.SERIES alb.name-num-dash
08-09 00:54:18.020 I/ReactNativeJS(18909): [series] "Kingkiller Chronicle"  2 books  (existing)
08-09 00:54:18.020 I/ReactNativeJS(18909):         #1  Kingkiller Chronicle 01 The Name of the Wind            likely   alb.name-num-sp
08-09 00:54:18.020 I/ReactNativeJS(18909):         #2  Kingkiller Chronicle 02 The Wise Man's Fear             likely   alb.name-num-sp
08-09 00:54:18.022 I/ReactNativeJS(18909): [series] "Red Rising"  2 books  (existing)
08-09 00:54:18.022 I/ReactNativeJS(18909):         #5  Red Rising, Book 5 - Dark Age                           likely   alb.series-book-n
08-09 00:54:18.022 I/ReactNativeJS(18909):         #6  Light Bringer: Red Rising, Book 6                       likely   alb.book-suffix
08-09 00:54:18.023 I/ReactNativeJS(18909): [series] detection (conservative): 351 units → 23 series, 200 books placed · created 1 (3 rows) · inserted 0 · removed 0 · skipped 0 · 646ms
08-09 00:54:18.031 I/ReactNativeJS(18909): [rowprobe] inner u6rh0lV2wFJfyZyt h=220.00001525878906
08-09 00:54:18.033 I/ReactNativeJS(18909): [rowprobe] inner aJ6PzPyOazGoPlMU h=220
08-09 00:54:18.034 I/ReactNativeJS(18909): [rowprobe] item wJWi2xxHcY4WzHBi h=212.00003051757812
08-09 00:54:18.035 I/ReactNativeJS(18909): [rowprobe] item 5W3iLmceDVYF2taj h=212.00003051757812
08-09 00:54:18.037 I/ReactNativeJS(18909): [rowprobe] item UMlu884lMhoAx412 h=212
08-09 00:54:18.038 I/ReactNativeJS(18909): [rowprobe] item pL0GnCoHDcXghhhW h=212
08-09 00:54:18.039 I/ReactNativeJS(18909): [rowprobe] item rRI8x78GqZp5HOTr h=212.00003051757812
08-09 00:54:18.041 I/ReactNativeJS(18909): [rowprobe] item ZHuG7qw7HXwu6k6V h=212
08-09 00:54:18.042 I/ReactNativeJS(18909): [rowprobe] inner Ul6iMuDad0p0G6Il h=220
08-09 00:54:18.044 I/ReactNativeJS(18909): [rowprobe] item uEthzLoMb8NP1ZVl h=212
08-09 00:54:18.045 I/ReactNativeJS(18909): [rowprobe] item KT8FAi5J3511ZuJx h=212
08-09 00:54:18.363 I/ReactNativeJS(18909): [rowprobe] item P70oMTqN6h0sqHZa h=212.00001525878906
08-09 00:54:18.364 I/ReactNativeJS(18909): [rowprobe] inner SQCg4J25veYeLboC h=220
08-09 00:54:18.367 I/ReactNativeJS(18909): [rowprobe] item Z6AjOG6fsJN1Q5xZ h=212
08-09 00:54:18.368 I/ReactNativeJS(18909): [rowprobe] item XqiYLsLTXxrvVzLW h=212
08-09 00:54:18.370 I/ReactNativeJS(18909): [rowprobe] item eeCtW2u0xNvNRWWt h=212
08-09 00:54:22.729 I/ReactNativeJS(18909): [rowprobe] item UMlu884lMhoAx412 h=386.85711669921875
08-09 00:54:22.730 I/ReactNativeJS(18909): [rowprobe] item pL0GnCoHDcXghhhW h=386.85711669921875
08-09 00:54:22.732 I/ReactNativeJS(18909): [rowprobe] item ZHuG7qw7HXwu6k6V h=383.42864990234375
08-09 00:54:28.439 I/ReactNativeJS(18909): [rowprobe] inner Ul6iMuDad0p0G6Il h=220.00006103515625
08-09 00:54:28.442 I/ReactNativeJS(18909): [rowprobe] inner aJ6PzPyOazGoPlMU h=220
08-09 00:54:28.444 I/ReactNativeJS(18909): [rowprobe] item UMlu884lMhoAx412 h=212
08-09 00:54:28.445 I/ReactNativeJS(18909): [rowprobe] item pL0GnCoHDcXghhhW h=212
08-09 00:54:28.446 I/ReactNativeJS(18909): [rowprobe] inner SQCg4J25veYeLboC h=220
08-09 00:54:28.448 I/ReactNativeJS(18909): [rowprobe] item Z6AjOG6fsJN1Q5xZ h=212
08-09 00:54:28.449 I/ReactNativeJS(18909): [rowprobe] item XqiYLsLTXxrvVzLW h=212
08-09 00:54:28.450 I/ReactNativeJS(18909): [rowprobe] item eeCtW2u0xNvNRWWt h=212
08-09 00:54:28.550 I/ReactNativeJS(18909): [rowprobe] item ZHuG7qw7HXwu6k6V h=212
08-09 00:55:06.085 I/ReactNativeJS(18909): [rowprobe] inner VxelVMfQNwMKtuX3 h=220
08-09 00:55:06.087 I/ReactNativeJS(18909): [rowprobe] item CGTjffJuU6qlfDh1 h=212
08-09 00:55:06.088 I/ReactNativeJS(18909): [rowprobe] item FzZUnzNVclQigcyE h=212
08-09 00:55:06.089 I/ReactNativeJS(18909): [rowprobe] item hjNCy2bHsytmSXIW h=212
08-09 00:55:06.166 I/ReactNativeJS(18909): [rowprobe] item CCs5Qn8iyRxOlvU1 h=212
08-09 00:55:08.300 I/ReactNativeJS(18909): [rowprobe] item uEthzLoMb8NP1ZVl h=284.857177734375
08-09 00:55:08.301 I/ReactNativeJS(18909): [rowprobe] item KT8FAi5J3511ZuJx h=284.857177734375
08-09 00:55:08.305 I/ReactNativeJS(18909): [rowprobe] inner SQCg4J25veYeLboC h=220
08-09 00:55:08.306 I/ReactNativeJS(18909): [rowprobe] inner VxelVMfQNwMKtuX3 h=220
08-09 00:55:08.307 I/ReactNativeJS(18909): [rowprobe] item Z6AjOG6fsJN1Q5xZ h=212
08-09 00:55:08.309 I/ReactNativeJS(18909): [rowprobe] item XqiYLsLTXxrvVzLW h=212
08-09 00:55:08.310 I/ReactNativeJS(18909): [rowprobe] item CGTjffJuU6qlfDh1 h=212
08-09 00:55:08.311 I/ReactNativeJS(18909): [rowprobe] item FzZUnzNVclQigcyE h=212
08-09 00:55:08.313 I/ReactNativeJS(18909): [rowprobe] item eeCtW2u0xNvNRWWt h=212
08-09 00:55:08.314 I/ReactNativeJS(18909): [rowprobe] item hjNCy2bHsytmSXIW h=212
08-09 00:55:08.384 I/ReactNativeJS(18909): [rowprobe] item CCs5Qn8iyRxOlvU1 h=212
08-09 00:55:13.869 I/ReactNativeJS(18909): [rowprobe] inner Ul6iMuDad0p0G6Il h=220
08-09 00:55:15.336 I/ReactNativeJS(18909): [rowprobe] inner VxelVMfQNwMKtuX3 h=220
08-09 00:55:15.339 I/ReactNativeJS(18909): [rowprobe] item CGTjffJuU6qlfDh1 h=212
08-09 00:55:15.341 I/ReactNativeJS(18909): [rowprobe] item FzZUnzNVclQigcyE h=212
08-09 00:55:15.342 I/ReactNativeJS(18909): [rowprobe] item hjNCy2bHsytmSXIW h=212
08-09 00:55:15.405 I/ReactNativeJS(18909): [rowprobe] item CCs5Qn8iyRxOlvU1 h=212
