--------- beginning of main
08-13 16:51:38.899 W/ReactNativeJS(21809): [series] 0 books sit under no configured root and 1 have no first chapter — all dropped before detection, out of 355
08-13 16:51:38.997 I/ReactNativeJS(21809): [series] "Discworld"  41 books  (existing)
08-13 16:51:38.997 I/ReactNativeJS(21809):         #1  Discworld 01 - The Colour of Magic                      certain  alb.name-num-dash folder:name-corroborated split:number-collision(49% dupes -> 2 folders)
08-13 16:51:38.997 I/ReactNativeJS(21809):         #2  Discworld 02 - The Light Fantastic                      certain  alb.name-num-dash folder:name-corroborated split:number-collision(49% dupes -> 2 folders)
08-13 16:51:38.997 I/ReactNativeJS(21809):         #3  Discworld 03 - Equal Rites                              certain  alb.name-num-dash folder:name-corroborated split:number-collision(49% dupes -> 2 folders)
08-13 16:51:38.997 I/ReactNativeJS(21809):         #4  Discworld 04 - Mort                                     certain  alb.name-num-dash folder:name-corroborated split:number-collision(49% dupes -> 2 folders)
08-13 16:51:38.997 I/ReactNativeJS(21809):         #5  Discworld 05 - Sourcery                                 certain  alb.name-num-dash folder:name-corroborated split:number-collision(49% dupes -> 2 folders)
08-13 16:51:38.997 I/ReactNativeJS(21809):         #6  Discworld 06 -  Wyrd Sisters                            certain  alb.name-num-dash folder:name-corroborated split:number-collision(49% dupes -> 2 folders)
08-13 16:51:38.997 I/ReactNativeJS(21809):         #7  Discworld 07 - Pyramids                                 certain  alb.name-num-dash folder:name-corroborated split:number-collision(49% dupes -> 2 folders)
08-13 16:51:38.997 I/ReactNativeJS(21809):         #8  Discworld 08 - Guards! Guards!                          certain  alb.name-num-dash folder:name-corroborated split:number-collision(49% dupes -> 2 folders)
08-13 16:51:38.997 I/ReactNativeJS(21809):         #9  Discworld 09 - Eric                                     certain  alb.name-num-dash folder:name-corroborated split:number-collision(49% dupes -> 2 folders)
08-13 16:51:38.997 I/ReactNativeJS(21809):        #10  Discworld 10 - Moving Pictures                          certain  alb.name-num-dash folder:name-corroborated split:number-collision(49% dupes -> 2 folders)
08-13 16:51:38.997 I/ReactNativeJS(21809):        #11  Discworld 11 - Reaper Man                               certain  alb.name-num-dash folder:name-corroborated split:number-collision(49% dupes -> 2 folders)
08-13 16:51:38.997 I/ReactNativeJS(21809):        #12  Discworld 12 - Witches Abroad                           certain  alb.name-num-dash folder:name-corroborated split:number-collision(49% dupes -> 2 folders)
08-13 16:51:38.997 I/ReactNativeJS(21809):        #13  Discworld 13 - Small Gods                               certain  tag.Grouping+bare-num alb.name-num-dash folder:name-corroborated split:number-collision(49% dupes -> 2 folders)
08-13 16:51:38.997 I/ReactNativeJS(21809):        #14  Discworld 14 - Lords and Ladies                         certain  alb.name-num-dash folder:name-corroborated split:number-collision(49% dupes -> 2 folders)
08-13 16:51:38.997 I/ReactNativeJS(21809):        #15  Discworld 15 - Men At Arms                              certain  alb.name-num-dash folder:name-corroborated split:number-collision(49% dupes -> 2 folders)
08-13 16:51:38.997 I/ReactNativeJS(21809):        #16  Discworld 16 - Soul Music                               certain  alb.name-num-dash folder:name-corroborated split:number-collision(49% dupes -> 2 folders)
08-13 16:51:38.997 I/ReactNativeJS(21809):        #17  Discworld 17 - Interesting Times                        certain  alb.name-num-dash folder:name-corroborated split:number-collision(49% dupes -> 2 folders)
08-13 16:51:38.997 I/ReactNativeJS(21809):        #18  Discworld 18 - Maskerade                                certain  alb.name-num-dash folder:name-corroborated split:number-collision(49% dupes -> 2 folders)
08-13 16:51:38.997 I/ReactNativeJS(21809):        #19  Discworld 19 - Feet of Clay                             certain  alb.name-num-dash folder:name-corroborated split:number-collision(49% dupes -> 2 folders)
08-13 16:51:38.997 I/ReactNativeJS(21809):        #20  Discworld 20 - Hogfather                                certain  alb.name-num-dash folder:name-corroborated split:number-collision(49% dupes -> 2 folders)
08-13 16:51:38.997 I/ReactNativeJS(21809):        #21  Discworld 21 - Jingo                                    certain  alb.name-num-dash folder:name-corroborated split:number-collision(49% dupes -> 2 folders)
08-13 16:51:38.997 I/ReactNativeJS(21809):        #22  Discworld 22 - The Last Continent                       certain  alb.name-num-dash folder:name-corroborated split:number-collision(49% dupes -> 2 folders)
08-13 16:51:38.997 I/ReactNativeJS(21809):        #23  Discworld 23 - Carpe Jugulum                            certain  alb.name-num-dash folder:name-corroborated split:number-collision(49% dupes -> 2 folders)
08-13 16:51:38.997 I/ReactNativeJS(21809):        #24  Discworld 24 - The Fifth Elephant                       certain  alb.name-num-dash folder:name-corroborated split:number-collision(49% dupes -> 2 folders)
08-13 16:51:38.997 I/ReactNativeJS(21809):        #25  Discworld 25 - The Truth                                certain  alb.name-num-dash folder:name-corroborated split:number-collision(49% dupes -> 2 folders)
08-13 16:51:38.997 I/ReactNativeJS(21809):        #26  Discworld 26 - Thief of Time                            certain  alb.name-num-dash folder:name-corroborated split:number-collision(49% dupes -> 2 folders)
08-13 16:51:38.997 I/ReactNativeJS(21809):        #27  Discworld 27 - The Last Hero                            certain  alb.name-num-dash folder:name-corroborated split:number-collision(49% dupes -> 2 folders)
08-13 16:51:38.997 I/ReactNativeJS(21809):        #28  Discworld 28 - The Amazing Maurice and His Educated Ro  certain  alb.name-num-dash folder:name-corroborated split:number-collision(49% dupes -> 2 folders)
08-13 16:51:38.997 I/ReactNativeJS(21809):        #29  Discworld 29 - Night Watch                              certain  alb.name-num-dash folder:name-corroborated split:number-collision(49% dupes -> 2 folders)
08-13 16:51:38.997 I/ReactNativeJS(21809):        #30  Discworld 30 - The Wee Free Men                         certain  alb.name-num-dash folder:name-corroborated split:number-collision(49% dupes -> 2 folders)
08-13 16:51:38.997 I/ReactNativeJS(21809):        #31  Discworld 31 - Monstrous Regiment                       certain  alb.name-num-dash folder:name-corroborated split:number-collision(49% dupes -> 2 folders)
08-13 16:51:38.997 I/ReactNativeJS(21809):        #32  Discworld 32 - A Hat Full of Sky                        certain  alb.name-num-dash folder:name-corroborated split:number-collision(49% dupes -> 2 folders)
08-13 16:51:38.997 I/ReactNativeJS(21809):        #33  Discworld 33 - Going Postal                             certain  alb.name-num-dash folder:name-corroborated split:number-collision(49% dupes -> 2 folders)
08-13 16:51:38.997 I/ReactNativeJS(21809):        #34  Discworld 34 - Thud!                                    certain  alb.name-num-dash folder:name-corroborated split:number-collision(49% dupes -> 2 folders)
08-13 16:51:38.997 I/ReactNativeJS(21809):        #35  Discworld 35 - Wintersmith                              certain  alb.name-num-dash folder:name-corroborated split:number-collision(49% dupes -> 2 folders)
08-13 16:51:38.997 I/ReactNativeJS(21809):        #36  Discworld 36 - Making Money                             certain  alb.name-num-dash folder:name-corroborated split:number-collision(49% dupes -> 2 folders)
08-13 16:51:38.997 I/ReactNativeJS(21809):        #37  Discworld 37 - Unseen Academicals                       certain  tag.Grouping+bare-num alb.name-num-dash folder:name-corroborated split:number-collision(49% dupes -> 2 folders)
08-13 16:51:38.997 I/ReactNativeJS(21809):        #38  DW38-I Shall Wear Midnight                              possible folder:name-corroborated(37/41) num:folder split:number-collision(49% dupes -> 2 folders)
08-13 16:51:38.997 I/ReactNativeJS(21809):        #39  Snuff                                                   possible folder:name-corroborated(37/41) num:folder split:number-collision(49% dupes -> 2 folders)
08-13 16:51:38.997 I/ReactNativeJS(21809):        #40  Raising Steam                                           possible folder:name-corroborated(37/41) num:folder split:number-collision(49% dupes -> 2 folders)
08-13 16:51:38.997 I/ReactNativeJS(21809):        #41  The Shepherd's Crown                                    possible folder:name-corroborated(37/41) num:folder split:number-collision(49% dupes -> 2 folders)
08-13 16:51:38.998 I/ReactNativeJS(21809): [series] "Discworld (2022)"  39 books  (existing)
08-13 16:51:38.998 I/ReactNativeJS(21809):         #1  The Colour of Magic                                     possible folder:name-corroborated(10/39) num:folder split:number-collision(49% dupes -> 2 folders)
08-13 16:51:38.998 I/ReactNativeJS(21809):         #2  The Light Fantastic                                     possible folder:name-corroborated(10/39) num:folder split:number-collision(49% dupes -> 2 folders)
08-13 16:51:38.998 I/ReactNativeJS(21809):         #3  Equal Rites                                             possible folder:name-corroborated(10/39) num:folder split:number-collision(49% dupes -> 2 folders)
08-13 16:51:38.998 I/ReactNativeJS(21809):         #4  Mort (#4)                                               possible folder:name-corroborated(10/39) split:number-collision(49% dupes -> 2 folders)
08-13 16:51:38.998 I/ReactNativeJS(21809):         #5  Sourcery (#5)                                           possible folder:name-corroborated(10/39) split:number-collision(49% dupes -> 2 folders)
08-13 16:51:38.998 I/ReactNativeJS(21809):         #7  Pyramids: Discworld, Book 7                             certain  alb.book-suffix folder:name-corroborated split:number-collision(49% dupes -> 2 folders)
08-13 16:51:38.998 I/ReactNativeJS(21809):         #8  Guards! Guards! (Unabridged)                            possible folder:name-corroborated(10/39) num:folder split:number-collision(49% dupes -> 2 folders)
08-13 16:51:38.998 I/ReactNativeJS(21809):         #9  (#9) Eric                                               possible folder:name-corroborated(10/39) split:number-collision(49% dupes -> 2 folders)
08-13 16:51:38.998 I/ReactNativeJS(21809):        #10  Moving Pictures: Discworld, Book 10                     certain  alb.book-suffix folder:name-corroborated split:number-collision(49% dupes -> 2 folders)
08-13 16:51:38.998 I/ReactNativeJS(21809):        #11  (#11) Reaper Man                                        possible folder:name-corroborated(10/39) split:number-collision(49% dupes -> 2 folders)
08-13 16:51:38.998 I/ReactNativeJS(21809):        #12  Witches Abroad                                          possible folder:name-corroborated(10/39) num:folder split:number-collision(49% dupes -> 2 folders)
08-13 16:51:38.998 I/ReactNativeJS(21809):        #13  Small Gods (#13)                                        possible folder:name-corroborated(10/39) split:number-collision(49% dupes -> 2 folders)
08-13 16:51:38.998 I/ReactNativeJS(21809):        #14  Lords and Ladies                                        possible folder:name-corroborated(10/39) num:folder split:number-collision(49% dupes -> 2 folders)
08-13 16:51:38.998 I/ReactNativeJS(21809):        #15  Men at Arms (Unabridged)                                possible folder:name-corroborated(10/39) num:folder split:number-collision(49% dupes -> 2 folders)
08-13 16:51:38.998 I/ReactNativeJS(21809):        #16  (#16) Soul Music                                        possible folder:name-corroborated(10/39) split:number-collision(49% dupes -> 2 folders)
08-13 16:51:38.998 I/ReactNativeJS(21809):        #17  (#17) Interesting Times                                 possible folder:name-corroborated(10/39) split:number-collision(49% dupes -> 2 folders)
08-13 16:51:38.998 I/ReactNativeJS(21809):        #18  Maskerade                                               possible folder:name-corroborated(10/39) num:folder split:number-collision(49% dupes -> 2 folders)
08-13 16:51:38.998 I/ReactNativeJS(21809):        #19  Feet of Clay (Unabridged)                               possible folder:name-corroborated(10/39) num:folder split:number-collision(49% dupes -> 2 folders)
08-13 16:51:38.998 I/ReactNativeJS(21809):        #20  Hogfather: Discworld, Book 20                           certain  alb.book-suffix folder:name-corroborated split:number-collision(49% dupes -> 2 folders)
08-13 16:51:38.998 I/ReactNativeJS(21809):        #21  Jingo (Unabridged)                                      possible folder:name-corroborated(10/39) num:folder split:number-collision(49% dupes -> 2 folders)
08-13 16:51:38.998 I/ReactNativeJS(21809):        #22  The Last Continent: Discworld, Book 22                  certain  alb.book-suffix folder:name-corroborated split:number-collision(49% dupes -> 2 folders)
08-13 16:51:38.998 I/ReactNativeJS(21809):        #23  Carpe Jugulum                                           possible folder:name-corroborated(10/39) num:folder split:number-collision(49% dupes -> 2 folders)
08-13 16:51:38.998 I/ReactNativeJS(21809):        #24  The Fifth Elephant (Unabridged)                         possible folder:name-corroborated(10/39) num:folder split:number-collision(49% dupes -> 2 folders)
08-13 16:51:38.998 I/ReactNativeJS(21809):        #25  The Truth (Unabridged)                                  possible folder:name-corroborated(10/39) num:folder split:number-collision(49% dupes -> 2 folders)
08-13 16:51:38.998 I/ReactNativeJS(21809):        #26  Thief of Time (#26)                                     possible folder:name-corroborated(10/39) split:number-collision(49% dupes -> 2 folders)
08-13 16:51:38.998 I/ReactNativeJS(21809):        #28  The Amazing Maurice and His Educated Rodents (#28)      possible folder:name-corroborated(10/39) split:number-collision(49% dupes -> 2 folders)
08-13 16:51:38.998 I/ReactNativeJS(21809):        #29  Night Watch: Discworld, Book 29                         certain  alb.book-suffix folder:name-corroborated split:number-collision(49% dupes -> 2 folders)
08-13 16:51:38.998 I/ReactNativeJS(21809):        #30  The Wee Free Men: Discworld, Book 30                    certain  alb.book-suffix folder:name-corroborated split:number-collision(49% dupes -> 2 folders)
08-13 16:51:38.998 I/ReactNativeJS(21809):        #31  (#31) Monstrous Regiment                                possible folder:name-corroborated(10/39) split:number-collision(49% dupes -> 2 folders)
08-13 16:51:38.998 I/ReactNativeJS(21809):        #32  A Hat Full of Sky: Discworld, Book 32                   certain  alb.book-suffix folder:name-corroborated split:number-collision(49% dupes -> 2 folders)
08-13 16:51:38.998 I/ReactNativeJS(21809):        #33  Going Postal (Unabridged)                               possible folder:name-corroborated(10/39) num:folder split:number-collision(49% dupes -> 2 folders)
08-13 16:51:38.998 I/ReactNativeJS(21809):        #34  Thud!: Discworld, Book 34                               certain  alb.book-suffix folder:name-corroborated split:number-collision(49% dupes -> 2 folders)
08-13 16:51:38.998 I/ReactNativeJS(21809):        #35  Wintersmith: Discworld, Book 35                         certain  alb.book-suffix folder:name-corroborated split:number-collision(49% dupes -> 2 folders)
08-13 16:51:38.998 I/ReactNativeJS(21809):        #36  Making Money (Unabridged)                               possible folder:name-corroborated(10/39) num:folder split:number-collision(49% dupes -> 2 folders)
08-13 16:51:38.998 I/ReactNativeJS(21809):        #37  Unseen Academicals: Discworld Book, 37                  possible folder:name-corroborated(10/39) num:folder split:number-collision(49% dupes -> 2 folders)
08-13 16:51:38.998 I/ReactNativeJS(21809):        #38  I Shall Wear Midnight (Unabridged)                      possible folder:name-corroborated(10/39) num:folder split:number-collision(49% dupes -> 2 folders)
08-13 16:51:38.998 I/ReactNativeJS(21809):        #39  Snuff: Discworld, Book 39                               certain  alb.book-suffix folder:name-corroborated split:number-collision(49% dupes -> 2 folders)
08-13 16:51:38.998 I/ReactNativeJS(21809):        #40  Raising Steam (Unabridged)                              possible folder:name-corroborated(10/39) num:folder split:number-collision(49% dupes -> 2 folders)
08-13 16:51:38.998 I/ReactNativeJS(21809):        #41  The Shepherd's Crown (Unabridged)                       possible folder:name-corroborated(10/39) num:folder split:number-collision(49% dupes -> 2 folders)
08-13 16:51:39.000 I/ReactNativeJS(21809): [series] "Dresden Files"  22 books  (existing)
08-13 16:51:39.000 I/ReactNativeJS(21809):         #1  Storm Front: The Dresden Files, Book 1 (Unabridged)     certain  tag.extra.SERIES alb.book-suffix folder:name-corroborated
08-13 16:51:39.000 I/ReactNativeJS(21809):         #2  Fool Moon: The Dresden Files, Book 2 (Unabridged)       certain  tag.extra.SERIES alb.book-suffix folder:name-corroborated
08-13 16:51:39.000 I/ReactNativeJS(21809):         #3  Grave Peril: The Dresden Files, Book 3 (Unabridged)     certain  tag.extra.SERIES alb.book-suffix folder:name-corroborated
08-13 16:51:39.000 I/ReactNativeJS(21809):         #4  Summer Knight: The Dresden Files, Book 4 (Unabridged)   certain  tag.extra.SERIES alb.book-suffix folder:name-corroborated
08-13 16:51:39.000 I/ReactNativeJS(21809):         #5  Death Masks: The Dresden Files, Book 5 (Unabridged)     certain  tag.extra.SERIES alb.book-suffix folder:name-corroborated
08-13 16:51:39.000 I/ReactNativeJS(21809):         #6  Blood Rites: The Dresden Files, Book 6 (Unabridged)     certain  tag.extra.SERIES alb.book-suffix folder:name-corroborated
08-13 16:51:39.000 I/ReactNativeJS(21809):         #7  Dead Beat: The Dresden Files, Book 7 (Unabridged)       certain  tag.extra.SERIES alb.book-suffix folder:name-corroborated
08-13 16:51:39.000 I/ReactNativeJS(21809):         #8  Proven Guilty: The Dresden Files, Book 8 (Unabridged)   certain  tag.extra.SERIES alb.book-suffix folder:name-corroborated
08-13 16:51:39.000 I/ReactNativeJS(21809):         #9  White Night: The Dresden Files, Book 9 (Unabridged)     certain  tag.extra.SERIES alb.book-suffix folder:name-corroborated
08-13 16:51:39.000 I/ReactNativeJS(21809):        #10  The Dresden Files #10: Small Favor                      certain  tag.Grouping alb.hash-colon folder:name-corroborated
08-13 16:51:39.000 I/ReactNativeJS(21809):        #11  The Dresden Files #11: Turn Coat                        certain  tag.Grouping alb.hash-colon folder:name-corroborated
08-13 16:51:39.000 I/ReactNativeJS(21809):        #12  The Dresden Files #12: Changes                          certain  tag.Grouping alb.hash-colon folder:name-corroborated
08-13 16:51:39.000 I/ReactNativeJS(21809):      #12.5  The Dresden Files #12.5: Side Jobs                      certain  tag.Grouping alb.hash-colon folder:name-corroborated
08-13 16:51:39.000 I/ReactNativeJS(21809):        #13  The Dresden Files #13: Ghost Story                      certain  tag.Grouping alb.hash-colon folder:name-corroborated
08-13 16:51:39.000 I/ReactNativeJS(21809):        #14  The Dresden Files #14: Cold Days                        certain  tag.Grouping alb.hash-colon folder:name-corroborated
08-13 16:51:39.000 I/ReactNativeJS(21809):        #15  The Dresden Files #15: Skin Game                        certain  tag.Grouping alb.hash-colon folder:name-corroborated
08-13 16:51:39.000 I/ReactNativeJS(21809):      #15.5  Brief Cases (Unabridged)                                certain  tag.extra.SERIES folder:name-corroborated
08-13 16:51:39.000 I/ReactNativeJS(21809):        #16  Peace Talks (Unabridged)                                certain  tag.extra.SERIES folder:name-corroborated
08-13 16:51:39.000 I/ReactNativeJS(21809):        #17  Battle Ground (Unabridged)                              certain  tag.extra.SERIES folder:name-corroborated
08-13 16:51:39.000 I/ReactNativeJS(21809):      #17.5  The Law                                                 certain  tag.extra.SERIES folder:name-corroborated
08-13 16:51:39.000 I/ReactNativeJS(21809):        #18  Twelve Months (Unabridged)                              certain  tag.extra.SERIES folder:name-corroborated
08-13 16:51:39.000 I/ReactNativeJS(21809):          —  Heroic Hearts (Unabridged)                              possible folder:name-corroborated(21/22)
08-13 16:51:39.001 I/ReactNativeJS(21809): [series] "Demon Accords"  17 books  (existing)
08-13 16:51:39.001 I/ReactNativeJS(21809):         #1  Book 01 - God Touched - Demon Accords Series            certain  alb.book-dash-series folder:name-corroborated
08-13 16:51:39.001 I/ReactNativeJS(21809):         #1  Volume 01 - The Demon Accords Compendium                possible folder:name-corroborated(14/17)
08-13 16:51:39.001 I/ReactNativeJS(21809):         #2  Book 02 - Demon Driven - Demon Accords Series           certain  alb.book-dash-series folder:name-corroborated
08-13 16:51:39.001 I/ReactNativeJS(21809):         #2  Volume 02 - The Demon Accords Compendium                possible folder:name-corroborated(14/17)
08-13 16:51:39.001 I/ReactNativeJS(21809):         #3  Book 03 - Brutal Asset - Demon Accords Series           certain  alb.book-dash-series folder:name-corroborated
08-13 16:51:39.001 I/ReactNativeJS(21809):         #3  Volume 3 - The Demon Accords Compendium                 possible folder:name-corroborated(14/17)
08-13 16:51:39.001 I/ReactNativeJS(21809):       #3.5  Book 03.5 - Black Frost - Demon Accords Series          certain  alb.book-dash-series folder:name-corroborated
08-13 16:51:39.001 I/ReactNativeJS(21809):         #4  Book 04 - Duel Nature - Demon Accords Series            certain  alb.book-dash-series folder:name-corroborated
08-13 16:51:39.001 I/ReactNativeJS(21809):         #5  Book 05 - Fallen Stars - Demon Accords Series           certain  alb.book-dash-series folder:name-corroborated
08-13 16:51:39.001 I/ReactNativeJS(21809):         #6  Book 06 - Executable - Demon Accords Series             certain  alb.book-dash-series folder:name-corroborated
08-13 16:51:39.001 I/ReactNativeJS(21809):         #7  Book 07 - Forced Ascent - Demon Accords Series          certain  alb.book-dash-series folder:name-corroborated
08-13 16:51:39.001 I/ReactNativeJS(21809):         #8  Book 08 Part 1 - College Arcane - Demon Accords Series  certain  alb.book-dash-series folder:name-corroborated
08-13 16:51:39.001 I/ReactNativeJS(21809):         #8  Book 08 Part 2 - College Arcane - Demon Accords Series  certain  alb.book-dash-series folder:name-corroborated
08-13 16:51:39.001 I/ReactNativeJS(21809):         #9  Book 09 - God Hammer - Demon Accords Series             certain  alb.book-dash-series folder:name-corroborated
08-13 16:51:39.001 I/ReactNativeJS(21809):        #10  Book 10 - Rogues - Demon Accords Series                 certain  alb.book-dash-series folder:name-corroborated
08-13 16:51:39.001 I/ReactNativeJS(21809):        #11  Book 11 - Snake Eyes - Demon Accords Series             certain  alb.book-dash-series folder:name-corroborated
08-13 16:51:39.001 I/ReactNativeJS(21809):        #12  Book 12 - Winterfall - Demon Accords Series             certain  alb.book-dash-series folder:name-corroborated
08-13 16:51:39.002 I/ReactNativeJS(21809): [series] "Dungeon Crawler Carl"  8 books  (existing)
08-13 16:51:39.002 I/ReactNativeJS(21809):         #1  Dungeon Crawler Carl (Unabridged)                       certain  tag.extra.SERIES folder:name-corroborated
08-13 16:51:39.002 I/ReactNativeJS(21809):         #2  Carl's Doomsday Scenario: Dungeon Crawler Carl, Book 2  certain  alb.book-suffix folder:name-corroborated
08-13 16:51:39.002 I/ReactNativeJS(21809):         #3  The Dungeon Anarchist's Cookbook: Dungeon Crawler Carl  certain  alb.book-suffix folder:name-corroborated
08-13 16:51:39.002 I/ReactNativeJS(21809):         #4  The Gate of the Feral Gods: Dungeon Crawler Carl, Book  certain  alb.book-suffix folder:name-corroborated
08-13 16:51:39.002 I/ReactNativeJS(21809):         #5  The Butcher's Masquerade: Dungeon Crawler Carl, Book 5  certain  alb.book-suffix folder:name-corroborated
08-13 16:51:39.002 I/ReactNativeJS(21809):         #6  The Eye of the Bedlam Bride: Dungeon Crawler Carl, Boo  certain  alb.book-suffix folder:name-corroborated
08-13 16:51:39.002 I/ReactNativeJS(21809):         #7  This Inevitable Ruin                                    certain  tag.extra.SERIES folder:name-corroborated
08-13 16:51:39.002 I/ReactNativeJS(21809):          —  A Parade of Horribles                                   possible folder:name-corroborated(7/8)
08-13 16:51:39.004 I/ReactNativeJS(21809): [series] "The Dark Tower"  8 books  (existing)
08-13 16:51:39.004 I/ReactNativeJS(21809):         #1  The Dark Tower I: The Gunslinger                        certain  alb.roman folder:name-corroborated
08-13 16:51:39.004 I/ReactNativeJS(21809):         #2  The Dark Tower II: The Drawing Of The Three             certain  alb.roman folder:name-corroborated
08-13 16:51:39.004 I/ReactNativeJS(21809):         #4  The Dark Tower IV: Wizard & Glass                       certain  alb.roman folder:name-corroborated
08-13 16:51:39.004 I/ReactNativeJS(21809):         #5  The Dark Tower V: Wolves Of The Calla                   certain  alb.roman folder:name-corroborated
08-13 16:51:39.004 I/ReactNativeJS(21809):         #6  The Dark Tower VI: Song Of Susannah                     certain  alb.roman folder:name-corroborated
08-13 16:51:39.004 I/ReactNativeJS(21809):         #7  The Dark Tower VII: The Dark Tower                      certain  alb.roman folder:name-corroborated
08-13 16:51:39.004 I/ReactNativeJS(21809):          —  1991 - The Waste Lands (DT3 - read by Frank Muller)     possible folder:name-corroborated(6/8)
08-13 16:51:39.004 I/ReactNativeJS(21809):          —  LEGENDS - Stories by The Masters of Fantasy             possible folder:name-corroborated(6/8)
08-13 16:51:39.005 I/ReactNativeJS(21809): [series] "The First Law"  7 books  (existing)
08-13 16:51:39.005 I/ReactNativeJS(21809):         #1  01 - The Blade Itself                                   guess    folder:number-corroborated(7/7)
08-13 16:51:39.005 I/ReactNativeJS(21809):         #2  02 - Before They Are Hanged                             guess    folder:number-corroborated(7/7)
08-13 16:51:39.005 I/ReactNativeJS(21809):         #3  03 - Last Argument of Kings                             guess    folder:number-corroborated(7/7)
08-13 16:51:39.005 I/ReactNativeJS(21809):         #4  04 - Best Served Cold                                   guess    folder:number-corroborated(7/7)
08-13 16:51:39.005 I/ReactNativeJS(21809):         #5  05 - The Heroes                                         guess    folder:number-corroborated(7/7)
08-13 16:51:39.005 I/ReactNativeJS(21809):         #6  06 - Red Country                                        guess    folder:number-corroborated(7/7)
08-13 16:51:39.005 I/ReactNativeJS(21809):         #7  07 - Sharp Ends: Stories from the World of the First L  guess    folder:number-corroborated(7/7)
08-13 16:51:39.007 I/ReactNativeJS(21809): [series] "Mistborn"  6 books  (existing)
08-13 16:51:39.007 I/ReactNativeJS(21809):         #1  Mistborn 1 (Michael Kramer)                             likely   alb.name-num-sp
08-13 16:51:39.007 I/ReactNativeJS(21809):         #2  Mistborn 2 (Michael Kramer)                             likely   alb.name-num-sp
08-13 16:51:39.007 I/ReactNativeJS(21809):         #3  Mistborn 3 (Michael Kramer)                             likely   alb.name-num-sp
08-13 16:51:39.007 I/ReactNativeJS(21809):         #4  Mistborn 4 (Michael Kramer)                             likely   alb.name-num-sp
08-13 16:51:39.007 I/ReactNativeJS(21809):         #5  Mistborn 5 (Michael Kramer)                             likely   alb.name-num-sp
08-13 16:51:39.007 I/ReactNativeJS(21809):         #6  Mistborn 6 (Michael Kramer)                             likely   alb.name-num-sp
08-13 16:51:39.008 I/ReactNativeJS(21809): [series] "Shadow Saga"  6 books  (existing)
08-13 16:51:39.008 I/ReactNativeJS(21809):         #1  Shadow 1 - Ender's Shadow                               certain  alb.name-num-dash folder:name-corroborated
08-13 16:51:39.008 I/ReactNativeJS(21809):         #3  Shadow 3 - Shadow Puppets                               certain  alb.name-num-dash folder:name-corroborated
08-13 16:51:39.008 I/ReactNativeJS(21809):         #6  Shadow of the Hegemon                                   possible folder:name-corroborated(2/6) num:folder
08-13 16:51:39.008 I/ReactNativeJS(21809):         #8  008 - Shadow of the Giant                               possible folder:name-corroborated(2/6)
08-13 16:51:39.008 I/ReactNativeJS(21809):         #9  Shadows in Flight                                       possible folder:name-corroborated(2/6) num:folder
08-13 16:51:39.008 I/ReactNativeJS(21809):        #10  The Last Shadow: Other Tales from the Ender Universe    possible folder:name-corroborated(2/6) num:folder
08-13 16:51:39.009 I/ReactNativeJS(21809): [series] "Bobiverse"  5 books  (existing)
08-13 16:51:39.009 I/ReactNativeJS(21809):         #1  Bobiverse 01 We Are Legion (We Are Bob)                 certain  alb.name-num-sp folder:name-corroborated
08-13 16:51:39.009 I/ReactNativeJS(21809):         #2  Bobiverse 02 For We Are Many                            certain  alb.name-num-sp folder:name-corroborated
08-13 16:51:39.009 I/ReactNativeJS(21809):         #3  Bobiverse 03 All These Worlds                           certain  alb.name-num-sp folder:name-corroborated
08-13 16:51:39.009 I/ReactNativeJS(21809):         #4  Bobiverse 04 Heaven's River                             certain  alb.name-num-sp folder:name-corroborated
08-13 16:51:39.009 I/ReactNativeJS(21809):         #5  Bobiverse 05 Not Till We Are Lost                       certain  alb.name-num-sp folder:name-corroborated
08-13 16:51:39.011 I/ReactNativeJS(21809): [series] "Long Earth"  5 books  (existing)
08-13 16:51:39.011 I/ReactNativeJS(21809):         #1  (Long Earth 01) The Long Earth                          certain  alb.paren-pre folder:name-corroborated
08-13 16:51:39.011 I/ReactNativeJS(21809):         #2  (Long Earth 02) The Long War                            certain  alb.paren-pre folder:name-corroborated
08-13 16:51:39.011 I/ReactNativeJS(21809):         #3  (Long Earth 03) The Long Mars                           certain  alb.paren-pre folder:name-corroborated
08-13 16:51:39.011 I/ReactNativeJS(21809):         #4  (Long Earth 04) The Long Utopia                         certain  alb.paren-pre folder:name-corroborated
08-13 16:51:39.011 I/ReactNativeJS(21809):         #5  (Long Earth 05) The Long Cosmos                         certain  alb.paren-pre folder:name-corroborated
08-13 16:51:39.012 I/ReactNativeJS(21809): [series] "Lockwood and Co."  4 books  (existing)
08-13 16:51:39.012 I/ReactNativeJS(21809):         #1  Lockwood and Co Book 1 - The Screaming Staircase        certain  alb.series-book-n folder:name-corroborated
08-13 16:51:39.012 I/ReactNativeJS(21809):         #2  Lockwood and Co Book 2 - The Whispering Skull           certain  alb.series-book-n folder:name-corroborated
08-13 16:51:39.012 I/ReactNativeJS(21809):         #3  Lockwood and Co Book 3 - The Hollow Boy                 certain  alb.series-book-n folder:name-corroborated
08-13 16:51:39.012 I/ReactNativeJS(21809):         #5  Lockwood & Co: The Empty Grave (Unabridged)             possible folder:name-corroborated(3/5) num:folder
08-13 16:51:39.013 I/ReactNativeJS(21809): [series] "Memory, Sorrow & Thorn"  4 books  (existing)
08-13 16:51:39.013 I/ReactNativeJS(21809):         #1  01 The Dragonbone Chair                                 guess    folder:number-corroborated(4/4)
08-13 16:51:39.013 I/ReactNativeJS(21809):         #2  02 The Stone of Farewell                                guess    folder:number-corroborated(4/4)
08-13 16:51:39.013 I/ReactNativeJS(21809):         #3  03 To Green Angel Tower - Siege                         guess    folder:number-corroborated(4/4)
08-13 16:51:39.013 I/ReactNativeJS(21809):         #4  04 To Green Angel Tower - Storm                         guess    folder:number-corroborated(4/4)
08-13 16:51:39.014 I/ReactNativeJS(21809): [series] "The Murderbot Diaries"  4 books  (existing)
08-13 16:51:39.014 I/ReactNativeJS(21809):         #3  Rogue Protocol: The Murderbot Diaries, Book 3           likely   alb.book-suffix
08-13 16:51:39.014 I/ReactNativeJS(21809):         #5  Network Effect                                          certain  tag.extra.SERIES
08-13 16:51:39.014 I/ReactNativeJS(21809):         #6  The Murderbot Diaries 6: Fugitive Telemetry             likely   alb.name-num-dash
08-13 16:51:39.014 I/ReactNativeJS(21809):         #7  Martha Wells - The Murderbot Diaries 07 - System Colla  likely   alb.name-num-dash
08-13 16:51:39.015 I/ReactNativeJS(21809): [series] "Bromeliad"  3 books  (existing)
08-13 16:51:39.015 I/ReactNativeJS(21809):         #1  Bromeliad 01 - Truckers                                 certain  alb.name-num-dash folder:name-corroborated
08-13 16:51:39.015 I/ReactNativeJS(21809):         #2  Bromeliad 02 - Diggers                                  certain  alb.name-num-dash folder:name-corroborated
08-13 16:51:39.015 I/ReactNativeJS(21809):         #3  Bromeliad 03 - Wings                                    certain  alb.name-num-dash folder:name-corroborated
08-13 16:51:39.017 I/ReactNativeJS(21809): [series] "Crouch, B"  3 books  (existing)
08-13 16:51:39.017 I/ReactNativeJS(21809):         #1  Crouch, B: 1 Pines                                      likely   alb.name-num-sp
08-13 16:51:39.017 I/ReactNativeJS(21809):         #2  Crouch, B: 2 Wayward                                    likely   alb.name-num-sp
08-13 16:51:39.017 I/ReactNativeJS(21809):         #3  Crouch, B: 3 The Last Town                              likely   alb.name-num-sp
08-13 16:51:39.018 I/ReactNativeJS(21809): [series] "Lord of the Rings"  3 books  (existing)
08-13 16:51:39.018 I/ReactNativeJS(21809):         #1  The Fellowship of the Ring: Lord of the Rings, Book 1   likely   alb.book-suffix
08-13 16:51:39.018 I/ReactNativeJS(21809):         #2  The Two Towers: Lord of the Rings, Book 2               likely   alb.book-suffix
08-13 16:51:39.018 I/ReactNativeJS(21809):         #3  The Return of the King: Lord of the Rings, Book 3       likely   alb.book-suffix
08-13 16:51:39.019 I/ReactNativeJS(21809): [series] "The Age of Madness"  3 books  (existing)
08-13 16:51:39.019 I/ReactNativeJS(21809):         #1  01 - A Little Hatred                                    guess    folder:number-corroborated(3/3)
08-13 16:51:39.019 I/ReactNativeJS(21809):         #2  02 - The Trouble with Peace                             guess    folder:number-corroborated(3/3)
08-13 16:51:39.019 I/ReactNativeJS(21809):         #3  03 - The Wisdom of Crowds                               guess    folder:number-corroborated(3/3)
08-13 16:51:39.020 I/ReactNativeJS(21809): [series] "The Silo Saga"  3 books  (existing)
08-13 16:51:39.020 I/ReactNativeJS(21809):         #1  Wool: The Silo Saga, Book 1                             certain  tag.Grouping alb.book-suffix folder:name-corroborated
08-13 16:51:39.020 I/ReactNativeJS(21809):         #2  Shift: The Silo Saga, Book 2                            certain  alb.book-suffix folder:name-corroborated
08-13 16:51:39.020 I/ReactNativeJS(21809):         #3  Dust: The Silo Saga, Book 3                             certain  alb.book-suffix folder:name-corroborated
08-13 16:51:39.021 I/ReactNativeJS(21809): [series] "TMC"  3 books  (existing)
08-13 16:51:39.021 I/ReactNativeJS(21809):         #1  TMC 01 Thursday Murder Club                             likely   alb.name-num-sp
08-13 16:51:39.021 I/ReactNativeJS(21809):         #2  TMC 02 The Man Who Died Twice                           likely   alb.name-num-sp
08-13 16:51:39.021 I/ReactNativeJS(21809):         #3  TMC 03 The Bullet That Missed                           likely   alb.name-num-sp
08-13 16:51:39.024 I/ReactNativeJS(21809): [series] "Cerulean Chronicles"  2 books  (existing)
08-13 16:51:39.024 I/ReactNativeJS(21809):         #1  Cerulean Chronicles 01 - The House in the Cerulean Sea  certain  tag.extra.SERIES alb.name-num-dash
08-13 16:51:39.024 I/ReactNativeJS(21809):         #2  Cerulean Chronicles 02 - Somewhere Beyond the Sea       certain  tag.extra.SERIES alb.name-num-dash
08-13 16:51:39.026 I/ReactNativeJS(21809): [series] "Kingkiller Chronicle"  2 books  (existing)
08-13 16:51:39.026 I/ReactNativeJS(21809):         #1  Kingkiller Chronicle 01 The Name of the Wind            likely   alb.name-num-sp
08-13 16:51:39.026 I/ReactNativeJS(21809):         #2  Kingkiller Chronicle 02 The Wise Man's Fear             likely   alb.name-num-sp
08-13 16:51:39.027 I/ReactNativeJS(21809): [series] "Red Rising"  2 books  (existing)
08-13 16:51:39.027 I/ReactNativeJS(21809):         #5  Red Rising, Book 5 - Dark Age                           likely   alb.series-book-n
08-13 16:51:39.027 I/ReactNativeJS(21809):         #6  Light Bringer: Red Rising, Book 6                       likely   alb.book-suffix
08-13 16:51:39.028 I/ReactNativeJS(21809): [series] "Shadow of the Leviathan"  2 books  (existing)
08-13 16:51:39.028 I/ReactNativeJS(21809):         #2  A Drop of Corruption                                    certain  tag.extra.SERIES tag.Grouping+num
08-13 16:51:39.028 I/ReactNativeJS(21809):         #3  A Trade of Blood                                        certain  tag.extra.SERIES
08-13 16:51:39.029 I/ReactNativeJS(21809): [series] detection (conservative): 354 units → 24 series, 202 books placed · created 0 (0 rows) · inserted 0 · removed 0 · skipped 0 · 178ms
08-13 16:56:59.877 I/ReactNativeJS(21809): [RevenueCat] Purchases instance already set with the same configuration. Ignoring duplicate call.
08-13 16:56:59.878 D/ReactNativeJS(21809): [RevenueCat] ℹ️ Listener set
08-13 16:56:59.918 D/ReactNativeJS(21809): [RevenueCat] Retrieving customer info with policy: CACHED_OR_FETCHED
08-13 16:56:59.920 D/ReactNativeJS(21809): [RevenueCat] ℹ️ Vending CustomerInfo from cache.
08-13 16:56:59.921 D/ReactNativeJS(21809): [RevenueCat] ℹ️ Checking if cache is stale AppInBackground false
08-13 16:56:59.922 D/ReactNativeJS(21809): [RevenueCat] ℹ️ CustomerInfo cache is stale, updating from network in foreground.
08-13 16:56:59.922 D/ReactNativeJS(21809): [RevenueCat] ℹ️ Updating pending purchase queue
08-13 16:56:59.923 I/ReactNativeJS(21809): Player was already initialized.
08-13 16:56:59.926 D/ReactNativeJS(21809): [RevenueCat] ℹ️ Querying purchases
08-13 16:57:00.097 D/ReactNativeJS(21809): [RevenueCat] ℹ️ Purchase of type INAPP with hash +kORLy46FojrPu9U/FL3iTpN9E4=
08-13 16:57:00.098 D/ReactNativeJS(21809): [RevenueCat] ℹ️ Cleaning previously sent tokens
08-13 16:57:00.099 D/ReactNativeJS(21809): [RevenueCat] ℹ️ Tokens already posted: [+kORLy46FojrPu9U/FL3iTpN9E4=]
08-13 16:57:00.101 D/ReactNativeJS(21809): [RevenueCat] ℹ️ Saving tokens [+kORLy46FojrPu9U/FL3iTpN9E4=]
08-13 16:57:00.102 D/ReactNativeJS(21809): [RevenueCat] ℹ️ Tokens already posted: [+kORLy46FojrPu9U/FL3iTpN9E4=]
08-13 16:57:00.104 D/ReactNativeJS(21809): [RevenueCat] ℹ️ No pending purchases to sync
08-13 16:57:00.105 D/ReactNativeJS(21809): [RevenueCat] ℹ️ Vending Offerings from cache
08-13 16:57:00.105 D/ReactNativeJS(21809): [RevenueCat] ℹ️ Checking if cache is stale AppInBackground false
08-13 16:57:00.106 D/ReactNativeJS(21809): [RevenueCat] ℹ️ Offerings cache is stale, updating from network in foreground
08-13 16:57:00.107 D/ReactNativeJS(21809): [RevenueCat] 😻 Start Offerings update from network.
08-13 16:57:00.110 D/ReactNativeJS(21809): [RevenueCat] Request already scheduled with jitter delay, adding existing callbacks to unjittered request with key: BackgroundAwareCallbackCacheKey(cacheKey=[/v1/subscribers/%24RCAnonymousID%3Af4691cd67c7e45b48f2dac3df575d179], appInBackground=false)
08-13 16:57:00.111 D/ReactNativeJS(21809): [RevenueCat] Request already scheduled with jitter delay, adding existing callbacks to unjittered request with key: BackgroundAwareCallbackCacheKey(cacheKey=[/v1/subscribers/%24RCAnonymousID%3Af4691cd67c7e45b48f2dac3df575d179/offerings], appInBackground=false)
08-13 16:57:00.927 D/ReactNativeJS(21809): [RevenueCat] API request started: GET /v1/subscribers/%24RCAnonymousID%3Af4691cd67c7e45b48f2dac3df575d179
08-13 16:57:00.928 D/ReactNativeJS(21809): [RevenueCat] API request completed with status: GET /v1/subscribers/%24RCAnonymousID%3Af4691cd67c7e45b48f2dac3df575d179 200
08-13 16:57:00.929 D/ReactNativeJS(21809): [RevenueCat] 😻 CustomerInfo updated from network.
08-13 16:57:00.930 D/ReactNativeJS(21809): [RevenueCat] API request started: GET /v1/subscribers/%24RCAnonymousID%3Af4691cd67c7e45b48f2dac3df575d179/offerings
08-13 16:57:00.931 D/ReactNativeJS(21809): [RevenueCat] API request completed with status: GET /v1/subscribers/%24RCAnonymousID%3Af4691cd67c7e45b48f2dac3df575d179/offerings 304
08-13 16:57:00.932 D/ReactNativeJS(21809): [RevenueCat] ℹ️ Requesting products from the store with identifiers: pro
08-13 16:57:00.933 D/ReactNativeJS(21809): [RevenueCat] ℹ️ Products request finished for pro
08-13 16:57:00.935 D/ReactNativeJS(21809): [RevenueCat] 💰 Retrieved productDetailsList: 
08-13 16:57:00.937 I/ReactNativeJS(21809): [RevenueCat] ℹ️ Missing productDetails: UnfetchedProduct{productId='pro', productType='subs', statusCode=3}
08-13 16:57:00.938 I/ReactNativeJS(21809): [RevenueCat] ℹ️ Product not found: pro - Product Type: subs, Reason: PRODUCT_NOT_FOUND, Serialized doc ID: 
08-13 16:57:00.939 D/ReactNativeJS(21809): [RevenueCat] ℹ️ Requesting products from the store with identifiers: pro
08-13 16:57:00.940 D/ReactNativeJS(21809): [RevenueCat] ℹ️ Products request finished for pro
08-13 16:57:00.941 D/ReactNativeJS(21809): [RevenueCat] 💰 Retrieved productDetailsList: ProductDetails{jsonString='{"productId":"pro","type":"inapp","title":"Pro (Sonicbooks)","name":"Pro","description":"One time payment grants a lifetime subscription to access all Pro features.","localizedIn":["en-US"],"skuDetailsToken":"AEuhp4LSSLdWVtQ3I3LuaRO_5v5R66J705j4hi7Nc_Sj3Pc538X1tp4y0vX3sU4GVC2zoon405-F_Aw=","oneTimePurchaseOfferDetails":{},"oneTimePurchaseOfferDetailsList":[{"priceAmountMicros":3990000,"priceCurrencyCode":"USD","formattedPrice":"$3.99","offerIdToken":"AXW7mMtmSb18y4Wwv4t1Uqt18ejthC1psw+uv\/OGOMUJ2T3DRsopHFuR\/jPsp0SEYtUaAxma8g==","purchaseOptionId":"pro","offerTags":[]}]}', parsedJson={"productId":"pro","type":"inapp","title":"Pro (Sonicbooks)","name":"Pro","description":"One time payment grants a lifetime subscription to access all Pro features.","localizedIn":["en-US"],"skuDetailsToken":"AEuhp4LSSLdWVtQ3I3LuaRO_5v5R66J705j4hi7Nc_Sj3Pc538X1tp4y0vX3sU4GVC2zoon405-F_Aw=","oneTimePurchaseOfferDetails":{},"oneTimePurchaseOfferDetailsList":[{"priceAmountMicros":3990000,"priceCurrencyCode":"USD","formattedPrice":"$3.99","offerIdToken":"AXW7mMtmSb18y4Wwv4t1Uqt18ejthC1psw+uv\/OGOMUJ2T3DRsopHFuR\/jPsp0SEYtUaAxma8g==","purchaseOptionId":"pro","offerTags":[]}]}, productId='pro', productType='inapp', title='Pro (Sonicbooks)', productDetailsToken='AEuhp4LSSLdWVtQ3I3LuaRO_5v5R66J705j4hi7Nc_Sj3Pc538X1tp4y0vX3sU4GVC2zoon405-F_Aw=', subscriptionOfferDetails=null}
08-13 16:57:00.942 D/ReactNativeJS(21809): [RevenueCat] 💰 pro - ProductDetails{jsonString='{"productId":"pro","type":"inapp","title":"Pro (Sonicbooks)","name":"Pro","description":"One time payment grants a lifetime subscription to access all Pro features.","localizedIn":["en-US"],"skuDetailsToken":"AEuhp4LSSLdWVtQ3I3LuaRO_5v5R66J705j4hi7Nc_Sj3Pc538X1tp4y0vX3sU4GVC2zoon405-F_Aw=","oneTimePurchaseOfferDetails":{},"oneTimePurchaseOfferDetailsList":[{"priceAmountMicros":3990000,"priceCurrencyCode":"USD","formattedPrice":"$3.99","offerIdToken":"AXW7mMtmSb18y4Wwv4t1Uqt18ejthC1psw+uv\/OGOMUJ2T3DRsopHFuR\/jPsp0SEYtUaAxma8g==","purchaseOptionId":"pro","offerTags":[]}]}', parsedJson={"productId":"pro","type":"inapp","title":"Pro (Sonicbooks)","name":"Pro","description":"One time payment grants a lifetime subscription to access all Pro features.","localizedIn":["en-US"],"skuDetailsToken":"AEuhp4LSSLdWVtQ3I3LuaRO_5v5R66J705j4hi7Nc_Sj3Pc538X1tp4y0vX3sU4GVC2zoon405-F_Aw=","oneTimePurchaseOfferDetails":{},"oneTimePurchaseOfferDetailsList":[{"priceAmountMicros":3990000,"priceCurrencyCode":"USD","formattedPrice":"$3.99","offerIdToken":"AXW7mMtmSb18y4Wwv4t1Uqt18ejthC1psw+uv\/OGOMUJ2T3DRsopHFuR\/jPsp0SEYtUaAxma8g==","purchaseOptionId":"pro","offerTags":[]}]}, productId='pro', productType='inapp', title='Pro (Sonicbooks)', productDetailsToken='AEuhp4LSSLdWVtQ3I3LuaRO_5v5R66J705j4hi7Nc_Sj3Pc538X1tp4y0vX3sU4GVC2zoon405-F_Aw=', subscriptionOfferDetails=null}
08-13 16:57:00.943 D/ReactNativeJS(21809): [RevenueCat] ℹ️ Building offerings response with 1 products
08-13 16:57:01.072 D/ReactNativeJS(21809): [RevenueCat] OfferingImagePreDownloader: starting image download
08-13 16:57:01.073 D/ReactNativeJS(21809): [RevenueCat] Pre-downloading Paywall V2 image: https://assets.pawwalls.com/1370130_low_res_1769842758_6d7ae17c.webp
08-13 16:57:01.074 D/ReactNativeJS(21809): [RevenueCat] Pre-downloading Paywall V2 image: https://icons.pawwalls.com/check.webp
08-13 16:57:03.091 I/ReactNativeJS(21809): [RevenueCat] Purchases instance already set with the same configuration. Ignoring duplicate call.
08-13 16:57:03.092 D/ReactNativeJS(21809): [RevenueCat] ℹ️ Listener set
08-13 16:57:03.129 D/ReactNativeJS(21809): [RevenueCat] Retrieving customer info with policy: CACHED_OR_FETCHED
08-13 16:57:03.131 D/ReactNativeJS(21809): [RevenueCat] ℹ️ Vending CustomerInfo from cache.
08-13 16:57:03.132 D/ReactNativeJS(21809): [RevenueCat] ℹ️ Checking if cache is stale AppInBackground false
08-13 16:57:03.133 I/ReactNativeJS(21809): Player was already initialized.
08-13 16:57:03.252 D/ReactNativeJS(21809): [RevenueCat] ℹ️ Vending Offerings from cache
08-13 16:57:03.253 D/ReactNativeJS(21809): [RevenueCat] ℹ️ Checking if cache is stale AppInBackground false
--------- beginning of main
08-13 16:56:59.877 I/ReactNativeJS(21809): [RevenueCat] Purchases instance already set with the same configuration. Ignoring duplicate call.
08-13 16:56:59.878 D/ReactNativeJS(21809): [RevenueCat] ℹ️ Listener set
08-13 16:56:59.918 D/ReactNativeJS(21809): [RevenueCat] Retrieving customer info with policy: CACHED_OR_FETCHED
08-13 16:56:59.920 D/ReactNativeJS(21809): [RevenueCat] ℹ️ Vending CustomerInfo from cache.
08-13 16:56:59.921 D/ReactNativeJS(21809): [RevenueCat] ℹ️ Checking if cache is stale AppInBackground false
08-13 16:56:59.922 D/ReactNativeJS(21809): [RevenueCat] ℹ️ CustomerInfo cache is stale, updating from network in foreground.
08-13 16:56:59.922 D/ReactNativeJS(21809): [RevenueCat] ℹ️ Updating pending purchase queue
08-13 16:56:59.923 I/ReactNativeJS(21809): Player was already initialized.
08-13 16:56:59.926 D/ReactNativeJS(21809): [RevenueCat] ℹ️ Querying purchases
08-13 16:57:00.097 D/ReactNativeJS(21809): [RevenueCat] ℹ️ Purchase of type INAPP with hash +kORLy46FojrPu9U/FL3iTpN9E4=
08-13 16:57:00.098 D/ReactNativeJS(21809): [RevenueCat] ℹ️ Cleaning previously sent tokens
08-13 16:57:00.099 D/ReactNativeJS(21809): [RevenueCat] ℹ️ Tokens already posted: [+kORLy46FojrPu9U/FL3iTpN9E4=]
08-13 16:57:00.101 D/ReactNativeJS(21809): [RevenueCat] ℹ️ Saving tokens [+kORLy46FojrPu9U/FL3iTpN9E4=]
08-13 16:57:00.102 D/ReactNativeJS(21809): [RevenueCat] ℹ️ Tokens already posted: [+kORLy46FojrPu9U/FL3iTpN9E4=]
08-13 16:57:00.104 D/ReactNativeJS(21809): [RevenueCat] ℹ️ No pending purchases to sync
08-13 16:57:00.105 D/ReactNativeJS(21809): [RevenueCat] ℹ️ Vending Offerings from cache
08-13 16:57:00.105 D/ReactNativeJS(21809): [RevenueCat] ℹ️ Checking if cache is stale AppInBackground false
08-13 16:57:00.106 D/ReactNativeJS(21809): [RevenueCat] ℹ️ Offerings cache is stale, updating from network in foreground
08-13 16:57:00.107 D/ReactNativeJS(21809): [RevenueCat] 😻 Start Offerings update from network.
08-13 16:57:00.110 D/ReactNativeJS(21809): [RevenueCat] Request already scheduled with jitter delay, adding existing callbacks to unjittered request with key: BackgroundAwareCallbackCacheKey(cacheKey=[/v1/subscribers/%24RCAnonymousID%3Af4691cd67c7e45b48f2dac3df575d179], appInBackground=false)
08-13 16:57:00.111 D/ReactNativeJS(21809): [RevenueCat] Request already scheduled with jitter delay, adding existing callbacks to unjittered request with key: BackgroundAwareCallbackCacheKey(cacheKey=[/v1/subscribers/%24RCAnonymousID%3Af4691cd67c7e45b48f2dac3df575d179/offerings], appInBackground=false)
08-13 16:57:00.927 D/ReactNativeJS(21809): [RevenueCat] API request started: GET /v1/subscribers/%24RCAnonymousID%3Af4691cd67c7e45b48f2dac3df575d179
08-13 16:57:00.928 D/ReactNativeJS(21809): [RevenueCat] API request completed with status: GET /v1/subscribers/%24RCAnonymousID%3Af4691cd67c7e45b48f2dac3df575d179 200
08-13 16:57:00.929 D/ReactNativeJS(21809): [RevenueCat] 😻 CustomerInfo updated from network.
08-13 16:57:00.930 D/ReactNativeJS(21809): [RevenueCat] API request started: GET /v1/subscribers/%24RCAnonymousID%3Af4691cd67c7e45b48f2dac3df575d179/offerings
08-13 16:57:00.931 D/ReactNativeJS(21809): [RevenueCat] API request completed with status: GET /v1/subscribers/%24RCAnonymousID%3Af4691cd67c7e45b48f2dac3df575d179/offerings 304
08-13 16:57:00.932 D/ReactNativeJS(21809): [RevenueCat] ℹ️ Requesting products from the store with identifiers: pro
08-13 16:57:00.933 D/ReactNativeJS(21809): [RevenueCat] ℹ️ Products request finished for pro
08-13 16:57:00.935 D/ReactNativeJS(21809): [RevenueCat] 💰 Retrieved productDetailsList: 
08-13 16:57:00.937 I/ReactNativeJS(21809): [RevenueCat] ℹ️ Missing productDetails: UnfetchedProduct{productId='pro', productType='subs', statusCode=3}
08-13 16:57:00.938 I/ReactNativeJS(21809): [RevenueCat] ℹ️ Product not found: pro - Product Type: subs, Reason: PRODUCT_NOT_FOUND, Serialized doc ID: 
08-13 16:57:00.939 D/ReactNativeJS(21809): [RevenueCat] ℹ️ Requesting products from the store with identifiers: pro
08-13 16:57:00.940 D/ReactNativeJS(21809): [RevenueCat] ℹ️ Products request finished for pro
08-13 16:57:00.941 D/ReactNativeJS(21809): [RevenueCat] 💰 Retrieved productDetailsList: ProductDetails{jsonString='{"productId":"pro","type":"inapp","title":"Pro (Sonicbooks)","name":"Pro","description":"One time payment grants a lifetime subscription to access all Pro features.","localizedIn":["en-US"],"skuDetailsToken":"AEuhp4LSSLdWVtQ3I3LuaRO_5v5R66J705j4hi7Nc_Sj3Pc538X1tp4y0vX3sU4GVC2zoon405-F_Aw=","oneTimePurchaseOfferDetails":{},"oneTimePurchaseOfferDetailsList":[{"priceAmountMicros":3990000,"priceCurrencyCode":"USD","formattedPrice":"$3.99","offerIdToken":"AXW7mMtmSb18y4Wwv4t1Uqt18ejthC1psw+uv\/OGOMUJ2T3DRsopHFuR\/jPsp0SEYtUaAxma8g==","purchaseOptionId":"pro","offerTags":[]}]}', parsedJson={"productId":"pro","type":"inapp","title":"Pro (Sonicbooks)","name":"Pro","description":"One time payment grants a lifetime subscription to access all Pro features.","localizedIn":["en-US"],"skuDetailsToken":"AEuhp4LSSLdWVtQ3I3LuaRO_5v5R66J705j4hi7Nc_Sj3Pc538X1tp4y0vX3sU4GVC2zoon405-F_Aw=","oneTimePurchaseOfferDetails":{},"oneTimePurchaseOfferDetailsList":[{"priceAmountMicros":3990000,"priceCurrencyCode":"USD","formattedPrice":"$3.99","offerIdToken":"AXW7mMtmSb18y4Wwv4t1Uqt18ejthC1psw+uv\/OGOMUJ2T3DRsopHFuR\/jPsp0SEYtUaAxma8g==","purchaseOptionId":"pro","offerTags":[]}]}, productId='pro', productType='inapp', title='Pro (Sonicbooks)', productDetailsToken='AEuhp4LSSLdWVtQ3I3LuaRO_5v5R66J705j4hi7Nc_Sj3Pc538X1tp4y0vX3sU4GVC2zoon405-F_Aw=', subscriptionOfferDetails=null}
08-13 16:57:00.942 D/ReactNativeJS(21809): [RevenueCat] 💰 pro - ProductDetails{jsonString='{"productId":"pro","type":"inapp","title":"Pro (Sonicbooks)","name":"Pro","description":"One time payment grants a lifetime subscription to access all Pro features.","localizedIn":["en-US"],"skuDetailsToken":"AEuhp4LSSLdWVtQ3I3LuaRO_5v5R66J705j4hi7Nc_Sj3Pc538X1tp4y0vX3sU4GVC2zoon405-F_Aw=","oneTimePurchaseOfferDetails":{},"oneTimePurchaseOfferDetailsList":[{"priceAmountMicros":3990000,"priceCurrencyCode":"USD","formattedPrice":"$3.99","offerIdToken":"AXW7mMtmSb18y4Wwv4t1Uqt18ejthC1psw+uv\/OGOMUJ2T3DRsopHFuR\/jPsp0SEYtUaAxma8g==","purchaseOptionId":"pro","offerTags":[]}]}', parsedJson={"productId":"pro","type":"inapp","title":"Pro (Sonicbooks)","name":"Pro","description":"One time payment grants a lifetime subscription to access all Pro features.","localizedIn":["en-US"],"skuDetailsToken":"AEuhp4LSSLdWVtQ3I3LuaRO_5v5R66J705j4hi7Nc_Sj3Pc538X1tp4y0vX3sU4GVC2zoon405-F_Aw=","oneTimePurchaseOfferDetails":{},"oneTimePurchaseOfferDetailsList":[{"priceAmountMicros":3990000,"priceCurrencyCode":"USD","formattedPrice":"$3.99","offerIdToken":"AXW7mMtmSb18y4Wwv4t1Uqt18ejthC1psw+uv\/OGOMUJ2T3DRsopHFuR\/jPsp0SEYtUaAxma8g==","purchaseOptionId":"pro","offerTags":[]}]}, productId='pro', productType='inapp', title='Pro (Sonicbooks)', productDetailsToken='AEuhp4LSSLdWVtQ3I3LuaRO_5v5R66J705j4hi7Nc_Sj3Pc538X1tp4y0vX3sU4GVC2zoon405-F_Aw=', subscriptionOfferDetails=null}
08-13 16:57:00.943 D/ReactNativeJS(21809): [RevenueCat] ℹ️ Building offerings response with 1 products
08-13 16:57:01.072 D/ReactNativeJS(21809): [RevenueCat] OfferingImagePreDownloader: starting image download
08-13 16:57:01.073 D/ReactNativeJS(21809): [RevenueCat] Pre-downloading Paywall V2 image: https://assets.pawwalls.com/1370130_low_res_1769842758_6d7ae17c.webp
08-13 16:57:01.074 D/ReactNativeJS(21809): [RevenueCat] Pre-downloading Paywall V2 image: https://icons.pawwalls.com/check.webp
08-13 16:57:03.091 I/ReactNativeJS(21809): [RevenueCat] Purchases instance already set with the same configuration. Ignoring duplicate call.
08-13 16:57:03.092 D/ReactNativeJS(21809): [RevenueCat] ℹ️ Listener set
08-13 16:57:03.129 D/ReactNativeJS(21809): [RevenueCat] Retrieving customer info with policy: CACHED_OR_FETCHED
08-13 16:57:03.131 D/ReactNativeJS(21809): [RevenueCat] ℹ️ Vending CustomerInfo from cache.
08-13 16:57:03.132 D/ReactNativeJS(21809): [RevenueCat] ℹ️ Checking if cache is stale AppInBackground false
08-13 16:57:03.133 I/ReactNativeJS(21809): Player was already initialized.
08-13 16:57:03.252 D/ReactNativeJS(21809): [RevenueCat] ℹ️ Vending Offerings from cache
08-13 16:57:03.253 D/ReactNativeJS(21809): [RevenueCat] ℹ️ Checking if cache is stale AppInBackground false
08-13 17:01:35.483 W/ReactNativeJS(21809): [series] 0 books sit under no configured root and 1 have no first chapter — all dropped before detection, out of 355
08-13 17:01:35.579 I/ReactNativeJS(21809): [series] "Discworld"  41 books  (existing)
08-13 17:01:35.579 I/ReactNativeJS(21809):         #1  Discworld 01 - The Colour of Magic                      certain  alb.name-num-dash folder:name-corroborated split:number-collision(49% dupes -> 2 folders)
08-13 17:01:35.579 I/ReactNativeJS(21809):         #2  Discworld 02 - The Light Fantastic                      certain  alb.name-num-dash folder:name-corroborated split:number-collision(49% dupes -> 2 folders)
08-13 17:01:35.579 I/ReactNativeJS(21809):         #3  Discworld 03 - Equal Rites                              certain  alb.name-num-dash folder:name-corroborated split:number-collision(49% dupes -> 2 folders)
08-13 17:01:35.579 I/ReactNativeJS(21809):         #4  Discworld 04 - Mort                                     certain  alb.name-num-dash folder:name-corroborated split:number-collision(49% dupes -> 2 folders)
08-13 17:01:35.579 I/ReactNativeJS(21809):         #5  Discworld 05 - Sourcery                                 certain  alb.name-num-dash folder:name-corroborated split:number-collision(49% dupes -> 2 folders)
08-13 17:01:35.579 I/ReactNativeJS(21809):         #6  Discworld 06 -  Wyrd Sisters                            certain  alb.name-num-dash folder:name-corroborated split:number-collision(49% dupes -> 2 folders)
08-13 17:01:35.579 I/ReactNativeJS(21809):         #7  Discworld 07 - Pyramids                                 certain  alb.name-num-dash folder:name-corroborated split:number-collision(49% dupes -> 2 folders)
08-13 17:01:35.579 I/ReactNativeJS(21809):         #8  Discworld 08 - Guards! Guards!                          certain  alb.name-num-dash folder:name-corroborated split:number-collision(49% dupes -> 2 folders)
08-13 17:01:35.579 I/ReactNativeJS(21809):         #9  Discworld 09 - Eric                                     certain  alb.name-num-dash folder:name-corroborated split:number-collision(49% dupes -> 2 folders)
08-13 17:01:35.579 I/ReactNativeJS(21809):        #10  Discworld 10 - Moving Pictures                          certain  alb.name-num-dash folder:name-corroborated split:number-collision(49% dupes -> 2 folders)
08-13 17:01:35.579 I/ReactNativeJS(21809):        #11  Discworld 11 - Reaper Man                               certain  alb.name-num-dash folder:name-corroborated split:number-collision(49% dupes -> 2 folders)
08-13 17:01:35.579 I/ReactNativeJS(21809):        #12  Discworld 12 - Witches Abroad                           certain  alb.name-num-dash folder:name-corroborated split:number-collision(49% dupes -> 2 folders)
08-13 17:01:35.579 I/ReactNativeJS(21809):        #13  Discworld 13 - Small Gods                               certain  tag.Grouping+bare-num alb.name-num-dash folder:name-corroborated split:number-collision(49% dupes -> 2 folders)
08-13 17:01:35.579 I/ReactNativeJS(21809):        #14  Discworld 14 - Lords and Ladies                         certain  alb.name-num-dash folder:name-corroborated split:number-collision(49% dupes -> 2 folders)
08-13 17:01:35.579 I/ReactNativeJS(21809):        #15  Discworld 15 - Men At Arms                              certain  alb.name-num-dash folder:name-corroborated split:number-collision(49% dupes -> 2 folders)
08-13 17:01:35.579 I/ReactNativeJS(21809):        #16  Discworld 16 - Soul Music                               certain  alb.name-num-dash folder:name-corroborated split:number-collision(49% dupes -> 2 folders)
08-13 17:01:35.579 I/ReactNativeJS(21809):        #17  Discworld 17 - Interesting Times                        certain  alb.name-num-dash folder:name-corroborated split:number-collision(49% dupes -> 2 folders)
08-13 17:01:35.579 I/ReactNativeJS(21809):        #18  Discworld 18 - Maskerade                                certain  alb.name-num-dash folder:name-corroborated split:number-collision(49% dupes -> 2 folders)
08-13 17:01:35.579 I/ReactNativeJS(21809):        #19  Discworld 19 - Feet of Clay                             certain  alb.name-num-dash folder:name-corroborated split:number-collision(49% dupes -> 2 folders)
08-13 17:01:35.579 I/ReactNativeJS(21809):        #20  Discworld 20 - Hogfather                                certain  alb.name-num-dash folder:name-corroborated split:number-collision(49% dupes -> 2 folders)
08-13 17:01:35.579 I/ReactNativeJS(21809):        #21  Discworld 21 - Jingo                                    certain  alb.name-num-dash folder:name-corroborated split:number-collision(49% dupes -> 2 folders)
08-13 17:01:35.579 I/ReactNativeJS(21809):        #22  Discworld 22 - The Last Continent                       certain  alb.name-num-dash folder:name-corroborated split:number-collision(49% dupes -> 2 folders)
08-13 17:01:35.579 I/ReactNativeJS(21809):        #23  Discworld 23 - Carpe Jugulum                            certain  alb.name-num-dash folder:name-corroborated split:number-collision(49% dupes -> 2 folders)
08-13 17:01:35.579 I/ReactNativeJS(21809):        #24  Discworld 24 - The Fifth Elephant                       certain  alb.name-num-dash folder:name-corroborated split:number-collision(49% dupes -> 2 folders)
08-13 17:01:35.579 I/ReactNativeJS(21809):        #25  Discworld 25 - The Truth                                certain  alb.name-num-dash folder:name-corroborated split:number-collision(49% dupes -> 2 folders)
08-13 17:01:35.579 I/ReactNativeJS(21809):        #26  Discworld 26 - Thief of Time                            certain  alb.name-num-dash folder:name-corroborated split:number-collision(49% dupes -> 2 folders)
08-13 17:01:35.579 I/ReactNativeJS(21809):        #27  Discworld 27 - The Last Hero                            certain  alb.name-num-dash folder:name-corroborated split:number-collision(49% dupes -> 2 folders)
08-13 17:01:35.579 I/ReactNativeJS(21809):        #28  Discworld 28 - The Amazing Maurice and His Educated Ro  certain  alb.name-num-dash folder:name-corroborated split:number-collision(49% dupes -> 2 folders)
08-13 17:01:35.579 I/ReactNativeJS(21809):        #29  Discworld 29 - Night Watch                              certain  alb.name-num-dash folder:name-corroborated split:number-collision(49% dupes -> 2 folders)
08-13 17:01:35.579 I/ReactNativeJS(21809):        #30  Discworld 30 - The Wee Free Men                         certain  alb.name-num-dash folder:name-corroborated split:number-collision(49% dupes -> 2 folders)
08-13 17:01:35.579 I/ReactNativeJS(21809):        #31  Discworld 31 - Monstrous Regiment                       certain  alb.name-num-dash folder:name-corroborated split:number-collision(49% dupes -> 2 folders)
08-13 17:01:35.579 I/ReactNativeJS(21809):        #32  Discworld 32 - A Hat Full of Sky                        certain  alb.name-num-dash folder:name-corroborated split:number-collision(49% dupes -> 2 folders)
08-13 17:01:35.579 I/ReactNativeJS(21809):        #33  Discworld 33 - Going Postal                             certain  alb.name-num-dash folder:name-corroborated split:number-collision(49% dupes -> 2 folders)
08-13 17:01:35.579 I/ReactNativeJS(21809):        #34  Discworld 34 - Thud!                                    certain  alb.name-num-dash folder:name-corroborated split:number-collision(49% dupes -> 2 folders)
08-13 17:01:35.579 I/ReactNativeJS(21809):        #35  Discworld 35 - Wintersmith                              certain  alb.name-num-dash folder:name-corroborated split:number-collision(49% dupes -> 2 folders)
08-13 17:01:35.579 I/ReactNativeJS(21809):        #36  Discworld 36 - Making Money                             certain  alb.name-num-dash folder:name-corroborated split:number-collision(49% dupes -> 2 folders)
08-13 17:01:35.579 I/ReactNativeJS(21809):        #37  Discworld 37 - Unseen Academicals                       certain  tag.Grouping+bare-num alb.name-num-dash folder:name-corroborated split:number-collision(49% dupes -> 2 folders)
08-13 17:01:35.579 I/ReactNativeJS(21809):        #38  DW38-I Shall Wear Midnight                              possible folder:name-corroborated(37/41) num:folder split:number-collision(49% dupes -> 2 folders)
08-13 17:01:35.579 I/ReactNativeJS(21809):        #39  Snuff                                                   possible folder:name-corroborated(37/41) num:folder split:number-collision(49% dupes -> 2 folders)
08-13 17:01:35.579 I/ReactNativeJS(21809):        #40  Raising Steam                                           possible folder:name-corroborated(37/41) num:folder split:number-collision(49% dupes -> 2 folders)
08-13 17:01:35.579 I/ReactNativeJS(21809):        #41  The Shepherd's Crown                                    possible folder:name-corroborated(37/41) num:folder split:number-collision(49% dupes -> 2 folders)
08-13 17:01:35.580 I/ReactNativeJS(21809): [series] "Discworld (2022)"  39 books  (existing)
08-13 17:01:35.580 I/ReactNativeJS(21809):         #1  The Colour of Magic                                     possible folder:name-corroborated(10/39) num:folder split:number-collision(49% dupes -> 2 folders)
08-13 17:01:35.580 I/ReactNativeJS(21809):         #2  The Light Fantastic                                     possible folder:name-corroborated(10/39) num:folder split:number-collision(49% dupes -> 2 folders)
08-13 17:01:35.580 I/ReactNativeJS(21809):         #3  Equal Rites                                             possible folder:name-corroborated(10/39) num:folder split:number-collision(49% dupes -> 2 folders)
08-13 17:01:35.580 I/ReactNativeJS(21809):         #4  Mort (#4)                                               possible folder:name-corroborated(10/39) split:number-collision(49% dupes -> 2 folders)
08-13 17:01:35.580 I/ReactNativeJS(21809):         #5  Sourcery (#5)                                           possible folder:name-corroborated(10/39) split:number-collision(49% dupes -> 2 folders)
08-13 17:01:35.580 I/ReactNativeJS(21809):         #7  Pyramids: Discworld, Book 7                             certain  alb.book-suffix folder:name-corroborated split:number-collision(49% dupes -> 2 folders)
08-13 17:01:35.580 I/ReactNativeJS(21809):         #8  Guards! Guards! (Unabridged)                            possible folder:name-corroborated(10/39) num:folder split:number-collision(49% dupes -> 2 folders)
08-13 17:01:35.580 I/ReactNativeJS(21809):         #9  (#9) Eric                                               possible folder:name-corroborated(10/39) split:number-collision(49% dupes -> 2 folders)
08-13 17:01:35.580 I/ReactNativeJS(21809):        #10  Moving Pictures: Discworld, Book 10                     certain  alb.book-suffix folder:name-corroborated split:number-collision(49% dupes -> 2 folders)
08-13 17:01:35.580 I/ReactNativeJS(21809):        #11  (#11) Reaper Man                                        possible folder:name-corroborated(10/39) split:number-collision(49% dupes -> 2 folders)
08-13 17:01:35.580 I/ReactNativeJS(21809):        #12  Witches Abroad                                          possible folder:name-corroborated(10/39) num:folder split:number-collision(49% dupes -> 2 folders)
08-13 17:01:35.580 I/ReactNativeJS(21809):        #13  Small Gods (#13)                                        possible folder:name-corroborated(10/39) split:number-collision(49% dupes -> 2 folders)
08-13 17:01:35.580 I/ReactNativeJS(21809):        #14  Lords and Ladies                                        possible folder:name-corroborated(10/39) num:folder split:number-collision(49% dupes -> 2 folders)
08-13 17:01:35.580 I/ReactNativeJS(21809):        #15  Men at Arms (Unabridged)                                possible folder:name-corroborated(10/39) num:folder split:number-collision(49% dupes -> 2 folders)
08-13 17:01:35.580 I/ReactNativeJS(21809):        #16  (#16) Soul Music                                        possible folder:name-corroborated(10/39) split:number-collision(49% dupes -> 2 folders)
08-13 17:01:35.580 I/ReactNativeJS(21809):        #17  (#17) Interesting Times                                 possible folder:name-corroborated(10/39) split:number-collision(49% dupes -> 2 folders)
08-13 17:01:35.580 I/ReactNativeJS(21809):        #18  Maskerade                                               possible folder:name-corroborated(10/39) num:folder split:number-collision(49% dupes -> 2 folders)
08-13 17:01:35.580 I/ReactNativeJS(21809):        #19  Feet of Clay (Unabridged)                               possible folder:name-corroborated(10/39) num:folder split:number-collision(49% dupes -> 2 folders)
08-13 17:01:35.580 I/ReactNativeJS(21809):        #20  Hogfather: Discworld, Book 20                           certain  alb.book-suffix folder:name-corroborated split:number-collision(49% dupes -> 2 folders)
08-13 17:01:35.580 I/ReactNativeJS(21809):        #21  Jingo (Unabridged)                                      possible folder:name-corroborated(10/39) num:folder split:number-collision(49% dupes -> 2 folders)
08-13 17:01:35.580 I/ReactNativeJS(21809):        #22  The Last Continent: Discworld, Book 22                  certain  alb.book-suffix folder:name-corroborated split:number-collision(49% dupes -> 2 folders)
08-13 17:01:35.580 I/ReactNativeJS(21809):        #23  Carpe Jugulum                                           possible folder:name-corroborated(10/39) num:folder split:number-collision(49% dupes -> 2 folders)
08-13 17:01:35.580 I/ReactNativeJS(21809):        #24  The Fifth Elephant (Unabridged)                         possible folder:name-corroborated(10/39) num:folder split:number-collision(49% dupes -> 2 folders)
08-13 17:01:35.580 I/ReactNativeJS(21809):        #25  The Truth (Unabridged)                                  possible folder:name-corroborated(10/39) num:folder split:number-collision(49% dupes -> 2 folders)
08-13 17:01:35.580 I/ReactNativeJS(21809):        #26  Thief of Time (#26)                                     possible folder:name-corroborated(10/39) split:number-collision(49% dupes -> 2 folders)
08-13 17:01:35.580 I/ReactNativeJS(21809):        #28  The Amazing Maurice and His Educated Rodents (#28)      possible folder:name-corroborated(10/39) split:number-collision(49% dupes -> 2 folders)
08-13 17:01:35.580 I/ReactNativeJS(21809):        #29  Night Watch: Discworld, Book 29                         certain  alb.book-suffix folder:name-corroborated split:number-collision(49% dupes -> 2 folders)
08-13 17:01:35.580 I/ReactNativeJS(21809):        #30  The Wee Free Men: Discworld, Book 30                    certain  alb.book-suffix folder:name-corroborated split:number-collision(49% dupes -> 2 folders)
08-13 17:01:35.580 I/ReactNativeJS(21809):        #31  (#31) Monstrous Regiment                                possible folder:name-corroborated(10/39) split:number-collision(49% dupes -> 2 folders)
08-13 17:01:35.580 I/ReactNativeJS(21809):        #32  A Hat Full of Sky: Discworld, Book 32                   certain  alb.book-suffix folder:name-corroborated split:number-collision(49% dupes -> 2 folders)
08-13 17:01:35.580 I/ReactNativeJS(21809):        #33  Going Postal (Unabridged)                               possible folder:name-corroborated(10/39) num:folder split:number-collision(49% dupes -> 2 folders)
08-13 17:01:35.580 I/ReactNativeJS(21809):        #34  Thud!: Discworld, Book 34                               certain  alb.book-suffix folder:name-corroborated split:number-collision(49% dupes -> 2 folders)
08-13 17:01:35.580 I/ReactNativeJS(21809):        #35  Wintersmith: Discworld, Book 35                         certain  alb.book-suffix folder:name-corroborated split:number-collision(49% dupes -> 2 folders)
08-13 17:01:35.580 I/ReactNativeJS(21809):        #36  Making Money (Unabridged)                               possible folder:name-corroborated(10/39) num:folder split:number-collision(49% dupes -> 2 folders)
08-13 17:01:35.580 I/ReactNativeJS(21809):        #37  Unseen Academicals: Discworld Book, 37                  possible folder:name-corroborated(10/39) num:folder split:number-collision(49% dupes -> 2 folders)
08-13 17:01:35.580 I/ReactNativeJS(21809):        #38  I Shall Wear Midnight (Unabridged)                      possible folder:name-corroborated(10/39) num:folder split:number-collision(49% dupes -> 2 folders)
08-13 17:01:35.580 I/ReactNativeJS(21809):        #39  Snuff: Discworld, Book 39                               certain  alb.book-suffix folder:name-corroborated split:number-collision(49% dupes -> 2 folders)
08-13 17:01:35.580 I/ReactNativeJS(21809):        #40  Raising Steam (Unabridged)                              possible folder:name-corroborated(10/39) num:folder split:number-collision(49% dupes -> 2 folders)
08-13 17:01:35.580 I/ReactNativeJS(21809):        #41  The Shepherd's Crown (Unabridged)                       possible folder:name-corroborated(10/39) num:folder split:number-collision(49% dupes -> 2 folders)
08-13 17:01:35.581 I/ReactNativeJS(21809): [series] "Dresden Files"  22 books  (existing)
08-13 17:01:35.581 I/ReactNativeJS(21809):         #1  Storm Front: The Dresden Files, Book 1 (Unabridged)     certain  tag.extra.SERIES alb.book-suffix folder:name-corroborated
08-13 17:01:35.581 I/ReactNativeJS(21809):         #2  Fool Moon: The Dresden Files, Book 2 (Unabridged)       certain  tag.extra.SERIES alb.book-suffix folder:name-corroborated
08-13 17:01:35.581 I/ReactNativeJS(21809):         #3  Grave Peril: The Dresden Files, Book 3 (Unabridged)     certain  tag.extra.SERIES alb.book-suffix folder:name-corroborated
08-13 17:01:35.581 I/ReactNativeJS(21809):         #4  Summer Knight: The Dresden Files, Book 4 (Unabridged)   certain  tag.extra.SERIES alb.book-suffix folder:name-corroborated
08-13 17:01:35.581 I/ReactNativeJS(21809):         #5  Death Masks: The Dresden Files, Book 5 (Unabridged)     certain  tag.extra.SERIES alb.book-suffix folder:name-corroborated
08-13 17:01:35.581 I/ReactNativeJS(21809):         #6  Blood Rites: The Dresden Files, Book 6 (Unabridged)     certain  tag.extra.SERIES alb.book-suffix folder:name-corroborated
08-13 17:01:35.581 I/ReactNativeJS(21809):         #7  Dead Beat: The Dresden Files, Book 7 (Unabridged)       certain  tag.extra.SERIES alb.book-suffix folder:name-corroborated
08-13 17:01:35.581 I/ReactNativeJS(21809):         #8  Proven Guilty: The Dresden Files, Book 8 (Unabridged)   certain  tag.extra.SERIES alb.book-suffix folder:name-corroborated
08-13 17:01:35.581 I/ReactNativeJS(21809):         #9  White Night: The Dresden Files, Book 9 (Unabridged)     certain  tag.extra.SERIES alb.book-suffix folder:name-corroborated
08-13 17:01:35.581 I/ReactNativeJS(21809):        #10  The Dresden Files #10: Small Favor                      certain  tag.Grouping alb.hash-colon folder:name-corroborated
08-13 17:01:35.581 I/ReactNativeJS(21809):        #11  The Dresden Files #11: Turn Coat                        certain  tag.Grouping alb.hash-colon folder:name-corroborated
08-13 17:01:35.581 I/ReactNativeJS(21809):        #12  The Dresden Files #12: Changes                          certain  tag.Grouping alb.hash-colon folder:name-corroborated
08-13 17:01:35.581 I/ReactNativeJS(21809):      #12.5  The Dresden Files #12.5: Side Jobs                      certain  tag.Grouping alb.hash-colon folder:name-corroborated
08-13 17:01:35.581 I/ReactNativeJS(21809):        #13  The Dresden Files #13: Ghost Story                      certain  tag.Grouping alb.hash-colon folder:name-corroborated
08-13 17:01:35.581 I/ReactNativeJS(21809):        #14  The Dresden Files #14: Cold Days                        certain  tag.Grouping alb.hash-colon folder:name-corroborated
08-13 17:01:35.581 I/ReactNativeJS(21809):        #15  The Dresden Files #15: Skin Game                        certain  tag.Grouping alb.hash-colon folder:name-corroborated
08-13 17:01:35.581 I/ReactNativeJS(21809):      #15.5  Brief Cases (Unabridged)                                certain  tag.extra.SERIES folder:name-corroborated
08-13 17:01:35.581 I/ReactNativeJS(21809):        #16  Peace Talks (Unabridged)                                certain  tag.extra.SERIES folder:name-corroborated
08-13 17:01:35.581 I/ReactNativeJS(21809):        #17  Battle Ground (Unabridged)                              certain  tag.extra.SERIES folder:name-corroborated
08-13 17:01:35.581 I/ReactNativeJS(21809):      #17.5  The Law                                                 certain  tag.extra.SERIES folder:name-corroborated
08-13 17:01:35.581 I/ReactNativeJS(21809):        #18  Twelve Months (Unabridged)                              certain  tag.extra.SERIES folder:name-corroborated
08-13 17:01:35.581 I/ReactNativeJS(21809):          —  Heroic Hearts (Unabridged)                              possible folder:name-corroborated(21/22)
08-13 17:01:35.583 I/ReactNativeJS(21809): [series] "Demon Accords"  17 books  (existing)
08-13 17:01:35.583 I/ReactNativeJS(21809):         #1  Book 01 - God Touched - Demon Accords Series            certain  alb.book-dash-series folder:name-corroborated
08-13 17:01:35.583 I/ReactNativeJS(21809):         #1  Volume 01 - The Demon Accords Compendium                possible folder:name-corroborated(14/17)
08-13 17:01:35.583 I/ReactNativeJS(21809):         #2  Book 02 - Demon Driven - Demon Accords Series           certain  alb.book-dash-series folder:name-corroborated
08-13 17:01:35.583 I/ReactNativeJS(21809):         #2  Volume 02 - The Demon Accords Compendium                possible folder:name-corroborated(14/17)
08-13 17:01:35.583 I/ReactNativeJS(21809):         #3  Book 03 - Brutal Asset - Demon Accords Series           certain  alb.book-dash-series folder:name-corroborated
08-13 17:01:35.583 I/ReactNativeJS(21809):         #3  Volume 3 - The Demon Accords Compendium                 possible folder:name-corroborated(14/17)
08-13 17:01:35.583 I/ReactNativeJS(21809):       #3.5  Book 03.5 - Black Frost - Demon Accords Series          certain  alb.book-dash-series folder:name-corroborated
08-13 17:01:35.583 I/ReactNativeJS(21809):         #4  Book 04 - Duel Nature - Demon Accords Series            certain  alb.book-dash-series folder:name-corroborated
08-13 17:01:35.583 I/ReactNativeJS(21809):         #5  Book 05 - Fallen Stars - Demon Accords Series           certain  alb.book-dash-series folder:name-corroborated
08-13 17:01:35.583 I/ReactNativeJS(21809):         #6  Book 06 - Executable - Demon Accords Series             certain  alb.book-dash-series folder:name-corroborated
08-13 17:01:35.583 I/ReactNativeJS(21809):         #7  Book 07 - Forced Ascent - Demon Accords Series          certain  alb.book-dash-series folder:name-corroborated
08-13 17:01:35.583 I/ReactNativeJS(21809):         #8  Book 08 Part 1 - College Arcane - Demon Accords Series  certain  alb.book-dash-series folder:name-corroborated
08-13 17:01:35.583 I/ReactNativeJS(21809):         #8  Book 08 Part 2 - College Arcane - Demon Accords Series  certain  alb.book-dash-series folder:name-corroborated
08-13 17:01:35.583 I/ReactNativeJS(21809):         #9  Book 09 - God Hammer - Demon Accords Series             certain  alb.book-dash-series folder:name-corroborated
08-13 17:01:35.583 I/ReactNativeJS(21809):        #10  Book 10 - Rogues - Demon Accords Series                 certain  alb.book-dash-series folder:name-corroborated
08-13 17:01:35.583 I/ReactNativeJS(21809):        #11  Book 11 - Snake Eyes - Demon Accords Series             certain  alb.book-dash-series folder:name-corroborated
08-13 17:01:35.583 I/ReactNativeJS(21809):        #12  Book 12 - Winterfall - Demon Accords Series             certain  alb.book-dash-series folder:name-corroborated
08-13 17:01:35.584 I/ReactNativeJS(21809): [series] "Dungeon Crawler Carl"  8 books  (existing)
08-13 17:01:35.584 I/ReactNativeJS(21809):         #1  Dungeon Crawler Carl (Unabridged)                       certain  tag.extra.SERIES folder:name-corroborated
08-13 17:01:35.584 I/ReactNativeJS(21809):         #2  Carl's Doomsday Scenario: Dungeon Crawler Carl, Book 2  certain  alb.book-suffix folder:name-corroborated
08-13 17:01:35.584 I/ReactNativeJS(21809):         #3  The Dungeon Anarchist's Cookbook: Dungeon Crawler Carl  certain  alb.book-suffix folder:name-corroborated
08-13 17:01:35.584 I/ReactNativeJS(21809):         #4  The Gate of the Feral Gods: Dungeon Crawler Carl, Book  certain  alb.book-suffix folder:name-corroborated
08-13 17:01:35.584 I/ReactNativeJS(21809):         #5  The Butcher's Masquerade: Dungeon Crawler Carl, Book 5  certain  alb.book-suffix folder:name-corroborated
08-13 17:01:35.584 I/ReactNativeJS(21809):         #6  The Eye of the Bedlam Bride: Dungeon Crawler Carl, Boo  certain  alb.book-suffix folder:name-corroborated
08-13 17:01:35.584 I/ReactNativeJS(21809):         #7  This Inevitable Ruin                                    certain  tag.extra.SERIES folder:name-corroborated
08-13 17:01:35.584 I/ReactNativeJS(21809):          —  A Parade of Horribles                                   possible folder:name-corroborated(7/8)
08-13 17:01:35.585 I/ReactNativeJS(21809): [series] "The Dark Tower"  8 books  (existing)
08-13 17:01:35.585 I/ReactNativeJS(21809):         #1  The Dark Tower I: The Gunslinger                        certain  alb.roman folder:name-corroborated
08-13 17:01:35.585 I/ReactNativeJS(21809):         #2  The Dark Tower II: The Drawing Of The Three             certain  alb.roman folder:name-corroborated
08-13 17:01:35.585 I/ReactNativeJS(21809):         #4  The Dark Tower IV: Wizard & Glass                       certain  alb.roman folder:name-corroborated
08-13 17:01:35.585 I/ReactNativeJS(21809):         #5  The Dark Tower V: Wolves Of The Calla                   certain  alb.roman folder:name-corroborated
08-13 17:01:35.585 I/ReactNativeJS(21809):         #6  The Dark Tower VI: Song Of Susannah                     certain  alb.roman folder:name-corroborated
08-13 17:01:35.585 I/ReactNativeJS(21809):         #7  The Dark Tower VII: The Dark Tower                      certain  alb.roman folder:name-corroborated
08-13 17:01:35.585 I/ReactNativeJS(21809):          —  1991 - The Waste Lands (DT3 - read by Frank Muller)     possible folder:name-corroborated(6/8)
08-13 17:01:35.585 I/ReactNativeJS(21809):          —  LEGENDS - Stories by The Masters of Fantasy             possible folder:name-corroborated(6/8)
08-13 17:01:35.586 I/ReactNativeJS(21809): [series] "The First Law"  7 books  (existing)
08-13 17:01:35.586 I/ReactNativeJS(21809):         #1  01 - The Blade Itself                                   guess    folder:number-corroborated(7/7)
08-13 17:01:35.586 I/ReactNativeJS(21809):         #2  02 - Before They Are Hanged                             guess    folder:number-corroborated(7/7)
08-13 17:01:35.586 I/ReactNativeJS(21809):         #3  03 - Last Argument of Kings                             guess    folder:number-corroborated(7/7)
08-13 17:01:35.586 I/ReactNativeJS(21809):         #4  04 - Best Served Cold                                   guess    folder:number-corroborated(7/7)
08-13 17:01:35.586 I/ReactNativeJS(21809):         #5  05 - The Heroes                                         guess    folder:number-corroborated(7/7)
08-13 17:01:35.586 I/ReactNativeJS(21809):         #6  06 - Red Country                                        guess    folder:number-corroborated(7/7)
08-13 17:01:35.586 I/ReactNativeJS(21809):         #7  07 - Sharp Ends: Stories from the World of the First L  guess    folder:number-corroborated(7/7)
08-13 17:01:35.587 I/ReactNativeJS(21809): [series] "Mistborn"  6 books  (existing)
08-13 17:01:35.587 I/ReactNativeJS(21809):         #1  Mistborn 1 (Michael Kramer)                             likely   alb.name-num-sp
08-13 17:01:35.587 I/ReactNativeJS(21809):         #2  Mistborn 2 (Michael Kramer)                             likely   alb.name-num-sp
08-13 17:01:35.587 I/ReactNativeJS(21809):         #3  Mistborn 3 (Michael Kramer)                             likely   alb.name-num-sp
08-13 17:01:35.587 I/ReactNativeJS(21809):         #4  Mistborn 4 (Michael Kramer)                             likely   alb.name-num-sp
08-13 17:01:35.587 I/ReactNativeJS(21809):         #5  Mistborn 5 (Michael Kramer)                             likely   alb.name-num-sp
08-13 17:01:35.587 I/ReactNativeJS(21809):         #6  Mistborn 6 (Michael Kramer)                             likely   alb.name-num-sp
08-13 17:01:35.587 I/ReactNativeJS(21809): [series] "Shadow Saga"  6 books  (existing)
08-13 17:01:35.587 I/ReactNativeJS(21809):         #1  Shadow 1 - Ender's Shadow                               certain  alb.name-num-dash folder:name-corroborated
08-13 17:01:35.587 I/ReactNativeJS(21809):         #3  Shadow 3 - Shadow Puppets                               certain  alb.name-num-dash folder:name-corroborated
08-13 17:01:35.587 I/ReactNativeJS(21809):         #6  Shadow of the Hegemon                                   possible folder:name-corroborated(2/6) num:folder
08-13 17:01:35.587 I/ReactNativeJS(21809):         #8  008 - Shadow of the Giant                               possible folder:name-corroborated(2/6)
08-13 17:01:35.587 I/ReactNativeJS(21809):         #9  Shadows in Flight                                       possible folder:name-corroborated(2/6) num:folder
08-13 17:01:35.587 I/ReactNativeJS(21809):        #10  The Last Shadow: Other Tales from the Ender Universe    possible folder:name-corroborated(2/6) num:folder
08-13 17:01:35.588 I/ReactNativeJS(21809): [series] "Bobiverse"  5 books  (existing)
08-13 17:01:35.588 I/ReactNativeJS(21809):         #1  Bobiverse 01 We Are Legion (We Are Bob)                 certain  alb.name-num-sp folder:name-corroborated
08-13 17:01:35.588 I/ReactNativeJS(21809):         #2  Bobiverse 02 For We Are Many                            certain  alb.name-num-sp folder:name-corroborated
08-13 17:01:35.588 I/ReactNativeJS(21809):         #3  Bobiverse 03 All These Worlds                           certain  alb.name-num-sp folder:name-corroborated
08-13 17:01:35.588 I/ReactNativeJS(21809):         #4  Bobiverse 04 Heaven's River                             certain  alb.name-num-sp folder:name-corroborated
08-13 17:01:35.588 I/ReactNativeJS(21809):         #5  Bobiverse 05 Not Till We Are Lost                       certain  alb.name-num-sp folder:name-corroborated
08-13 17:01:35.589 I/ReactNativeJS(21809): [series] "Long Earth"  5 books  (existing)
08-13 17:01:35.589 I/ReactNativeJS(21809):         #1  (Long Earth 01) The Long Earth                          certain  alb.paren-pre folder:name-corroborated
08-13 17:01:35.589 I/ReactNativeJS(21809):         #2  (Long Earth 02) The Long War                            certain  alb.paren-pre folder:name-corroborated
08-13 17:01:35.589 I/ReactNativeJS(21809):         #3  (Long Earth 03) The Long Mars                           certain  alb.paren-pre folder:name-corroborated
08-13 17:01:35.589 I/ReactNativeJS(21809):         #4  (Long Earth 04) The Long Utopia                         certain  alb.paren-pre folder:name-corroborated
08-13 17:01:35.589 I/ReactNativeJS(21809):         #5  (Long Earth 05) The Long Cosmos                         certain  alb.paren-pre folder:name-corroborated
08-13 17:01:35.590 I/ReactNativeJS(21809): [series] "Lockwood and Co."  4 books  (existing)
08-13 17:01:35.590 I/ReactNativeJS(21809):         #1  Lockwood and Co Book 1 - The Screaming Staircase        certain  alb.series-book-n folder:name-corroborated
08-13 17:01:35.590 I/ReactNativeJS(21809):         #2  Lockwood and Co Book 2 - The Whispering Skull           certain  alb.series-book-n folder:name-corroborated
08-13 17:01:35.590 I/ReactNativeJS(21809):         #3  Lockwood and Co Book 3 - The Hollow Boy                 certain  alb.series-book-n folder:name-corroborated
08-13 17:01:35.590 I/ReactNativeJS(21809):         #5  Lockwood & Co: The Empty Grave (Unabridged)             possible folder:name-corroborated(3/5) num:folder
08-13 17:01:35.591 I/ReactNativeJS(21809): [series] "Memory, Sorrow & Thorn"  4 books  (existing)
08-13 17:01:35.591 I/ReactNativeJS(21809):         #1  01 The Dragonbone Chair                                 guess    folder:number-corroborated(4/4)
08-13 17:01:35.591 I/ReactNativeJS(21809):         #2  02 The Stone of Farewell                                guess    folder:number-corroborated(4/4)
08-13 17:01:35.591 I/ReactNativeJS(21809):         #3  03 To Green Angel Tower - Siege                         guess    folder:number-corroborated(4/4)
08-13 17:01:35.591 I/ReactNativeJS(21809):         #4  04 To Green Angel Tower - Storm                         guess    folder:number-corroborated(4/4)
08-13 17:01:35.592 I/ReactNativeJS(21809): [series] "The Murderbot Diaries"  4 books  (existing)
08-13 17:01:35.592 I/ReactNativeJS(21809):         #3  Rogue Protocol: The Murderbot Diaries, Book 3           likely   alb.book-suffix
08-13 17:01:35.592 I/ReactNativeJS(21809):         #5  Network Effect                                          certain  tag.extra.SERIES
08-13 17:01:35.592 I/ReactNativeJS(21809):         #6  The Murderbot Diaries 6: Fugitive Telemetry             likely   alb.name-num-dash
08-13 17:01:35.592 I/ReactNativeJS(21809):         #7  Martha Wells - The Murderbot Diaries 07 - System Colla  likely   alb.name-num-dash
08-13 17:01:35.593 I/ReactNativeJS(21809): [series] "Bromeliad"  3 books  (existing)
08-13 17:01:35.593 I/ReactNativeJS(21809):         #1  Bromeliad 01 - Truckers                                 certain  alb.name-num-dash folder:name-corroborated
08-13 17:01:35.593 I/ReactNativeJS(21809):         #2  Bromeliad 02 - Diggers                                  certain  alb.name-num-dash folder:name-corroborated
08-13 17:01:35.593 I/ReactNativeJS(21809):         #3  Bromeliad 03 - Wings                                    certain  alb.name-num-dash folder:name-corroborated
08-13 17:01:35.594 I/ReactNativeJS(21809): [series] "Crouch, B"  3 books  (existing)
08-13 17:01:35.594 I/ReactNativeJS(21809):         #1  Crouch, B: 1 Pines                                      likely   alb.name-num-sp
08-13 17:01:35.594 I/ReactNativeJS(21809):         #2  Crouch, B: 2 Wayward                                    likely   alb.name-num-sp
08-13 17:01:35.594 I/ReactNativeJS(21809):         #3  Crouch, B: 3 The Last Town                              likely   alb.name-num-sp
08-13 17:01:35.595 I/ReactNativeJS(21809): [series] "Lord of the Rings"  3 books  (existing)
08-13 17:01:35.595 I/ReactNativeJS(21809):         #1  The Fellowship of the Ring: Lord of the Rings, Book 1   likely   alb.book-suffix
08-13 17:01:35.595 I/ReactNativeJS(21809):         #2  The Two Towers: Lord of the Rings, Book 2               likely   alb.book-suffix
08-13 17:01:35.595 I/ReactNativeJS(21809):         #3  The Return of the King: Lord of the Rings, Book 3       likely   alb.book-suffix
08-13 17:01:35.596 I/ReactNativeJS(21809): [series] "The Age of Madness"  3 books  (existing)
08-13 17:01:35.596 I/ReactNativeJS(21809):         #1  01 - A Little Hatred                                    guess    folder:number-corroborated(3/3)
08-13 17:01:35.596 I/ReactNativeJS(21809):         #2  02 - The Trouble with Peace                             guess    folder:number-corroborated(3/3)
08-13 17:01:35.596 I/ReactNativeJS(21809):         #3  03 - The Wisdom of Crowds                               guess    folder:number-corroborated(3/3)
08-13 17:01:35.597 I/ReactNativeJS(21809): [series] "The Silo Saga"  3 books  (existing)
08-13 17:01:35.597 I/ReactNativeJS(21809):         #1  Wool: The Silo Saga, Book 1                             certain  tag.Grouping alb.book-suffix folder:name-corroborated
08-13 17:01:35.597 I/ReactNativeJS(21809):         #2  Shift: The Silo Saga, Book 2                            certain  alb.book-suffix folder:name-corroborated
08-13 17:01:35.597 I/ReactNativeJS(21809):         #3  Dust: The Silo Saga, Book 3                             certain  alb.book-suffix folder:name-corroborated
08-13 17:01:35.598 I/ReactNativeJS(21809): [series] "TMC"  3 books  (existing)
08-13 17:01:35.598 I/ReactNativeJS(21809):         #1  TMC 01 Thursday Murder Club                             likely   alb.name-num-sp
08-13 17:01:35.598 I/ReactNativeJS(21809):         #2  TMC 02 The Man Who Died Twice                           likely   alb.name-num-sp
08-13 17:01:35.598 I/ReactNativeJS(21809):         #3  TMC 03 The Bullet That Missed                           likely   alb.name-num-sp
08-13 17:01:35.599 I/ReactNativeJS(21809): [series] "Cerulean Chronicles"  2 books  (existing)
08-13 17:01:35.599 I/ReactNativeJS(21809):         #1  Cerulean Chronicles 01 - The House in the Cerulean Sea  certain  tag.extra.SERIES alb.name-num-dash
08-13 17:01:35.599 I/ReactNativeJS(21809):         #2  Cerulean Chronicles 02 - Somewhere Beyond the Sea       certain  tag.extra.SERIES alb.name-num-dash
08-13 17:01:35.600 I/ReactNativeJS(21809): [series] "Kingkiller Chronicle"  2 books  (existing)
08-13 17:01:35.600 I/ReactNativeJS(21809):         #1  Kingkiller Chronicle 01 The Name of the Wind            likely   alb.name-num-sp
08-13 17:01:35.600 I/ReactNativeJS(21809):         #2  Kingkiller Chronicle 02 The Wise Man's Fear             likely   alb.name-num-sp
08-13 17:01:35.601 I/ReactNativeJS(21809): [series] "Red Rising"  2 books  (existing)
08-13 17:01:35.601 I/ReactNativeJS(21809):         #5  Red Rising, Book 5 - Dark Age                           likely   alb.series-book-n
08-13 17:01:35.601 I/ReactNativeJS(21809):         #6  Light Bringer: Red Rising, Book 6                       likely   alb.book-suffix
08-13 17:01:35.602 I/ReactNativeJS(21809): [series] "Shadow of the Leviathan"  2 books  (existing)
08-13 17:01:35.602 I/ReactNativeJS(21809):         #2  A Drop of Corruption                                    certain  tag.extra.SERIES tag.Grouping+num
08-13 17:01:35.602 I/ReactNativeJS(21809):         #3  A Trade of Blood                                        certain  tag.extra.SERIES
08-13 17:01:35.603 I/ReactNativeJS(21809): [series] detection (conservative): 354 units → 24 series, 202 books placed · created 0 (0 rows) · inserted 0 · removed 0 · skipped 0 · 200ms
08-13 17:01:41.397 W/ReactNativeJS(21809): [series] 0 books sit under no configured root and 1 have no first chapter — all dropped before detection, out of 355
08-13 17:01:41.489 I/ReactNativeJS(21809): [series] "Discworld"  41 books  (existing)
08-13 17:01:41.489 I/ReactNativeJS(21809):         #1  Discworld 01 - The Colour of Magic                      certain  alb.name-num-dash folder:name-corroborated split:number-collision(49% dupes -> 2 folders)
08-13 17:01:41.489 I/ReactNativeJS(21809):         #2  Discworld 02 - The Light Fantastic                      certain  alb.name-num-dash folder:name-corroborated split:number-collision(49% dupes -> 2 folders)
08-13 17:01:41.489 I/ReactNativeJS(21809):         #3  Discworld 03 - Equal Rites                              certain  alb.name-num-dash folder:name-corroborated split:number-collision(49% dupes -> 2 folders)
08-13 17:01:41.489 I/ReactNativeJS(21809):         #4  Discworld 04 - Mort                                     certain  alb.name-num-dash folder:name-corroborated split:number-collision(49% dupes -> 2 folders)
08-13 17:01:41.489 I/ReactNativeJS(21809):         #5  Discworld 05 - Sourcery                                 certain  alb.name-num-dash folder:name-corroborated split:number-collision(49% dupes -> 2 folders)
08-13 17:01:41.489 I/ReactNativeJS(21809):         #6  Discworld 06 -  Wyrd Sisters                            certain  alb.name-num-dash folder:name-corroborated split:number-collision(49% dupes -> 2 folders)
08-13 17:01:41.489 I/ReactNativeJS(21809):         #7  Discworld 07 - Pyramids                                 certain  alb.name-num-dash folder:name-corroborated split:number-collision(49% dupes -> 2 folders)
08-13 17:01:41.489 I/ReactNativeJS(21809):         #8  Discworld 08 - Guards! Guards!                          certain  alb.name-num-dash folder:name-corroborated split:number-collision(49% dupes -> 2 folders)
08-13 17:01:41.489 I/ReactNativeJS(21809):         #9  Discworld 09 - Eric                                     certain  alb.name-num-dash folder:name-corroborated split:number-collision(49% dupes -> 2 folders)
08-13 17:01:41.489 I/ReactNativeJS(21809):        #10  Discworld 10 - Moving Pictures                          certain  alb.name-num-dash folder:name-corroborated split:number-collision(49% dupes -> 2 folders)
08-13 17:01:41.489 I/ReactNativeJS(21809):        #11  Discworld 11 - Reaper Man                               certain  alb.name-num-dash folder:name-corroborated split:number-collision(49% dupes -> 2 folders)
08-13 17:01:41.489 I/ReactNativeJS(21809):        #12  Discworld 12 - Witches Abroad                           certain  alb.name-num-dash folder:name-corroborated split:number-collision(49% dupes -> 2 folders)
08-13 17:01:41.489 I/ReactNativeJS(21809):        #13  Discworld 13 - Small Gods                               certain  tag.Grouping+bare-num alb.name-num-dash folder:name-corroborated split:number-collision(49% dupes -> 2 folders)
08-13 17:01:41.489 I/ReactNativeJS(21809):        #14  Discworld 14 - Lords and Ladies                         certain  alb.name-num-dash folder:name-corroborated split:number-collision(49% dupes -> 2 folders)
08-13 17:01:41.489 I/ReactNativeJS(21809):        #15  Discworld 15 - Men At Arms                              certain  alb.name-num-dash folder:name-corroborated split:number-collision(49% dupes -> 2 folders)
08-13 17:01:41.489 I/ReactNativeJS(21809):        #16  Discworld 16 - Soul Music                               certain  alb.name-num-dash folder:name-corroborated split:number-collision(49% dupes -> 2 folders)
08-13 17:01:41.489 I/ReactNativeJS(21809):        #17  Discworld 17 - Interesting Times                        certain  alb.name-num-dash folder:name-corroborated split:number-collision(49% dupes -> 2 folders)
08-13 17:01:41.489 I/ReactNativeJS(21809):        #18  Discworld 18 - Maskerade                                certain  alb.name-num-dash folder:name-corroborated split:number-collision(49% dupes -> 2 folders)
08-13 17:01:41.489 I/ReactNativeJS(21809):        #19  Discworld 19 - Feet of Clay                             certain  alb.name-num-dash folder:name-corroborated split:number-collision(49% dupes -> 2 folders)
08-13 17:01:41.489 I/ReactNativeJS(21809):        #20  Discworld 20 - Hogfather                                certain  alb.name-num-dash folder:name-corroborated split:number-collision(49% dupes -> 2 folders)
08-13 17:01:41.489 I/ReactNativeJS(21809):        #21  Discworld 21 - Jingo                                    certain  alb.name-num-dash folder:name-corroborated split:number-collision(49% dupes -> 2 folders)
08-13 17:01:41.489 I/ReactNativeJS(21809):        #22  Discworld 22 - The Last Continent                       certain  alb.name-num-dash folder:name-corroborated split:number-collision(49% dupes -> 2 folders)
08-13 17:01:41.489 I/ReactNativeJS(21809):        #23  Discworld 23 - Carpe Jugulum                            certain  alb.name-num-dash folder:name-corroborated split:number-collision(49% dupes -> 2 folders)
08-13 17:01:41.489 I/ReactNativeJS(21809):        #24  Discworld 24 - The Fifth Elephant                       certain  alb.name-num-dash folder:name-corroborated split:number-collision(49% dupes -> 2 folders)
08-13 17:01:41.489 I/ReactNativeJS(21809):        #25  Discworld 25 - The Truth                                certain  alb.name-num-dash folder:name-corroborated split:number-collision(49% dupes -> 2 folders)
08-13 17:01:41.489 I/ReactNativeJS(21809):        #26  Discworld 26 - Thief of Time                            certain  alb.name-num-dash folder:name-corroborated split:number-collision(49% dupes -> 2 folders)
08-13 17:01:41.489 I/ReactNativeJS(21809):        #27  Discworld 27 - The Last Hero                            certain  alb.name-num-dash folder:name-corroborated split:number-collision(49% dupes -> 2 folders)
08-13 17:01:41.489 I/ReactNativeJS(21809):        #28  Discworld 28 - The Amazing Maurice and His Educated Ro  certain  alb.name-num-dash folder:name-corroborated split:number-collision(49% dupes -> 2 folders)
08-13 17:01:41.489 I/ReactNativeJS(21809):        #29  Discworld 29 - Night Watch                              certain  alb.name-num-dash folder:name-corroborated split:number-collision(49% dupes -> 2 folders)
08-13 17:01:41.489 I/ReactNativeJS(21809):        #30  Discworld 30 - The Wee Free Men                         certain  alb.name-num-dash folder:name-corroborated split:number-collision(49% dupes -> 2 folders)
08-13 17:01:41.489 I/ReactNativeJS(21809):        #31  Discworld 31 - Monstrous Regiment                       certain  alb.name-num-dash folder:name-corroborated split:number-collision(49% dupes -> 2 folders)
08-13 17:01:41.489 I/ReactNativeJS(21809):        #32  Discworld 32 - A Hat Full of Sky                        certain  alb.name-num-dash folder:name-corroborated split:number-collision(49% dupes -> 2 folders)
08-13 17:01:41.489 I/ReactNativeJS(21809):        #33  Discworld 33 - Going Postal                             certain  alb.name-num-dash folder:name-corroborated split:number-collision(49% dupes -> 2 folders)
08-13 17:01:41.489 I/ReactNativeJS(21809):        #34  Discworld 34 - Thud!                                    certain  alb.name-num-dash folder:name-corroborated split:number-collision(49% dupes -> 2 folders)
08-13 17:01:41.489 I/ReactNativeJS(21809):        #35  Discworld 35 - Wintersmith                              certain  alb.name-num-dash folder:name-corroborated split:number-collision(49% dupes -> 2 folders)
08-13 17:01:41.489 I/ReactNativeJS(21809):        #36  Discworld 36 - Making Money                             certain  alb.name-num-dash folder:name-corroborated split:number-collision(49% dupes -> 2 folders)
08-13 17:01:41.489 I/ReactNativeJS(21809):        #37  Discworld 37 - Unseen Academicals                       certain  tag.Grouping+bare-num alb.name-num-dash folder:name-corroborated split:number-collision(49% dupes -> 2 folders)
08-13 17:01:41.489 I/ReactNativeJS(21809):        #38  DW38-I Shall Wear Midnight                              possible folder:name-corroborated(37/41) num:folder split:number-collision(49% dupes -> 2 folders)
08-13 17:01:41.489 I/ReactNativeJS(21809):        #39  Snuff                                                   possible folder:name-corroborated(37/41) num:folder split:number-collision(49% dupes -> 2 folders)
08-13 17:01:41.489 I/ReactNativeJS(21809):        #40  Raising Steam                                           possible folder:name-corroborated(37/41) num:folder split:number-collision(49% dupes -> 2 folders)
08-13 17:01:41.489 I/ReactNativeJS(21809):        #41  The Shepherd's Crown                                    possible folder:name-corroborated(37/41) num:folder split:number-collision(49% dupes -> 2 folders)
08-13 17:01:41.497 I/ReactNativeJS(21809): [series] "Discworld (2022)"  39 books  (existing)
08-13 17:01:41.497 I/ReactNativeJS(21809):         #1  The Colour of Magic                                     possible folder:name-corroborated(10/39) num:folder split:number-collision(49% dupes -> 2 folders)
08-13 17:01:41.497 I/ReactNativeJS(21809):         #2  The Light Fantastic                                     possible folder:name-corroborated(10/39) num:folder split:number-collision(49% dupes -> 2 folders)
08-13 17:01:41.497 I/ReactNativeJS(21809):         #3  Equal Rites                                             possible folder:name-corroborated(10/39) num:folder split:number-collision(49% dupes -> 2 folders)
08-13 17:01:41.497 I/ReactNativeJS(21809):         #4  Mort (#4)                                               possible folder:name-corroborated(10/39) split:number-collision(49% dupes -> 2 folders)
08-13 17:01:41.497 I/ReactNativeJS(21809):         #5  Sourcery (#5)                                           possible folder:name-corroborated(10/39) split:number-collision(49% dupes -> 2 folders)
08-13 17:01:41.497 I/ReactNativeJS(21809):         #7  Pyramids: Discworld, Book 7                             certain  alb.book-suffix folder:name-corroborated split:number-collision(49% dupes -> 2 folders)
08-13 17:01:41.497 I/ReactNativeJS(21809):         #8  Guards! Guards! (Unabridged)                            possible folder:name-corroborated(10/39) num:folder split:number-collision(49% dupes -> 2 folders)
08-13 17:01:41.497 I/ReactNativeJS(21809):         #9  (#9) Eric                                               possible folder:name-corroborated(10/39) split:number-collision(49% dupes -> 2 folders)
08-13 17:01:41.497 I/ReactNativeJS(21809):        #10  Moving Pictures: Discworld, Book 10                     certain  alb.book-suffix folder:name-corroborated split:number-collision(49% dupes -> 2 folders)
08-13 17:01:41.497 I/ReactNativeJS(21809):        #11  (#11) Reaper Man                                        possible folder:name-corroborated(10/39) split:number-collision(49% dupes -> 2 folders)
08-13 17:01:41.497 I/ReactNativeJS(21809):        #12  Witches Abroad                                          possible folder:name-corroborated(10/39) num:folder split:number-collision(49% dupes -> 2 folders)
08-13 17:01:41.497 I/ReactNativeJS(21809):        #13  Small Gods (#13)                                        possible folder:name-corroborated(10/39) split:number-collision(49% dupes -> 2 folders)
08-13 17:01:41.497 I/ReactNativeJS(21809):        #14  Lords and Ladies                                        possible folder:name-corroborated(10/39) num:folder split:number-collision(49% dupes -> 2 folders)
08-13 17:01:41.497 I/ReactNativeJS(21809):        #15  Men at Arms (Unabridged)                                possible folder:name-corroborated(10/39) num:folder split:number-collision(49% dupes -> 2 folders)
08-13 17:01:41.497 I/ReactNativeJS(21809):        #16  (#16) Soul Music                                        possible folder:name-corroborated(10/39) split:number-collision(49% dupes -> 2 folders)
08-13 17:01:41.497 I/ReactNativeJS(21809):        #17  (#17) Interesting Times                                 possible folder:name-corroborated(10/39) split:number-collision(49% dupes -> 2 folders)
08-13 17:01:41.497 I/ReactNativeJS(21809):        #18  Maskerade                                               possible folder:name-corroborated(10/39) num:folder split:number-collision(49% dupes -> 2 folders)
08-13 17:01:41.497 I/ReactNativeJS(21809):        #19  Feet of Clay (Unabridged)                               possible folder:name-corroborated(10/39) num:folder split:number-collision(49% dupes -> 2 folders)
08-13 17:01:41.497 I/ReactNativeJS(21809):        #20  Hogfather: Discworld, Book 20                           certain  alb.book-suffix folder:name-corroborated split:number-collision(49% dupes -> 2 folders)
08-13 17:01:41.497 I/ReactNativeJS(21809):        #21  Jingo (Unabridged)                                      possible folder:name-corroborated(10/39) num:folder split:number-collision(49% dupes -> 2 folders)
08-13 17:01:41.497 I/ReactNativeJS(21809):        #22  The Last Continent: Discworld, Book 22                  certain  alb.book-suffix folder:name-corroborated split:number-collision(49% dupes -> 2 folders)
08-13 17:01:41.497 I/ReactNativeJS(21809):        #23  Carpe Jugulum                                           possible folder:name-corroborated(10/39) num:folder split:number-collision(49% dupes -> 2 folders)
08-13 17:01:41.497 I/ReactNativeJS(21809):        #24  The Fifth Elephant (Unabridged)                         possible folder:name-corroborated(10/39) num:folder split:number-collision(49% dupes -> 2 folders)
08-13 17:01:41.497 I/ReactNativeJS(21809):        #25  The Truth (Unabridged)                                  possible folder:name-corroborated(10/39) num:folder split:number-collision(49% dupes -> 2 folders)
08-13 17:01:41.497 I/ReactNativeJS(21809):        #26  Thief of Time (#26)                                     possible folder:name-corroborated(10/39) split:number-collision(49% dupes -> 2 folders)
08-13 17:01:41.497 I/ReactNativeJS(21809):        #28  The Amazing Maurice and His Educated Rodents (#28)      possible folder:name-corroborated(10/39) split:number-collision(49% dupes -> 2 folders)
08-13 17:01:41.497 I/ReactNativeJS(21809):        #29  Night Watch: Discworld, Book 29                         certain  alb.book-suffix folder:name-corroborated split:number-collision(49% dupes -> 2 folders)
08-13 17:01:41.497 I/ReactNativeJS(21809):        #30  The Wee Free Men: Discworld, Book 30                    certain  alb.book-suffix folder:name-corroborated split:number-collision(49% dupes -> 2 folders)
08-13 17:01:41.497 I/ReactNativeJS(21809):        #31  (#31) Monstrous Regiment                                possible folder:name-corroborated(10/39) split:number-collision(49% dupes -> 2 folders)
08-13 17:01:41.497 I/ReactNativeJS(21809):        #32  A Hat Full of Sky: Discworld, Book 32                   certain  alb.book-suffix folder:name-corroborated split:number-collision(49% dupes -> 2 folders)
08-13 17:01:41.497 I/ReactNativeJS(21809):        #33  Going Postal (Unabridged)                               possible folder:name-corroborated(10/39) num:folder split:number-collision(49% dupes -> 2 folders)
08-13 17:01:41.497 I/ReactNativeJS(21809):        #34  Thud!: Discworld, Book 34                               certain  alb.book-suffix folder:name-corroborated split:number-collision(49% dupes -> 2 folders)
08-13 17:01:41.497 I/ReactNativeJS(21809):        #35  Wintersmith: Discworld, Book 35                         certain  alb.book-suffix folder:name-corroborated split:number-collision(49% dupes -> 2 folders)
08-13 17:01:41.497 I/ReactNativeJS(21809):        #36  Making Money (Unabridged)                               possible folder:name-corroborated(10/39) num:folder split:number-collision(49% dupes -> 2 folders)
08-13 17:01:41.497 I/ReactNativeJS(21809):        #37  Unseen Academicals: Discworld Book, 37                  possible folder:name-corroborated(10/39) num:folder split:number-collision(49% dupes -> 2 folders)
08-13 17:01:41.497 I/ReactNativeJS(21809):        #38  I Shall Wear Midnight (Unabridged)                      possible folder:name-corroborated(10/39) num:folder split:number-collision(49% dupes -> 2 folders)
08-13 17:01:41.497 I/ReactNativeJS(21809):        #39  Snuff: Discworld, Book 39                               certain  alb.book-suffix folder:name-corroborated split:number-collision(49% dupes -> 2 folders)
08-13 17:01:41.497 I/ReactNativeJS(21809):        #40  Raising Steam (Unabridged)                              possible folder:name-corroborated(10/39) num:folder split:number-collision(49% dupes -> 2 folders)
08-13 17:01:41.497 I/ReactNativeJS(21809):        #41  The Shepherd's Crown (Unabridged)                       possible folder:name-corroborated(10/39) num:folder split:number-collision(49% dupes -> 2 folders)
08-13 17:01:41.499 I/ReactNativeJS(21809): [series] "Dresden Files"  22 books  (existing)
08-13 17:01:41.499 I/ReactNativeJS(21809):         #1  Storm Front: The Dresden Files, Book 1 (Unabridged)     certain  tag.extra.SERIES alb.book-suffix folder:name-corroborated
08-13 17:01:41.499 I/ReactNativeJS(21809):         #2  Fool Moon: The Dresden Files, Book 2 (Unabridged)       certain  tag.extra.SERIES alb.book-suffix folder:name-corroborated
08-13 17:01:41.499 I/ReactNativeJS(21809):         #3  Grave Peril: The Dresden Files, Book 3 (Unabridged)     certain  tag.extra.SERIES alb.book-suffix folder:name-corroborated
08-13 17:01:41.499 I/ReactNativeJS(21809):         #4  Summer Knight: The Dresden Files, Book 4 (Unabridged)   certain  tag.extra.SERIES alb.book-suffix folder:name-corroborated
08-13 17:01:41.499 I/ReactNativeJS(21809):         #5  Death Masks: The Dresden Files, Book 5 (Unabridged)     certain  tag.extra.SERIES alb.book-suffix folder:name-corroborated
08-13 17:01:41.499 I/ReactNativeJS(21809):         #6  Blood Rites: The Dresden Files, Book 6 (Unabridged)     certain  tag.extra.SERIES alb.book-suffix folder:name-corroborated
08-13 17:01:41.499 I/ReactNativeJS(21809):         #7  Dead Beat: The Dresden Files, Book 7 (Unabridged)       certain  tag.extra.SERIES alb.book-suffix folder:name-corroborated
08-13 17:01:41.499 I/ReactNativeJS(21809):         #8  Proven Guilty: The Dresden Files, Book 8 (Unabridged)   certain  tag.extra.SERIES alb.book-suffix folder:name-corroborated
08-13 17:01:41.499 I/ReactNativeJS(21809):         #9  White Night: The Dresden Files, Book 9 (Unabridged)     certain  tag.extra.SERIES alb.book-suffix folder:name-corroborated
08-13 17:01:41.499 I/ReactNativeJS(21809):        #10  The Dresden Files #10: Small Favor                      certain  tag.Grouping alb.hash-colon folder:name-corroborated
08-13 17:01:41.499 I/ReactNativeJS(21809):        #11  The Dresden Files #11: Turn Coat                        certain  tag.Grouping alb.hash-colon folder:name-corroborated
08-13 17:01:41.499 I/ReactNativeJS(21809):        #12  The Dresden Files #12: Changes                          certain  tag.Grouping alb.hash-colon folder:name-corroborated
08-13 17:01:41.499 I/ReactNativeJS(21809):      #12.5  The Dresden Files #12.5: Side Jobs                      certain  tag.Grouping alb.hash-colon folder:name-corroborated
08-13 17:01:41.499 I/ReactNativeJS(21809):        #13  The Dresden Files #13: Ghost Story                      certain  tag.Grouping alb.hash-colon folder:name-corroborated
08-13 17:01:41.499 I/ReactNativeJS(21809):        #14  The Dresden Files #14: Cold Days                        certain  tag.Grouping alb.hash-colon folder:name-corroborated
08-13 17:01:41.499 I/ReactNativeJS(21809):        #15  The Dresden Files #15: Skin Game                        certain  tag.Grouping alb.hash-colon folder:name-corroborated
08-13 17:01:41.499 I/ReactNativeJS(21809):      #15.5  Brief Cases (Unabridged)                                certain  tag.extra.SERIES folder:name-corroborated
08-13 17:01:41.499 I/ReactNativeJS(21809):        #16  Peace Talks (Unabridged)                                certain  tag.extra.SERIES folder:name-corroborated
08-13 17:01:41.499 I/ReactNativeJS(21809):        #17  Battle Ground (Unabridged)                              certain  tag.extra.SERIES folder:name-corroborated
08-13 17:01:41.499 I/ReactNativeJS(21809):      #17.5  The Law                                                 certain  tag.extra.SERIES folder:name-corroborated
08-13 17:01:41.499 I/ReactNativeJS(21809):        #18  Twelve Months (Unabridged)                              certain  tag.extra.SERIES folder:name-corroborated
08-13 17:01:41.499 I/ReactNativeJS(21809):          —  Heroic Hearts (Unabridged)                              possible folder:name-corroborated(21/22)
08-13 17:01:41.500 I/ReactNativeJS(21809): [series] "Demon Accords"  17 books  (existing)
08-13 17:01:41.500 I/ReactNativeJS(21809):         #1  Book 01 - God Touched - Demon Accords Series            certain  alb.book-dash-series folder:name-corroborated
08-13 17:01:41.500 I/ReactNativeJS(21809):         #1  Volume 01 - The Demon Accords Compendium                possible folder:name-corroborated(14/17)
08-13 17:01:41.500 I/ReactNativeJS(21809):         #2  Book 02 - Demon Driven - Demon Accords Series           certain  alb.book-dash-series folder:name-corroborated
08-13 17:01:41.500 I/ReactNativeJS(21809):         #2  Volume 02 - The Demon Accords Compendium                possible folder:name-corroborated(14/17)
08-13 17:01:41.500 I/ReactNativeJS(21809):         #3  Book 03 - Brutal Asset - Demon Accords Series           certain  alb.book-dash-series folder:name-corroborated
08-13 17:01:41.500 I/ReactNativeJS(21809):         #3  Volume 3 - The Demon Accords Compendium                 possible folder:name-corroborated(14/17)
08-13 17:01:41.500 I/ReactNativeJS(21809):       #3.5  Book 03.5 - Black Frost - Demon Accords Series          certain  alb.book-dash-series folder:name-corroborated
08-13 17:01:41.500 I/ReactNativeJS(21809):         #4  Book 04 - Duel Nature - Demon Accords Series            certain  alb.book-dash-series folder:name-corroborated
08-13 17:01:41.500 I/ReactNativeJS(21809):         #5  Book 05 - Fallen Stars - Demon Accords Series           certain  alb.book-dash-series folder:name-corroborated
08-13 17:01:41.500 I/ReactNativeJS(21809):         #6  Book 06 - Executable - Demon Accords Series             certain  alb.book-dash-series folder:name-corroborated
08-13 17:01:41.500 I/ReactNativeJS(21809):         #7  Book 07 - Forced Ascent - Demon Accords Series          certain  alb.book-dash-series folder:name-corroborated
08-13 17:01:41.500 I/ReactNativeJS(21809):         #8  Book 08 Part 1 - College Arcane - Demon Accords Series  certain  alb.book-dash-series folder:name-corroborated
08-13 17:01:41.500 I/ReactNativeJS(21809):         #8  Book 08 Part 2 - College Arcane - Demon Accords Series  certain  alb.book-dash-series folder:name-corroborated
08-13 17:01:41.500 I/ReactNativeJS(21809):         #9  Book 09 - God Hammer - Demon Accords Series             certain  alb.book-dash-series folder:name-corroborated
08-13 17:01:41.500 I/ReactNativeJS(21809):        #10  Book 10 - Rogues - Demon Accords Series                 certain  alb.book-dash-series folder:name-corroborated
08-13 17:01:41.500 I/ReactNativeJS(21809):        #11  Book 11 - Snake Eyes - Demon Accords Series             certain  alb.book-dash-series folder:name-corroborated
08-13 17:01:41.500 I/ReactNativeJS(21809):        #12  Book 12 - Winterfall - Demon Accords Series             certain  alb.book-dash-series folder:name-corroborated
08-13 17:01:41.501 I/ReactNativeJS(21809): [series] "Dungeon Crawler Carl"  8 books  (existing)
08-13 17:01:41.501 I/ReactNativeJS(21809):         #1  Dungeon Crawler Carl (Unabridged)                       certain  tag.extra.SERIES folder:name-corroborated
08-13 17:01:41.501 I/ReactNativeJS(21809):         #2  Carl's Doomsday Scenario: Dungeon Crawler Carl, Book 2  certain  alb.book-suffix folder:name-corroborated
08-13 17:01:41.501 I/ReactNativeJS(21809):         #3  The Dungeon Anarchist's Cookbook: Dungeon Crawler Carl  certain  alb.book-suffix folder:name-corroborated
08-13 17:01:41.501 I/ReactNativeJS(21809):         #4  The Gate of the Feral Gods: Dungeon Crawler Carl, Book  certain  alb.book-suffix folder:name-corroborated
08-13 17:01:41.501 I/ReactNativeJS(21809):         #5  The Butcher's Masquerade: Dungeon Crawler Carl, Book 5  certain  alb.book-suffix folder:name-corroborated
08-13 17:01:41.501 I/ReactNativeJS(21809):         #6  The Eye of the Bedlam Bride: Dungeon Crawler Carl, Boo  certain  alb.book-suffix folder:name-corroborated
08-13 17:01:41.501 I/ReactNativeJS(21809):         #7  This Inevitable Ruin                                    certain  tag.extra.SERIES folder:name-corroborated
08-13 17:01:41.501 I/ReactNativeJS(21809):          —  A Parade of Horribles                                   possible folder:name-corroborated(7/8)
08-13 17:01:41.502 I/ReactNativeJS(21809): [series] "The Dark Tower"  8 books  (existing)
08-13 17:01:41.502 I/ReactNativeJS(21809):         #1  The Dark Tower I: The Gunslinger                        certain  alb.roman folder:name-corroborated
08-13 17:01:41.502 I/ReactNativeJS(21809):         #2  The Dark Tower II: The Drawing Of The Three             certain  alb.roman folder:name-corroborated
08-13 17:01:41.502 I/ReactNativeJS(21809):         #4  The Dark Tower IV: Wizard & Glass                       certain  alb.roman folder:name-corroborated
08-13 17:01:41.502 I/ReactNativeJS(21809):         #5  The Dark Tower V: Wolves Of The Calla                   certain  alb.roman folder:name-corroborated
08-13 17:01:41.502 I/ReactNativeJS(21809):         #6  The Dark Tower VI: Song Of Susannah                     certain  alb.roman folder:name-corroborated
08-13 17:01:41.502 I/ReactNativeJS(21809):         #7  The Dark Tower VII: The Dark Tower                      certain  alb.roman folder:name-corroborated
08-13 17:01:41.502 I/ReactNativeJS(21809):          —  1991 - The Waste Lands (DT3 - read by Frank Muller)     possible folder:name-corroborated(6/8)
08-13 17:01:41.502 I/ReactNativeJS(21809):          —  LEGENDS - Stories by The Masters of Fantasy             possible folder:name-corroborated(6/8)
08-13 17:01:41.504 I/ReactNativeJS(21809): [series] "The First Law"  7 books  (existing)
08-13 17:01:41.504 I/ReactNativeJS(21809):         #1  01 - The Blade Itself                                   guess    folder:number-corroborated(7/7)
08-13 17:01:41.504 I/ReactNativeJS(21809):         #2  02 - Before They Are Hanged                             guess    folder:number-corroborated(7/7)
08-13 17:01:41.504 I/ReactNativeJS(21809):         #3  03 - Last Argument of Kings                             guess    folder:number-corroborated(7/7)
08-13 17:01:41.504 I/ReactNativeJS(21809):         #4  04 - Best Served Cold                                   guess    folder:number-corroborated(7/7)
08-13 17:01:41.504 I/ReactNativeJS(21809):         #5  05 - The Heroes                                         guess    folder:number-corroborated(7/7)
08-13 17:01:41.504 I/ReactNativeJS(21809):         #6  06 - Red Country                                        guess    folder:number-corroborated(7/7)
08-13 17:01:41.504 I/ReactNativeJS(21809):         #7  07 - Sharp Ends: Stories from the World of the First L  guess    folder:number-corroborated(7/7)
08-13 17:01:41.505 I/ReactNativeJS(21809): [series] "Mistborn"  6 books  (existing)
08-13 17:01:41.505 I/ReactNativeJS(21809):         #1  Mistborn 1 (Michael Kramer)                             likely   alb.name-num-sp
08-13 17:01:41.505 I/ReactNativeJS(21809):         #2  Mistborn 2 (Michael Kramer)                             likely   alb.name-num-sp
08-13 17:01:41.505 I/ReactNativeJS(21809):         #3  Mistborn 3 (Michael Kramer)                             likely   alb.name-num-sp
08-13 17:01:41.505 I/ReactNativeJS(21809):         #4  Mistborn 4 (Michael Kramer)                             likely   alb.name-num-sp
08-13 17:01:41.505 I/ReactNativeJS(21809):         #5  Mistborn 5 (Michael Kramer)                             likely   alb.name-num-sp
08-13 17:01:41.505 I/ReactNativeJS(21809):         #6  Mistborn 6 (Michael Kramer)                             likely   alb.name-num-sp
08-13 17:01:41.506 I/ReactNativeJS(21809): [series] "Shadow Saga"  6 books  (existing)
08-13 17:01:41.506 I/ReactNativeJS(21809):         #1  Shadow 1 - Ender's Shadow                               certain  alb.name-num-dash folder:name-corroborated
08-13 17:01:41.506 I/ReactNativeJS(21809):         #3  Shadow 3 - Shadow Puppets                               certain  alb.name-num-dash folder:name-corroborated
08-13 17:01:41.506 I/ReactNativeJS(21809):         #6  Shadow of the Hegemon                                   possible folder:name-corroborated(2/6) num:folder
08-13 17:01:41.506 I/ReactNativeJS(21809):         #8  008 - Shadow of the Giant                               possible folder:name-corroborated(2/6)
08-13 17:01:41.506 I/ReactNativeJS(21809):         #9  Shadows in Flight                                       possible folder:name-corroborated(2/6) num:folder
08-13 17:01:41.506 I/ReactNativeJS(21809):        #10  The Last Shadow: Other Tales from the Ender Universe    possible folder:name-corroborated(2/6) num:folder
08-13 17:01:41.507 I/ReactNativeJS(21809): [series] "Bobiverse"  5 books  (existing)
08-13 17:01:41.507 I/ReactNativeJS(21809):         #1  Bobiverse 01 We Are Legion (We Are Bob)                 certain  alb.name-num-sp folder:name-corroborated
08-13 17:01:41.507 I/ReactNativeJS(21809):         #2  Bobiverse 02 For We Are Many                            certain  alb.name-num-sp folder:name-corroborated
08-13 17:01:41.507 I/ReactNativeJS(21809):         #3  Bobiverse 03 All These Worlds                           certain  alb.name-num-sp folder:name-corroborated
08-13 17:01:41.507 I/ReactNativeJS(21809):         #4  Bobiverse 04 Heaven's River                             certain  alb.name-num-sp folder:name-corroborated
08-13 17:01:41.507 I/ReactNativeJS(21809):         #5  Bobiverse 05 Not Till We Are Lost                       certain  alb.name-num-sp folder:name-corroborated
08-13 17:01:41.508 I/ReactNativeJS(21809): [series] "Long Earth"  5 books  (existing)
08-13 17:01:41.508 I/ReactNativeJS(21809):         #1  (Long Earth 01) The Long Earth                          certain  alb.paren-pre folder:name-corroborated
08-13 17:01:41.508 I/ReactNativeJS(21809):         #2  (Long Earth 02) The Long War                            certain  alb.paren-pre folder:name-corroborated
08-13 17:01:41.508 I/ReactNativeJS(21809):         #3  (Long Earth 03) The Long Mars                           certain  alb.paren-pre folder:name-corroborated
08-13 17:01:41.508 I/ReactNativeJS(21809):         #4  (Long Earth 04) The Long Utopia                         certain  alb.paren-pre folder:name-corroborated
08-13 17:01:41.508 I/ReactNativeJS(21809):         #5  (Long Earth 05) The Long Cosmos                         certain  alb.paren-pre folder:name-corroborated
08-13 17:01:41.510 I/ReactNativeJS(21809): [series] "Lockwood and Co."  4 books  (existing)
08-13 17:01:41.510 I/ReactNativeJS(21809):         #1  Lockwood and Co Book 1 - The Screaming Staircase        certain  alb.series-book-n folder:name-corroborated
08-13 17:01:41.510 I/ReactNativeJS(21809):         #2  Lockwood and Co Book 2 - The Whispering Skull           certain  alb.series-book-n folder:name-corroborated
08-13 17:01:41.510 I/ReactNativeJS(21809):         #3  Lockwood and Co Book 3 - The Hollow Boy                 certain  alb.series-book-n folder:name-corroborated
08-13 17:01:41.510 I/ReactNativeJS(21809):         #5  Lockwood & Co: The Empty Grave (Unabridged)             possible folder:name-corroborated(3/5) num:folder
08-13 17:01:41.512 I/ReactNativeJS(21809): [series] "Memory, Sorrow & Thorn"  4 books  (existing)
08-13 17:01:41.512 I/ReactNativeJS(21809):         #1  01 The Dragonbone Chair                                 guess    folder:number-corroborated(4/4)
08-13 17:01:41.512 I/ReactNativeJS(21809):         #2  02 The Stone of Farewell                                guess    folder:number-corroborated(4/4)
08-13 17:01:41.512 I/ReactNativeJS(21809):         #3  03 To Green Angel Tower - Siege                         guess    folder:number-corroborated(4/4)
08-13 17:01:41.512 I/ReactNativeJS(21809):         #4  04 To Green Angel Tower - Storm                         guess    folder:number-corroborated(4/4)
08-13 17:01:41.513 I/ReactNativeJS(21809): [series] "The Murderbot Diaries"  4 books  (existing)
08-13 17:01:41.513 I/ReactNativeJS(21809):         #3  Rogue Protocol: The Murderbot Diaries, Book 3           likely   alb.book-suffix
08-13 17:01:41.513 I/ReactNativeJS(21809):         #5  Network Effect                                          certain  tag.extra.SERIES
08-13 17:01:41.513 I/ReactNativeJS(21809):         #6  The Murderbot Diaries 6: Fugitive Telemetry             likely   alb.name-num-dash
08-13 17:01:41.513 I/ReactNativeJS(21809):         #7  Martha Wells - The Murderbot Diaries 07 - System Colla  likely   alb.name-num-dash
08-13 17:01:41.514 I/ReactNativeJS(21809): [series] "Bromeliad"  3 books  (existing)
08-13 17:01:41.514 I/ReactNativeJS(21809):         #1  Bromeliad 01 - Truckers                                 certain  alb.name-num-dash folder:name-corroborated
08-13 17:01:41.514 I/ReactNativeJS(21809):         #2  Bromeliad 02 - Diggers                                  certain  alb.name-num-dash folder:name-corroborated
08-13 17:01:41.514 I/ReactNativeJS(21809):         #3  Bromeliad 03 - Wings                                    certain  alb.name-num-dash folder:name-corroborated
08-13 17:01:41.515 I/ReactNativeJS(21809): [series] "Crouch, B"  3 books  (existing)
08-13 17:01:41.515 I/ReactNativeJS(21809):         #1  Crouch, B: 1 Pines                                      likely   alb.name-num-sp
08-13 17:01:41.515 I/ReactNativeJS(21809):         #2  Crouch, B: 2 Wayward                                    likely   alb.name-num-sp
08-13 17:01:41.515 I/ReactNativeJS(21809):         #3  Crouch, B: 3 The Last Town                              likely   alb.name-num-sp
08-13 17:01:41.516 I/ReactNativeJS(21809): [series] "Lord of the Rings"  3 books  (existing)
08-13 17:01:41.516 I/ReactNativeJS(21809):         #1  The Fellowship of the Ring: Lord of the Rings, Book 1   likely   alb.book-suffix
08-13 17:01:41.516 I/ReactNativeJS(21809):         #2  The Two Towers: Lord of the Rings, Book 2               likely   alb.book-suffix
08-13 17:01:41.516 I/ReactNativeJS(21809):         #3  The Return of the King: Lord of the Rings, Book 3       likely   alb.book-suffix
08-13 17:01:41.517 I/ReactNativeJS(21809): [series] "The Age of Madness"  3 books  (existing)
08-13 17:01:41.517 I/ReactNativeJS(21809):         #1  01 - A Little Hatred                                    guess    folder:number-corroborated(3/3)
08-13 17:01:41.517 I/ReactNativeJS(21809):         #2  02 - The Trouble with Peace                             guess    folder:number-corroborated(3/3)
08-13 17:01:41.517 I/ReactNativeJS(21809):         #3  03 - The Wisdom of Crowds                               guess    folder:number-corroborated(3/3)
08-13 17:01:41.518 I/ReactNativeJS(21809): [series] "The Silo Saga"  3 books  (existing)
08-13 17:01:41.518 I/ReactNativeJS(21809):         #1  Wool: The Silo Saga, Book 1                             certain  tag.Grouping alb.book-suffix folder:name-corroborated
08-13 17:01:41.518 I/ReactNativeJS(21809):         #2  Shift: The Silo Saga, Book 2                            certain  alb.book-suffix folder:name-corroborated
08-13 17:01:41.518 I/ReactNativeJS(21809):         #3  Dust: The Silo Saga, Book 3                             certain  alb.book-suffix folder:name-corroborated
08-13 17:01:41.519 I/ReactNativeJS(21809): [series] "TMC"  3 books  (existing)
08-13 17:01:41.519 I/ReactNativeJS(21809):         #1  TMC 01 Thursday Murder Club                             likely   alb.name-num-sp
08-13 17:01:41.519 I/ReactNativeJS(21809):         #2  TMC 02 The Man Who Died Twice                           likely   alb.name-num-sp
08-13 17:01:41.519 I/ReactNativeJS(21809):         #3  TMC 03 The Bullet That Missed                           likely   alb.name-num-sp
08-13 17:01:41.520 I/ReactNativeJS(21809): [series] "Cerulean Chronicles"  2 books  (existing)
08-13 17:01:41.520 I/ReactNativeJS(21809):         #1  Cerulean Chronicles 01 - The House in the Cerulean Sea  certain  tag.extra.SERIES alb.name-num-dash
08-13 17:01:41.520 I/ReactNativeJS(21809):         #2  Cerulean Chronicles 02 - Somewhere Beyond the Sea       certain  tag.extra.SERIES alb.name-num-dash
08-13 17:01:41.521 I/ReactNativeJS(21809): [series] "Kingkiller Chronicle"  2 books  (existing)
08-13 17:01:41.521 I/ReactNativeJS(21809):         #1  Kingkiller Chronicle 01 The Name of the Wind            likely   alb.name-num-sp
08-13 17:01:41.521 I/ReactNativeJS(21809):         #2  Kingkiller Chronicle 02 The Wise Man's Fear             likely   alb.name-num-sp
08-13 17:01:41.523 I/ReactNativeJS(21809): [series] "Red Rising"  2 books  (existing)
08-13 17:01:41.523 I/ReactNativeJS(21809):         #5  Red Rising, Book 5 - Dark Age                           likely   alb.series-book-n
08-13 17:01:41.523 I/ReactNativeJS(21809):         #6  Light Bringer: Red Rising, Book 6                       likely   alb.book-suffix
08-13 17:01:41.523 I/ReactNativeJS(21809): [series] "Shadow of the Leviathan"  2 books  (existing)
08-13 17:01:41.523 I/ReactNativeJS(21809):         #2  A Drop of Corruption                                    certain  tag.extra.SERIES tag.Grouping+num
08-13 17:01:41.523 I/ReactNativeJS(21809):         #3  A Trade of Blood                                        certain  tag.extra.SERIES
08-13 17:01:41.525 I/ReactNativeJS(21809): [series] detection (conservative): 354 units → 24 series, 202 books placed · created 0 (0 rows) · inserted 0 · removed 0 · skipped 0 · 106ms
08-13 17:01:41.527 I/ReactNativeJS(21809): [scan] 1624ms total · 3464 files, 0 new (nothing rescanned) — enumerate 1124ms · existing-urls 179ms · process 4ms · cleanup 84ms · detect 144ms
08-13 17:06:24.908 W/ReactNativeJS(21809): [series] 0 books sit under no configured root and 1 have no first chapter — all dropped before detection, out of 355
08-13 17:06:25.005 I/ReactNativeJS(21809): [series] "Discworld"  41 books  (existing)
08-13 17:06:25.005 I/ReactNativeJS(21809):         #1  Discworld 01 - The Colour of Magic                      certain  alb.name-num-dash folder:name-corroborated split:number-collision(49% dupes -> 2 folders)
08-13 17:06:25.005 I/ReactNativeJS(21809):         #2  Discworld 02 - The Light Fantastic                      certain  alb.name-num-dash folder:name-corroborated split:number-collision(49% dupes -> 2 folders)
08-13 17:06:25.005 I/ReactNativeJS(21809):         #3  Discworld 03 - Equal Rites                              certain  alb.name-num-dash folder:name-corroborated split:number-collision(49% dupes -> 2 folders)
08-13 17:06:25.005 I/ReactNativeJS(21809):         #4  Discworld 04 - Mort                                     certain  alb.name-num-dash folder:name-corroborated split:number-collision(49% dupes -> 2 folders)
08-13 17:06:25.005 I/ReactNativeJS(21809):         #5  Discworld 05 - Sourcery                                 certain  alb.name-num-dash folder:name-corroborated split:number-collision(49% dupes -> 2 folders)
08-13 17:06:25.005 I/ReactNativeJS(21809):         #6  Discworld 06 -  Wyrd Sisters                            certain  alb.name-num-dash folder:name-corroborated split:number-collision(49% dupes -> 2 folders)
08-13 17:06:25.005 I/ReactNativeJS(21809):         #7  Discworld 07 - Pyramids                                 certain  alb.name-num-dash folder:name-corroborated split:number-collision(49% dupes -> 2 folders)
08-13 17:06:25.005 I/ReactNativeJS(21809):         #8  Discworld 08 - Guards! Guards!                          certain  alb.name-num-dash folder:name-corroborated split:number-collision(49% dupes -> 2 folders)
08-13 17:06:25.005 I/ReactNativeJS(21809):         #9  Discworld 09 - Eric                                     certain  alb.name-num-dash folder:name-corroborated split:number-collision(49% dupes -> 2 folders)
08-13 17:06:25.005 I/ReactNativeJS(21809):        #10  Discworld 10 - Moving Pictures                          certain  alb.name-num-dash folder:name-corroborated split:number-collision(49% dupes -> 2 folders)
08-13 17:06:25.005 I/ReactNativeJS(21809):        #11  Discworld 11 - Reaper Man                               certain  alb.name-num-dash folder:name-corroborated split:number-collision(49% dupes -> 2 folders)
08-13 17:06:25.005 I/ReactNativeJS(21809):        #12  Discworld 12 - Witches Abroad                           certain  alb.name-num-dash folder:name-corroborated split:number-collision(49% dupes -> 2 folders)
08-13 17:06:25.005 I/ReactNativeJS(21809):        #13  Discworld 13 - Small Gods                               certain  tag.Grouping+bare-num alb.name-num-dash folder:name-corroborated split:number-collision(49% dupes -> 2 folders)
08-13 17:06:25.005 I/ReactNativeJS(21809):        #14  Discworld 14 - Lords and Ladies                         certain  alb.name-num-dash folder:name-corroborated split:number-collision(49% dupes -> 2 folders)
08-13 17:06:25.005 I/ReactNativeJS(21809):        #15  Discworld 15 - Men At Arms                              certain  alb.name-num-dash folder:name-corroborated split:number-collision(49% dupes -> 2 folders)
08-13 17:06:25.005 I/ReactNativeJS(21809):        #16  Discworld 16 - Soul Music                               certain  alb.name-num-dash folder:name-corroborated split:number-collision(49% dupes -> 2 folders)
08-13 17:06:25.005 I/ReactNativeJS(21809):        #17  Discworld 17 - Interesting Times                        certain  alb.name-num-dash folder:name-corroborated split:number-collision(49% dupes -> 2 folders)
08-13 17:06:25.005 I/ReactNativeJS(21809):        #18  Discworld 18 - Maskerade                                certain  alb.name-num-dash folder:name-corroborated split:number-collision(49% dupes -> 2 folders)
08-13 17:06:25.005 I/ReactNativeJS(21809):        #19  Discworld 19 - Feet of Clay                             certain  alb.name-num-dash folder:name-corroborated split:number-collision(49% dupes -> 2 folders)
08-13 17:06:25.005 I/ReactNativeJS(21809):        #20  Discworld 20 - Hogfather                                certain  alb.name-num-dash folder:name-corroborated split:number-collision(49% dupes -> 2 folders)
08-13 17:06:25.005 I/ReactNativeJS(21809):        #21  Discworld 21 - Jingo                                    certain  alb.name-num-dash folder:name-corroborated split:number-collision(49% dupes -> 2 folders)
08-13 17:06:25.005 I/ReactNativeJS(21809):        #22  Discworld 22 - The Last Continent                       certain  alb.name-num-dash folder:name-corroborated split:number-collision(49% dupes -> 2 folders)
08-13 17:06:25.005 I/ReactNativeJS(21809):        #23  Discworld 23 - Carpe Jugulum                            certain  alb.name-num-dash folder:name-corroborated split:number-collision(49% dupes -> 2 folders)
08-13 17:06:25.005 I/ReactNativeJS(21809):        #24  Discworld 24 - The Fifth Elephant                       certain  alb.name-num-dash folder:name-corroborated split:number-collision(49% dupes -> 2 folders)
08-13 17:06:25.005 I/ReactNativeJS(21809):        #25  Discworld 25 - The Truth                                certain  alb.name-num-dash folder:name-corroborated split:number-collision(49% dupes -> 2 folders)
08-13 17:06:25.005 I/ReactNativeJS(21809):        #26  Discworld 26 - Thief of Time                            certain  alb.name-num-dash folder:name-corroborated split:number-collision(49% dupes -> 2 folders)
08-13 17:06:25.005 I/ReactNativeJS(21809):        #27  Discworld 27 - The Last Hero                            certain  alb.name-num-dash folder:name-corroborated split:number-collision(49% dupes -> 2 folders)
08-13 17:06:25.005 I/ReactNativeJS(21809):        #28  Discworld 28 - The Amazing Maurice and His Educated Ro  certain  alb.name-num-dash folder:name-corroborated split:number-collision(49% dupes -> 2 folders)
08-13 17:06:25.005 I/ReactNativeJS(21809):        #29  Discworld 29 - Night Watch                              certain  alb.name-num-dash folder:name-corroborated split:number-collision(49% dupes -> 2 folders)
08-13 17:06:25.005 I/ReactNativeJS(21809):        #30  Discworld 30 - The Wee Free Men                         certain  alb.name-num-dash folder:name-corroborated split:number-collision(49% dupes -> 2 folders)
08-13 17:06:25.005 I/ReactNativeJS(21809):        #31  Discworld 31 - Monstrous Regiment                       certain  alb.name-num-dash folder:name-corroborated split:number-collision(49% dupes -> 2 folders)
08-13 17:06:25.005 I/ReactNativeJS(21809):        #32  Discworld 32 - A Hat Full of Sky                        certain  alb.name-num-dash folder:name-corroborated split:number-collision(49% dupes -> 2 folders)
08-13 17:06:25.005 I/ReactNativeJS(21809):        #33  Discworld 33 - Going Postal                             certain  alb.name-num-dash folder:name-corroborated split:number-collision(49% dupes -> 2 folders)
08-13 17:06:25.005 I/ReactNativeJS(21809):        #34  Discworld 34 - Thud!                                    certain  alb.name-num-dash folder:name-corroborated split:number-collision(49% dupes -> 2 folders)
08-13 17:06:25.005 I/ReactNativeJS(21809):        #35  Discworld 35 - Wintersmith                              certain  alb.name-num-dash folder:name-corroborated split:number-collision(49% dupes -> 2 folders)
08-13 17:06:25.005 I/ReactNativeJS(21809):        #36  Discworld 36 - Making Money                             certain  alb.name-num-dash folder:name-corroborated split:number-collision(49% dupes -> 2 folders)
08-13 17:06:25.005 I/ReactNativeJS(21809):        #37  Discworld 37 - Unseen Academicals                       certain  tag.Grouping+bare-num alb.name-num-dash folder:name-corroborated split:number-collision(49% dupes -> 2 folders)
08-13 17:06:25.005 I/ReactNativeJS(21809):        #38  DW38-I Shall Wear Midnight                              possible folder:name-corroborated(37/41) num:folder split:number-collision(49% dupes -> 2 folders)
08-13 17:06:25.005 I/ReactNativeJS(21809):        #39  Snuff                                                   possible folder:name-corroborated(37/41) num:folder split:number-collision(49% dupes -> 2 folders)
08-13 17:06:25.005 I/ReactNativeJS(21809):        #40  Raising Steam                                           possible folder:name-corroborated(37/41) num:folder split:number-collision(49% dupes -> 2 folders)
08-13 17:06:25.005 I/ReactNativeJS(21809):        #41  The Shepherd's Crown                                    possible folder:name-corroborated(37/41) num:folder split:number-collision(49% dupes -> 2 folders)
08-13 17:06:25.007 I/ReactNativeJS(21809): [series] "Discworld (2022)"  39 books  (existing)
08-13 17:06:25.007 I/ReactNativeJS(21809):         #1  The Colour of Magic                                     possible folder:name-corroborated(10/39) num:folder split:number-collision(49% dupes -> 2 folders)
08-13 17:06:25.007 I/ReactNativeJS(21809):         #2  The Light Fantastic                                     possible folder:name-corroborated(10/39) num:folder split:number-collision(49% dupes -> 2 folders)
08-13 17:06:25.007 I/ReactNativeJS(21809):         #3  Equal Rites                                             possible folder:name-corroborated(10/39) num:folder split:number-collision(49% dupes -> 2 folders)
08-13 17:06:25.007 I/ReactNativeJS(21809):         #4  Mort (#4)                                               possible folder:name-corroborated(10/39) split:number-collision(49% dupes -> 2 folders)
08-13 17:06:25.007 I/ReactNativeJS(21809):         #5  Sourcery (#5)                                           possible folder:name-corroborated(10/39) split:number-collision(49% dupes -> 2 folders)
08-13 17:06:25.007 I/ReactNativeJS(21809):         #7  Pyramids: Discworld, Book 7                             certain  alb.book-suffix folder:name-corroborated split:number-collision(49% dupes -> 2 folders)
08-13 17:06:25.007 I/ReactNativeJS(21809):         #8  Guards! Guards! (Unabridged)                            possible folder:name-corroborated(10/39) num:folder split:number-collision(49% dupes -> 2 folders)
08-13 17:06:25.007 I/ReactNativeJS(21809):         #9  (#9) Eric                                               possible folder:name-corroborated(10/39) split:number-collision(49% dupes -> 2 folders)
08-13 17:06:25.007 I/ReactNativeJS(21809):        #10  Moving Pictures: Discworld, Book 10                     certain  alb.book-suffix folder:name-corroborated split:number-collision(49% dupes -> 2 folders)
08-13 17:06:25.007 I/ReactNativeJS(21809):        #11  (#11) Reaper Man                                        possible folder:name-corroborated(10/39) split:number-collision(49% dupes -> 2 folders)
08-13 17:06:25.007 I/ReactNativeJS(21809):        #12  Witches Abroad                                          possible folder:name-corroborated(10/39) num:folder split:number-collision(49% dupes -> 2 folders)
08-13 17:06:25.007 I/ReactNativeJS(21809):        #13  Small Gods (#13)                                        possible folder:name-corroborated(10/39) split:number-collision(49% dupes -> 2 folders)
08-13 17:06:25.007 I/ReactNativeJS(21809):        #14  Lords and Ladies                                        possible folder:name-corroborated(10/39) num:folder split:number-collision(49% dupes -> 2 folders)
08-13 17:06:25.007 I/ReactNativeJS(21809):        #15  Men at Arms (Unabridged)                                possible folder:name-corroborated(10/39) num:folder split:number-collision(49% dupes -> 2 folders)
08-13 17:06:25.007 I/ReactNativeJS(21809):        #16  (#16) Soul Music                                        possible folder:name-corroborated(10/39) split:number-collision(49% dupes -> 2 folders)
08-13 17:06:25.007 I/ReactNativeJS(21809):        #17  (#17) Interesting Times                                 possible folder:name-corroborated(10/39) split:number-collision(49% dupes -> 2 folders)
08-13 17:06:25.007 I/ReactNativeJS(21809):        #18  Maskerade                                               possible folder:name-corroborated(10/39) num:folder split:number-collision(49% dupes -> 2 folders)
08-13 17:06:25.007 I/ReactNativeJS(21809):        #19  Feet of Clay (Unabridged)                               possible folder:name-corroborated(10/39) num:folder split:number-collision(49% dupes -> 2 folders)
08-13 17:06:25.007 I/ReactNativeJS(21809):        #20  Hogfather: Discworld, Book 20                           certain  alb.book-suffix folder:name-corroborated split:number-collision(49% dupes -> 2 folders)
08-13 17:06:25.007 I/ReactNativeJS(21809):        #21  Jingo (Unabridged)                                      possible folder:name-corroborated(10/39) num:folder split:number-collision(49% dupes -> 2 folders)
08-13 17:06:25.007 I/ReactNativeJS(21809):        #22  The Last Continent: Discworld, Book 22                  certain  alb.book-suffix folder:name-corroborated split:number-collision(49% dupes -> 2 folders)
08-13 17:06:25.007 I/ReactNativeJS(21809):        #23  Carpe Jugulum                                           possible folder:name-corroborated(10/39) num:folder split:number-collision(49% dupes -> 2 folders)
08-13 17:06:25.007 I/ReactNativeJS(21809):        #24  The Fifth Elephant (Unabridged)                         possible folder:name-corroborated(10/39) num:folder split:number-collision(49% dupes -> 2 folders)
08-13 17:06:25.007 I/ReactNativeJS(21809):        #25  The Truth (Unabridged)                                  possible folder:name-corroborated(10/39) num:folder split:number-collision(49% dupes -> 2 folders)
08-13 17:06:25.007 I/ReactNativeJS(21809):        #26  Thief of Time (#26)                                     possible folder:name-corroborated(10/39) split:number-collision(49% dupes -> 2 folders)
08-13 17:06:25.007 I/ReactNativeJS(21809):        #28  The Amazing Maurice and His Educated Rodents (#28)      possible folder:name-corroborated(10/39) split:number-collision(49% dupes -> 2 folders)
08-13 17:06:25.007 I/ReactNativeJS(21809):        #29  Night Watch: Discworld, Book 29                         certain  alb.book-suffix folder:name-corroborated split:number-collision(49% dupes -> 2 folders)
08-13 17:06:25.007 I/ReactNativeJS(21809):        #30  The Wee Free Men: Discworld, Book 30                    certain  alb.book-suffix folder:name-corroborated split:number-collision(49% dupes -> 2 folders)
08-13 17:06:25.007 I/ReactNativeJS(21809):        #31  (#31) Monstrous Regiment                                possible folder:name-corroborated(10/39) split:number-collision(49% dupes -> 2 folders)
08-13 17:06:25.007 I/ReactNativeJS(21809):        #32  A Hat Full of Sky: Discworld, Book 32                   certain  alb.book-suffix folder:name-corroborated split:number-collision(49% dupes -> 2 folders)
08-13 17:06:25.007 I/ReactNativeJS(21809):        #33  Going Postal (Unabridged)                               possible folder:name-corroborated(10/39) num:folder split:number-collision(49% dupes -> 2 folders)
08-13 17:06:25.007 I/ReactNativeJS(21809):        #34  Thud!: Discworld, Book 34                               certain  alb.book-suffix folder:name-corroborated split:number-collision(49% dupes -> 2 folders)
08-13 17:06:25.007 I/ReactNativeJS(21809):        #35  Wintersmith: Discworld, Book 35                         certain  alb.book-suffix folder:name-corroborated split:number-collision(49% dupes -> 2 folders)
08-13 17:06:25.007 I/ReactNativeJS(21809):        #36  Making Money (Unabridged)                               possible folder:name-corroborated(10/39) num:folder split:number-collision(49% dupes -> 2 folders)
08-13 17:06:25.007 I/ReactNativeJS(21809):        #37  Unseen Academicals: Discworld Book, 37                  possible folder:name-corroborated(10/39) num:folder split:number-collision(49% dupes -> 2 folders)
08-13 17:06:25.007 I/ReactNativeJS(21809):        #38  I Shall Wear Midnight (Unabridged)                      possible folder:name-corroborated(10/39) num:folder split:number-collision(49% dupes -> 2 folders)
08-13 17:06:25.007 I/ReactNativeJS(21809):        #39  Snuff: Discworld, Book 39                               certain  alb.book-suffix folder:name-corroborated split:number-collision(49% dupes -> 2 folders)
08-13 17:06:25.007 I/ReactNativeJS(21809):        #40  Raising Steam (Unabridged)                              possible folder:name-corroborated(10/39) num:folder split:number-collision(49% dupes -> 2 folders)
08-13 17:06:25.007 I/ReactNativeJS(21809):        #41  The Shepherd's Crown (Unabridged)                       possible folder:name-corroborated(10/39) num:folder split:number-collision(49% dupes -> 2 folders)
08-13 17:06:25.008 I/ReactNativeJS(21809): [series] "Dresden Files"  22 books  (existing)
08-13 17:06:25.008 I/ReactNativeJS(21809):         #1  Storm Front: The Dresden Files, Book 1 (Unabridged)     certain  tag.extra.SERIES alb.book-suffix folder:name-corroborated
08-13 17:06:25.008 I/ReactNativeJS(21809):         #2  Fool Moon: The Dresden Files, Book 2 (Unabridged)       certain  tag.extra.SERIES alb.book-suffix folder:name-corroborated
08-13 17:06:25.008 I/ReactNativeJS(21809):         #3  Grave Peril: The Dresden Files, Book 3 (Unabridged)     certain  tag.extra.SERIES alb.book-suffix folder:name-corroborated
08-13 17:06:25.008 I/ReactNativeJS(21809):         #4  Summer Knight: The Dresden Files, Book 4 (Unabridged)   certain  tag.extra.SERIES alb.book-suffix folder:name-corroborated
08-13 17:06:25.008 I/ReactNativeJS(21809):         #5  Death Masks: The Dresden Files, Book 5 (Unabridged)     certain  tag.extra.SERIES alb.book-suffix folder:name-corroborated
08-13 17:06:25.008 I/ReactNativeJS(21809):         #6  Blood Rites: The Dresden Files, Book 6 (Unabridged)     certain  tag.extra.SERIES alb.book-suffix folder:name-corroborated
08-13 17:06:25.008 I/ReactNativeJS(21809):         #7  Dead Beat: The Dresden Files, Book 7 (Unabridged)       certain  tag.extra.SERIES alb.book-suffix folder:name-corroborated
08-13 17:06:25.008 I/ReactNativeJS(21809):         #8  Proven Guilty: The Dresden Files, Book 8 (Unabridged)   certain  tag.extra.SERIES alb.book-suffix folder:name-corroborated
08-13 17:06:25.008 I/ReactNativeJS(21809):         #9  White Night: The Dresden Files, Book 9 (Unabridged)     certain  tag.extra.SERIES alb.book-suffix folder:name-corroborated
08-13 17:06:25.008 I/ReactNativeJS(21809):        #10  The Dresden Files #10: Small Favor                      certain  tag.Grouping alb.hash-colon folder:name-corroborated
08-13 17:06:25.008 I/ReactNativeJS(21809):        #11  The Dresden Files #11: Turn Coat                        certain  tag.Grouping alb.hash-colon folder:name-corroborated
08-13 17:06:25.008 I/ReactNativeJS(21809):        #12  The Dresden Files #12: Changes                          certain  tag.Grouping alb.hash-colon folder:name-corroborated
08-13 17:06:25.008 I/ReactNativeJS(21809):      #12.5  The Dresden Files #12.5: Side Jobs                      certain  tag.Grouping alb.hash-colon folder:name-corroborated
08-13 17:06:25.008 I/ReactNativeJS(21809):        #13  The Dresden Files #13: Ghost Story                      certain  tag.Grouping alb.hash-colon folder:name-corroborated
08-13 17:06:25.008 I/ReactNativeJS(21809):        #14  The Dresden Files #14: Cold Days                        certain  tag.Grouping alb.hash-colon folder:name-corroborated
08-13 17:06:25.008 I/ReactNativeJS(21809):        #15  The Dresden Files #15: Skin Game                        certain  tag.Grouping alb.hash-colon folder:name-corroborated
08-13 17:06:25.008 I/ReactNativeJS(21809):      #15.5  Brief Cases (Unabridged)                                certain  tag.extra.SERIES folder:name-corroborated
08-13 17:06:25.008 I/ReactNativeJS(21809):        #16  Peace Talks (Unabridged)                                certain  tag.extra.SERIES folder:name-corroborated
08-13 17:06:25.008 I/ReactNativeJS(21809):        #17  Battle Ground (Unabridged)                              certain  tag.extra.SERIES folder:name-corroborated
08-13 17:06:25.008 I/ReactNativeJS(21809):      #17.5  The Law                                                 certain  tag.extra.SERIES folder:name-corroborated
08-13 17:06:25.008 I/ReactNativeJS(21809):        #18  Twelve Months (Unabridged)                              certain  tag.extra.SERIES folder:name-corroborated
08-13 17:06:25.008 I/ReactNativeJS(21809):          —  Heroic Hearts (Unabridged)                              possible folder:name-corroborated(21/22)
08-13 17:06:25.010 I/ReactNativeJS(21809): [series] "Demon Accords"  17 books  (existing)
08-13 17:06:25.010 I/ReactNativeJS(21809):         #1  Book 01 - God Touched - Demon Accords Series            certain  alb.book-dash-series folder:name-corroborated
08-13 17:06:25.010 I/ReactNativeJS(21809):         #1  Volume 01 - The Demon Accords Compendium                possible folder:name-corroborated(14/17)
08-13 17:06:25.010 I/ReactNativeJS(21809):         #2  Book 02 - Demon Driven - Demon Accords Series           certain  alb.book-dash-series folder:name-corroborated
08-13 17:06:25.010 I/ReactNativeJS(21809):         #2  Volume 02 - The Demon Accords Compendium                possible folder:name-corroborated(14/17)
08-13 17:06:25.010 I/ReactNativeJS(21809):         #3  Book 03 - Brutal Asset - Demon Accords Series           certain  alb.book-dash-series folder:name-corroborated
08-13 17:06:25.010 I/ReactNativeJS(21809):         #3  Volume 3 - The Demon Accords Compendium                 possible folder:name-corroborated(14/17)
08-13 17:06:25.010 I/ReactNativeJS(21809):       #3.5  Book 03.5 - Black Frost - Demon Accords Series          certain  alb.book-dash-series folder:name-corroborated
08-13 17:06:25.010 I/ReactNativeJS(21809):         #4  Book 04 - Duel Nature - Demon Accords Series            certain  alb.book-dash-series folder:name-corroborated
08-13 17:06:25.010 I/ReactNativeJS(21809):         #5  Book 05 - Fallen Stars - Demon Accords Series           certain  alb.book-dash-series folder:name-corroborated
08-13 17:06:25.010 I/ReactNativeJS(21809):         #6  Book 06 - Executable - Demon Accords Series             certain  alb.book-dash-series folder:name-corroborated
08-13 17:06:25.010 I/ReactNativeJS(21809):         #7  Book 07 - Forced Ascent - Demon Accords Series          certain  alb.book-dash-series folder:name-corroborated
08-13 17:06:25.010 I/ReactNativeJS(21809):         #8  Book 08 Part 1 - College Arcane - Demon Accords Series  certain  alb.book-dash-series folder:name-corroborated
08-13 17:06:25.010 I/ReactNativeJS(21809):         #8  Book 08 Part 2 - College Arcane - Demon Accords Series  certain  alb.book-dash-series folder:name-corroborated
08-13 17:06:25.010 I/ReactNativeJS(21809):         #9  Book 09 - God Hammer - Demon Accords Series             certain  alb.book-dash-series folder:name-corroborated
08-13 17:06:25.010 I/ReactNativeJS(21809):        #10  Book 10 - Rogues - Demon Accords Series                 certain  alb.book-dash-series folder:name-corroborated
08-13 17:06:25.010 I/ReactNativeJS(21809):        #11  Book 11 - Snake Eyes - Demon Accords Series             certain  alb.book-dash-series folder:name-corroborated
08-13 17:06:25.010 I/ReactNativeJS(21809):        #12  Book 12 - Winterfall - Demon Accords Series             certain  alb.book-dash-series folder:name-corroborated
08-13 17:06:25.011 I/ReactNativeJS(21809): [series] "Dungeon Crawler Carl"  8 books  (existing)
08-13 17:06:25.011 I/ReactNativeJS(21809):         #1  Dungeon Crawler Carl (Unabridged)                       certain  tag.extra.SERIES folder:name-corroborated
08-13 17:06:25.011 I/ReactNativeJS(21809):         #2  Carl's Doomsday Scenario: Dungeon Crawler Carl, Book 2  certain  alb.book-suffix folder:name-corroborated
08-13 17:06:25.011 I/ReactNativeJS(21809):         #3  The Dungeon Anarchist's Cookbook: Dungeon Crawler Carl  certain  alb.book-suffix folder:name-corroborated
08-13 17:06:25.011 I/ReactNativeJS(21809):         #4  The Gate of the Feral Gods: Dungeon Crawler Carl, Book  certain  alb.book-suffix folder:name-corroborated
08-13 17:06:25.011 I/ReactNativeJS(21809):         #5  The Butcher's Masquerade: Dungeon Crawler Carl, Book 5  certain  alb.book-suffix folder:name-corroborated
08-13 17:06:25.011 I/ReactNativeJS(21809):         #6  The Eye of the Bedlam Bride: Dungeon Crawler Carl, Boo  certain  alb.book-suffix folder:name-corroborated
08-13 17:06:25.011 I/ReactNativeJS(21809):         #7  This Inevitable Ruin                                    certain  tag.extra.SERIES folder:name-corroborated
08-13 17:06:25.011 I/ReactNativeJS(21809):          —  A Parade of Horribles                                   possible folder:name-corroborated(7/8)
08-13 17:06:25.013 I/ReactNativeJS(21809): [series] "The Dark Tower"  8 books  (existing)
08-13 17:06:25.013 I/ReactNativeJS(21809):         #1  The Dark Tower I: The Gunslinger                        certain  alb.roman folder:name-corroborated
08-13 17:06:25.013 I/ReactNativeJS(21809):         #2  The Dark Tower II: The Drawing Of The Three             certain  alb.roman folder:name-corroborated
08-13 17:06:25.013 I/ReactNativeJS(21809):         #4  The Dark Tower IV: Wizard & Glass                       certain  alb.roman folder:name-corroborated
08-13 17:06:25.013 I/ReactNativeJS(21809):         #5  The Dark Tower V: Wolves Of The Calla                   certain  alb.roman folder:name-corroborated
08-13 17:06:25.013 I/ReactNativeJS(21809):         #6  The Dark Tower VI: Song Of Susannah                     certain  alb.roman folder:name-corroborated
08-13 17:06:25.013 I/ReactNativeJS(21809):         #7  The Dark Tower VII: The Dark Tower                      certain  alb.roman folder:name-corroborated
08-13 17:06:25.013 I/ReactNativeJS(21809):          —  1991 - The Waste Lands (DT3 - read by Frank Muller)     possible folder:name-corroborated(6/8)
08-13 17:06:25.013 I/ReactNativeJS(21809):          —  LEGENDS - Stories by The Masters of Fantasy             possible folder:name-corroborated(6/8)
08-13 17:06:25.014 I/ReactNativeJS(21809): [series] "The First Law"  7 books  (existing)
08-13 17:06:25.014 I/ReactNativeJS(21809):         #1  01 - The Blade Itself                                   guess    folder:number-corroborated(7/7)
08-13 17:06:25.014 I/ReactNativeJS(21809):         #2  02 - Before They Are Hanged                             guess    folder:number-corroborated(7/7)
08-13 17:06:25.014 I/ReactNativeJS(21809):         #3  03 - Last Argument of Kings                             guess    folder:number-corroborated(7/7)
08-13 17:06:25.014 I/ReactNativeJS(21809):         #4  04 - Best Served Cold                                   guess    folder:number-corroborated(7/7)
08-13 17:06:25.014 I/ReactNativeJS(21809):         #5  05 - The Heroes                                         guess    folder:number-corroborated(7/7)
08-13 17:06:25.014 I/ReactNativeJS(21809):         #6  06 - Red Country                                        guess    folder:number-corroborated(7/7)
08-13 17:06:25.014 I/ReactNativeJS(21809):         #7  07 - Sharp Ends: Stories from the World of the First L  guess    folder:number-corroborated(7/7)
08-13 17:06:25.016 I/ReactNativeJS(21809): [series] "Mistborn"  6 books  (existing)
08-13 17:06:25.016 I/ReactNativeJS(21809):         #1  Mistborn 1 (Michael Kramer)                             likely   alb.name-num-sp
08-13 17:06:25.016 I/ReactNativeJS(21809):         #2  Mistborn 2 (Michael Kramer)                             likely   alb.name-num-sp
08-13 17:06:25.016 I/ReactNativeJS(21809):         #3  Mistborn 3 (Michael Kramer)                             likely   alb.name-num-sp
08-13 17:06:25.016 I/ReactNativeJS(21809):         #4  Mistborn 4 (Michael Kramer)                             likely   alb.name-num-sp
08-13 17:06:25.016 I/ReactNativeJS(21809):         #5  Mistborn 5 (Michael Kramer)                             likely   alb.name-num-sp
08-13 17:06:25.016 I/ReactNativeJS(21809):         #6  Mistborn 6 (Michael Kramer)                             likely   alb.name-num-sp
08-13 17:06:25.018 I/ReactNativeJS(21809): [series] "Shadow Saga"  6 books  (existing)
08-13 17:06:25.018 I/ReactNativeJS(21809):         #1  Shadow 1 - Ender's Shadow                               certain  alb.name-num-dash folder:name-corroborated
08-13 17:06:25.018 I/ReactNativeJS(21809):         #3  Shadow 3 - Shadow Puppets                               certain  alb.name-num-dash folder:name-corroborated
08-13 17:06:25.018 I/ReactNativeJS(21809):         #6  Shadow of the Hegemon                                   possible folder:name-corroborated(2/6) num:folder
08-13 17:06:25.018 I/ReactNativeJS(21809):         #8  008 - Shadow of the Giant                               possible folder:name-corroborated(2/6)
08-13 17:06:25.018 I/ReactNativeJS(21809):         #9  Shadows in Flight                                       possible folder:name-corroborated(2/6) num:folder
08-13 17:06:25.018 I/ReactNativeJS(21809):        #10  The Last Shadow: Other Tales from the Ender Universe    possible folder:name-corroborated(2/6) num:folder
08-13 17:06:25.019 I/ReactNativeJS(21809): [series] "Bobiverse"  5 books  (existing)
08-13 17:06:25.019 I/ReactNativeJS(21809):         #1  Bobiverse 01 We Are Legion (We Are Bob)                 certain  alb.name-num-sp folder:name-corroborated
08-13 17:06:25.019 I/ReactNativeJS(21809):         #2  Bobiverse 02 For We Are Many                            certain  alb.name-num-sp folder:name-corroborated
08-13 17:06:25.019 I/ReactNativeJS(21809):         #3  Bobiverse 03 All These Worlds                           certain  alb.name-num-sp folder:name-corroborated
08-13 17:06:25.019 I/ReactNativeJS(21809):         #4  Bobiverse 04 Heaven's River                             certain  alb.name-num-sp folder:name-corroborated
08-13 17:06:25.019 I/ReactNativeJS(21809):         #5  Bobiverse 05 Not Till We Are Lost                       certain  alb.name-num-sp folder:name-corroborated
08-13 17:06:25.020 I/ReactNativeJS(21809): [series] "Long Earth"  5 books  (existing)
08-13 17:06:25.020 I/ReactNativeJS(21809):         #1  (Long Earth 01) The Long Earth                          certain  alb.paren-pre folder:name-corroborated
08-13 17:06:25.020 I/ReactNativeJS(21809):         #2  (Long Earth 02) The Long War                            certain  alb.paren-pre folder:name-corroborated
08-13 17:06:25.020 I/ReactNativeJS(21809):         #3  (Long Earth 03) The Long Mars                           certain  alb.paren-pre folder:name-corroborated
08-13 17:06:25.020 I/ReactNativeJS(21809):         #4  (Long Earth 04) The Long Utopia                         certain  alb.paren-pre folder:name-corroborated
08-13 17:06:25.020 I/ReactNativeJS(21809):         #5  (Long Earth 05) The Long Cosmos                         certain  alb.paren-pre folder:name-corroborated
08-13 17:06:25.021 I/ReactNativeJS(21809): [series] "Lockwood and Co."  4 books  (existing)
08-13 17:06:25.021 I/ReactNativeJS(21809):         #1  Lockwood and Co Book 1 - The Screaming Staircase        certain  alb.series-book-n folder:name-corroborated
08-13 17:06:25.021 I/ReactNativeJS(21809):         #2  Lockwood and Co Book 2 - The Whispering Skull           certain  alb.series-book-n folder:name-corroborated
08-13 17:06:25.021 I/ReactNativeJS(21809):         #3  Lockwood and Co Book 3 - The Hollow Boy                 certain  alb.series-book-n folder:name-corroborated
08-13 17:06:25.021 I/ReactNativeJS(21809):         #5  Lockwood & Co: The Empty Grave (Unabridged)             possible folder:name-corroborated(3/5) num:folder
08-13 17:06:25.030 I/ReactNativeJS(21809): [series] "Memory, Sorrow & Thorn"  4 books  (existing)
08-13 17:06:25.030 I/ReactNativeJS(21809):         #1  01 The Dragonbone Chair                                 guess    folder:number-corroborated(4/4)
08-13 17:06:25.030 I/ReactNativeJS(21809):         #2  02 The Stone of Farewell                                guess    folder:number-corroborated(4/4)
08-13 17:06:25.030 I/ReactNativeJS(21809):         #3  03 To Green Angel Tower - Siege                         guess    folder:number-corroborated(4/4)
08-13 17:06:25.030 I/ReactNativeJS(21809):         #4  04 To Green Angel Tower - Storm                         guess    folder:number-corroborated(4/4)
08-13 17:06:25.032 I/ReactNativeJS(21809): [series] "The Murderbot Diaries"  4 books  (existing)
08-13 17:06:25.032 I/ReactNativeJS(21809):         #3  Rogue Protocol: The Murderbot Diaries, Book 3           likely   alb.book-suffix
08-13 17:06:25.032 I/ReactNativeJS(21809):         #5  Network Effect                                          certain  tag.extra.SERIES
08-13 17:06:25.032 I/ReactNativeJS(21809):         #6  The Murderbot Diaries 6: Fugitive Telemetry             likely   alb.name-num-dash
08-13 17:06:25.032 I/ReactNativeJS(21809):         #7  Martha Wells - The Murderbot Diaries 07 - System Colla  likely   alb.name-num-dash
08-13 17:06:25.033 I/ReactNativeJS(21809): [series] "Bromeliad"  3 books  (existing)
08-13 17:06:25.033 I/ReactNativeJS(21809):         #1  Bromeliad 01 - Truckers                                 certain  alb.name-num-dash folder:name-corroborated
08-13 17:06:25.033 I/ReactNativeJS(21809):         #2  Bromeliad 02 - Diggers                                  certain  alb.name-num-dash folder:name-corroborated
08-13 17:06:25.033 I/ReactNativeJS(21809):         #3  Bromeliad 03 - Wings                                    certain  alb.name-num-dash folder:name-corroborated
08-13 17:06:25.034 I/ReactNativeJS(21809): [series] "Crouch, B"  3 books  (existing)
08-13 17:06:25.034 I/ReactNativeJS(21809):         #1  Crouch, B: 1 Pines                                      likely   alb.name-num-sp
08-13 17:06:25.034 I/ReactNativeJS(21809):         #2  Crouch, B: 2 Wayward                                    likely   alb.name-num-sp
08-13 17:06:25.034 I/ReactNativeJS(21809):         #3  Crouch, B: 3 The Last Town                              likely   alb.name-num-sp
08-13 17:06:25.036 I/ReactNativeJS(21809): [series] "Lord of the Rings"  3 books  (existing)
08-13 17:06:25.036 I/ReactNativeJS(21809):         #1  The Fellowship of the Ring: Lord of the Rings, Book 1   likely   alb.book-suffix
08-13 17:06:25.036 I/ReactNativeJS(21809):         #2  The Two Towers: Lord of the Rings, Book 2               likely   alb.book-suffix
08-13 17:06:25.036 I/ReactNativeJS(21809):         #3  The Return of the King: Lord of the Rings, Book 3       likely   alb.book-suffix
08-13 17:06:25.037 I/ReactNativeJS(21809): [series] "The Age of Madness"  3 books  (existing)
08-13 17:06:25.037 I/ReactNativeJS(21809):         #1  01 - A Little Hatred                                    guess    folder:number-corroborated(3/3)
08-13 17:06:25.037 I/ReactNativeJS(21809):         #2  02 - The Trouble with Peace                             guess    folder:number-corroborated(3/3)
08-13 17:06:25.037 I/ReactNativeJS(21809):         #3  03 - The Wisdom of Crowds                               guess    folder:number-corroborated(3/3)
08-13 17:06:25.038 I/ReactNativeJS(21809): [series] "The Silo Saga"  3 books  (existing)
08-13 17:06:25.038 I/ReactNativeJS(21809):         #1  Wool: The Silo Saga, Book 1                             certain  tag.Grouping alb.book-suffix folder:name-corroborated
08-13 17:06:25.038 I/ReactNativeJS(21809):         #2  Shift: The Silo Saga, Book 2                            certain  alb.book-suffix folder:name-corroborated
08-13 17:06:25.038 I/ReactNativeJS(21809):         #3  Dust: The Silo Saga, Book 3                             certain  alb.book-suffix folder:name-corroborated
08-13 17:06:25.039 I/ReactNativeJS(21809): [series] "TMC"  3 books  (existing)
08-13 17:06:25.039 I/ReactNativeJS(21809):         #1  TMC 01 Thursday Murder Club                             likely   alb.name-num-sp
08-13 17:06:25.039 I/ReactNativeJS(21809):         #2  TMC 02 The Man Who Died Twice                           likely   alb.name-num-sp
08-13 17:06:25.039 I/ReactNativeJS(21809):         #3  TMC 03 The Bullet That Missed                           likely   alb.name-num-sp
08-13 17:06:25.040 I/ReactNativeJS(21809): [series] "Cerulean Chronicles"  2 books  (existing)
08-13 17:06:25.040 I/ReactNativeJS(21809):         #1  Cerulean Chronicles 01 - The House in the Cerulean Sea  certain  tag.extra.SERIES alb.name-num-dash
08-13 17:06:25.040 I/ReactNativeJS(21809):         #2  Cerulean Chronicles 02 - Somewhere Beyond the Sea       certain  tag.extra.SERIES alb.name-num-dash
08-13 17:06:25.042 I/ReactNativeJS(21809): [series] "Kingkiller Chronicle"  2 books  (existing)
08-13 17:06:25.042 I/ReactNativeJS(21809):         #1  Kingkiller Chronicle 01 The Name of the Wind            likely   alb.name-num-sp
08-13 17:06:25.042 I/ReactNativeJS(21809):         #2  Kingkiller Chronicle 02 The Wise Man's Fear             likely   alb.name-num-sp
08-13 17:06:25.043 I/ReactNativeJS(21809): [series] "Red Rising"  2 books  (existing)
08-13 17:06:25.043 I/ReactNativeJS(21809):         #5  Red Rising, Book 5 - Dark Age                           likely   alb.series-book-n
08-13 17:06:25.043 I/ReactNativeJS(21809):         #6  Light Bringer: Red Rising, Book 6                       likely   alb.book-suffix
08-13 17:06:25.044 I/ReactNativeJS(21809): [series] "Shadow of the Leviathan"  2 books  (existing)
08-13 17:06:25.044 I/ReactNativeJS(21809):         #2  A Drop of Corruption                                    certain  tag.extra.SERIES tag.Grouping+num
08-13 17:06:25.044 I/ReactNativeJS(21809):         #3  A Trade of Blood                                        certain  tag.extra.SERIES
08-13 17:06:25.046 I/ReactNativeJS(21809): [series] detection (conservative): 354 units → 24 series, 202 books placed · created 0 (0 rows) · inserted 0 · removed 0 · skipped 0 · 170ms
08-13 17:20:47.580 I/ReactNativeJS(21809): [RevenueCat] Purchases instance already set with the same configuration. Ignoring duplicate call.
08-13 17:20:47.581 D/ReactNativeJS(21809): [RevenueCat] ℹ️ Listener set
08-13 17:20:47.936 D/ReactNativeJS(21809): [RevenueCat] Retrieving customer info with policy: CACHED_OR_FETCHED
08-13 17:20:47.938 D/ReactNativeJS(21809): [RevenueCat] ℹ️ Vending CustomerInfo from cache.
08-13 17:20:47.939 D/ReactNativeJS(21809): [RevenueCat] ℹ️ Checking if cache is stale AppInBackground false
08-13 17:20:47.940 D/ReactNativeJS(21809): [RevenueCat] ℹ️ CustomerInfo cache is stale, updating from network in foreground.
08-13 17:20:47.940 D/ReactNativeJS(21809): [RevenueCat] ℹ️ Updating pending purchase queue
08-13 17:20:47.941 I/ReactNativeJS(21809): Player was already initialized.
08-13 17:20:47.944 D/ReactNativeJS(21809): [RevenueCat] ℹ️ Querying purchases
08-13 17:20:48.051 D/ReactNativeJS(21809): [RevenueCat] ℹ️ Purchase of type INAPP with hash +kORLy46FojrPu9U/FL3iTpN9E4=
08-13 17:20:48.052 D/ReactNativeJS(21809): [RevenueCat] ℹ️ Cleaning previously sent tokens
08-13 17:20:48.053 D/ReactNativeJS(21809): [RevenueCat] ℹ️ Tokens already posted: [+kORLy46FojrPu9U/FL3iTpN9E4=]
08-13 17:20:48.054 D/ReactNativeJS(21809): [RevenueCat] ℹ️ Saving tokens [+kORLy46FojrPu9U/FL3iTpN9E4=]
08-13 17:20:48.055 D/ReactNativeJS(21809): [RevenueCat] ℹ️ Tokens already posted: [+kORLy46FojrPu9U/FL3iTpN9E4=]
08-13 17:20:48.056 D/ReactNativeJS(21809): [RevenueCat] ℹ️ Vending Offerings from cache
08-13 17:20:48.057 D/ReactNativeJS(21809): [RevenueCat] ℹ️ No pending purchases to sync
08-13 17:20:48.057 D/ReactNativeJS(21809): [RevenueCat] ℹ️ Checking if cache is stale AppInBackground false
08-13 17:20:48.058 D/ReactNativeJS(21809): [RevenueCat] ℹ️ Offerings cache is stale, updating from network in foreground
08-13 17:20:48.059 D/ReactNativeJS(21809): [RevenueCat] 😻 Start Offerings update from network.
08-13 17:20:48.060 D/ReactNativeJS(21809): [RevenueCat] Request already scheduled with jitter delay, adding existing callbacks to unjittered request with key: BackgroundAwareCallbackCacheKey(cacheKey=[/v1/subscribers/%24RCAnonymousID%3Af4691cd67c7e45b48f2dac3df575d179], appInBackground=false)
08-13 17:20:48.061 D/ReactNativeJS(21809): [RevenueCat] Request already scheduled with jitter delay, adding existing callbacks to unjittered request with key: BackgroundAwareCallbackCacheKey(cacheKey=[/v1/subscribers/%24RCAnonymousID%3Af4691cd67c7e45b48f2dac3df575d179/offerings], appInBackground=false)
08-13 17:20:48.647 D/ReactNativeJS(21809): [RevenueCat] API request started: GET /v1/subscribers/%24RCAnonymousID%3Af4691cd67c7e45b48f2dac3df575d179
08-13 17:20:48.649 D/ReactNativeJS(21809): [RevenueCat] API request completed with status: GET /v1/subscribers/%24RCAnonymousID%3Af4691cd67c7e45b48f2dac3df575d179 304
08-13 17:20:48.655 D/ReactNativeJS(21809): [RevenueCat] 😻 CustomerInfo updated from network.
08-13 17:20:49.041 D/ReactNativeJS(21809): [RevenueCat] API request started: GET /v1/subscribers/%24RCAnonymousID%3Af4691cd67c7e45b48f2dac3df575d179/offerings
08-13 17:20:49.042 D/ReactNativeJS(21809): [RevenueCat] API request completed with status: GET /v1/subscribers/%24RCAnonymousID%3Af4691cd67c7e45b48f2dac3df575d179/offerings 304
08-13 17:20:49.043 D/ReactNativeJS(21809): [RevenueCat] ℹ️ Requesting products from the store with identifiers: pro
08-13 17:20:49.044 D/ReactNativeJS(21809): [RevenueCat] ℹ️ Products request finished for pro
08-13 17:20:49.045 D/ReactNativeJS(21809): [RevenueCat] 💰 Retrieved productDetailsList: 
08-13 17:20:49.046 I/ReactNativeJS(21809): [RevenueCat] ℹ️ Missing productDetails: UnfetchedProduct{productId='pro', productType='subs', statusCode=3}
08-13 17:20:49.047 I/ReactNativeJS(21809): [RevenueCat] ℹ️ Product not found: pro - Product Type: subs, Reason: PRODUCT_NOT_FOUND, Serialized doc ID: 
08-13 17:20:49.047 D/ReactNativeJS(21809): [RevenueCat] ℹ️ Requesting products from the store with identifiers: pro
08-13 17:20:49.048 D/ReactNativeJS(21809): [RevenueCat] ℹ️ Products request finished for pro
08-13 17:20:49.049 D/ReactNativeJS(21809): [RevenueCat] 💰 Retrieved productDetailsList: ProductDetails{jsonString='{"productId":"pro","type":"inapp","title":"Pro (Sonicbooks)","name":"Pro","description":"One time payment grants a lifetime subscription to access all Pro features.","localizedIn":["en-US"],"skuDetailsToken":"AEuhp4LSSLdWVtQ3I3LuaRO_5v5R66J705j4hi7Nc_Sj3Pc538X1tp4y0vX3sU4GVC2zoon405-F_Aw=","oneTimePurchaseOfferDetails":{},"oneTimePurchaseOfferDetailsList":[{"priceAmountMicros":3990000,"priceCurrencyCode":"USD","formattedPrice":"$3.99","offerIdToken":"AXW7mMtmSb18y4Wwv4t1Uqt18ejthC1psw+uv\/OGOMUJ2T3DRsopHFuR\/jPsp0SEYtUaAxma8g==","purchaseOptionId":"pro","offerTags":[]}]}', parsedJson={"productId":"pro","type":"inapp","title":"Pro (Sonicbooks)","name":"Pro","description":"One time payment grants a lifetime subscription to access all Pro features.","localizedIn":["en-US"],"skuDetailsToken":"AEuhp4LSSLdWVtQ3I3LuaRO_5v5R66J705j4hi7Nc_Sj3Pc538X1tp4y0vX3sU4GVC2zoon405-F_Aw=","oneTimePurchaseOfferDetails":{},"oneTimePurchaseOfferDetailsList":[{"priceAmountMicros":3990000,"priceCurrencyCode":"USD","formattedPrice":"$3.99","offerIdToken":"AXW7mMtmSb18y4Wwv4t1Uqt18ejthC1psw+uv\/OGOMUJ2T3DRsopHFuR\/jPsp0SEYtUaAxma8g==","purchaseOptionId":"pro","offerTags":[]}]}, productId='pro', productType='inapp', title='Pro (Sonicbooks)', productDetailsToken='AEuhp4LSSLdWVtQ3I3LuaRO_5v5R66J705j4hi7Nc_Sj3Pc538X1tp4y0vX3sU4GVC2zoon405-F_Aw=', subscriptionOfferDetails=null}
08-13 17:20:49.050 D/ReactNativeJS(21809): [RevenueCat] 💰 pro - ProductDetails{jsonString='{"productId":"pro","type":"inapp","title":"Pro (Sonicbooks)","name":"Pro","description":"One time payment grants a lifetime subscription to access all Pro features.","localizedIn":["en-US"],"skuDetailsToken":"AEuhp4LSSLdWVtQ3I3LuaRO_5v5R66J705j4hi7Nc_Sj3Pc538X1tp4y0vX3sU4GVC2zoon405-F_Aw=","oneTimePurchaseOfferDetails":{},"oneTimePurchaseOfferDetailsList":[{"priceAmountMicros":3990000,"priceCurrencyCode":"USD","formattedPrice":"$3.99","offerIdToken":"AXW7mMtmSb18y4Wwv4t1Uqt18ejthC1psw+uv\/OGOMUJ2T3DRsopHFuR\/jPsp0SEYtUaAxma8g==","purchaseOptionId":"pro","offerTags":[]}]}', parsedJson={"productId":"pro","type":"inapp","title":"Pro (Sonicbooks)","name":"Pro","description":"One time payment grants a lifetime subscription to access all Pro features.","localizedIn":["en-US"],"skuDetailsToken":"AEuhp4LSSLdWVtQ3I3LuaRO_5v5R66J705j4hi7Nc_Sj3Pc538X1tp4y0vX3sU4GVC2zoon405-F_Aw=","oneTimePurchaseOfferDetails":{},"oneTimePurchaseOfferDetailsList":[{"priceAmountMicros":3990000,"priceCurrencyCode":"USD","formattedPrice":"$3.99","offerIdToken":"AXW7mMtmSb18y4Wwv4t1Uqt18ejthC1psw+uv\/OGOMUJ2T3DRsopHFuR\/jPsp0SEYtUaAxma8g==","purchaseOptionId":"pro","offerTags":[]}]}, productId='pro', productType='inapp', title='Pro (Sonicbooks)', productDetailsToken='AEuhp4LSSLdWVtQ3I3LuaRO_5v5R66J705j4hi7Nc_Sj3Pc538X1tp4y0vX3sU4GVC2zoon405-F_Aw=', subscriptionOfferDetails=null}
08-13 17:20:49.051 D/ReactNativeJS(21809): [RevenueCat] ℹ️ Building offerings response with 1 products
08-13 17:20:49.052 D/ReactNativeJS(21809): [RevenueCat] OfferingImagePreDownloader: starting image download
08-13 17:20:49.053 D/ReactNativeJS(21809): [RevenueCat] Pre-downloading Paywall V2 image: https://assets.pawwalls.com/1370130_low_res_1769842758_6d7ae17c.webp
08-13 17:20:49.054 D/ReactNativeJS(21809): [RevenueCat] Pre-downloading Paywall V2 image: https://icons.pawwalls.com/check.webp
08-13 17:20:51.553 I/ReactNativeJS(21809): [RevenueCat] Purchases instance already set with the same configuration. Ignoring duplicate call.
08-13 17:20:51.553 D/ReactNativeJS(21809): [RevenueCat] ℹ️ Listener set
08-13 17:20:51.873 D/ReactNativeJS(21809): [RevenueCat] Retrieving customer info with policy: CACHED_OR_FETCHED
08-13 17:20:51.874 D/ReactNativeJS(21809): [RevenueCat] ℹ️ Vending CustomerInfo from cache.
08-13 17:20:51.875 D/ReactNativeJS(21809): [RevenueCat] ℹ️ Checking if cache is stale AppInBackground false
08-13 17:20:51.877 I/ReactNativeJS(21809): Player was already initialized.
08-13 17:20:52.028 D/ReactNativeJS(21809): [RevenueCat] ℹ️ Vending Offerings from cache
08-13 17:20:52.029 D/ReactNativeJS(21809): [RevenueCat] ℹ️ Checking if cache is stale AppInBackground false
08-13 17:20:56.519 I/ReactNativeJS(21809): [RevenueCat] Purchases instance already set with the same configuration. Ignoring duplicate call.
08-13 17:20:56.520 D/ReactNativeJS(21809): [RevenueCat] ℹ️ Listener set
08-13 17:20:56.935 D/ReactNativeJS(21809): [RevenueCat] Retrieving customer info with policy: CACHED_OR_FETCHED
08-13 17:20:56.938 D/ReactNativeJS(21809): [RevenueCat] ℹ️ Vending CustomerInfo from cache.
08-13 17:20:56.938 D/ReactNativeJS(21809): [RevenueCat] ℹ️ Checking if cache is stale AppInBackground false
08-13 17:20:56.939 I/ReactNativeJS(21809): Player was already initialized.
08-13 17:20:57.018 D/ReactNativeJS(21809): [RevenueCat] ℹ️ Vending Offerings from cache
08-13 17:20:57.029 D/ReactNativeJS(21809): [RevenueCat] ℹ️ Checking if cache is stale AppInBackground false
--------- beginning of main
08-13 17:20:47.580 I/ReactNativeJS(21809): [RevenueCat] Purchases instance already set with the same configuration. Ignoring duplicate call.
08-13 17:20:47.581 D/ReactNativeJS(21809): [RevenueCat] ℹ️ Listener set
08-13 17:20:47.936 D/ReactNativeJS(21809): [RevenueCat] Retrieving customer info with policy: CACHED_OR_FETCHED
08-13 17:20:47.938 D/ReactNativeJS(21809): [RevenueCat] ℹ️ Vending CustomerInfo from cache.
08-13 17:20:47.939 D/ReactNativeJS(21809): [RevenueCat] ℹ️ Checking if cache is stale AppInBackground false
08-13 17:20:47.940 D/ReactNativeJS(21809): [RevenueCat] ℹ️ CustomerInfo cache is stale, updating from network in foreground.
08-13 17:20:47.940 D/ReactNativeJS(21809): [RevenueCat] ℹ️ Updating pending purchase queue
08-13 17:20:47.941 I/ReactNativeJS(21809): Player was already initialized.
08-13 17:20:47.944 D/ReactNativeJS(21809): [RevenueCat] ℹ️ Querying purchases
08-13 17:20:48.051 D/ReactNativeJS(21809): [RevenueCat] ℹ️ Purchase of type INAPP with hash +kORLy46FojrPu9U/FL3iTpN9E4=
08-13 17:20:48.052 D/ReactNativeJS(21809): [RevenueCat] ℹ️ Cleaning previously sent tokens
08-13 17:20:48.053 D/ReactNativeJS(21809): [RevenueCat] ℹ️ Tokens already posted: [+kORLy46FojrPu9U/FL3iTpN9E4=]
08-13 17:20:48.054 D/ReactNativeJS(21809): [RevenueCat] ℹ️ Saving tokens [+kORLy46FojrPu9U/FL3iTpN9E4=]
08-13 17:20:48.055 D/ReactNativeJS(21809): [RevenueCat] ℹ️ Tokens already posted: [+kORLy46FojrPu9U/FL3iTpN9E4=]
08-13 17:20:48.056 D/ReactNativeJS(21809): [RevenueCat] ℹ️ Vending Offerings from cache
08-13 17:20:48.057 D/ReactNativeJS(21809): [RevenueCat] ℹ️ No pending purchases to sync
08-13 17:20:48.057 D/ReactNativeJS(21809): [RevenueCat] ℹ️ Checking if cache is stale AppInBackground false
08-13 17:20:48.058 D/ReactNativeJS(21809): [RevenueCat] ℹ️ Offerings cache is stale, updating from network in foreground
08-13 17:20:48.059 D/ReactNativeJS(21809): [RevenueCat] 😻 Start Offerings update from network.
08-13 17:20:48.060 D/ReactNativeJS(21809): [RevenueCat] Request already scheduled with jitter delay, adding existing callbacks to unjittered request with key: BackgroundAwareCallbackCacheKey(cacheKey=[/v1/subscribers/%24RCAnonymousID%3Af4691cd67c7e45b48f2dac3df575d179], appInBackground=false)
08-13 17:20:48.061 D/ReactNativeJS(21809): [RevenueCat] Request already scheduled with jitter delay, adding existing callbacks to unjittered request with key: BackgroundAwareCallbackCacheKey(cacheKey=[/v1/subscribers/%24RCAnonymousID%3Af4691cd67c7e45b48f2dac3df575d179/offerings], appInBackground=false)
08-13 17:20:48.647 D/ReactNativeJS(21809): [RevenueCat] API request started: GET /v1/subscribers/%24RCAnonymousID%3Af4691cd67c7e45b48f2dac3df575d179
08-13 17:20:48.649 D/ReactNativeJS(21809): [RevenueCat] API request completed with status: GET /v1/subscribers/%24RCAnonymousID%3Af4691cd67c7e45b48f2dac3df575d179 304
08-13 17:20:48.655 D/ReactNativeJS(21809): [RevenueCat] 😻 CustomerInfo updated from network.
08-13 17:20:49.041 D/ReactNativeJS(21809): [RevenueCat] API request started: GET /v1/subscribers/%24RCAnonymousID%3Af4691cd67c7e45b48f2dac3df575d179/offerings
08-13 17:20:49.042 D/ReactNativeJS(21809): [RevenueCat] API request completed with status: GET /v1/subscribers/%24RCAnonymousID%3Af4691cd67c7e45b48f2dac3df575d179/offerings 304
08-13 17:20:49.043 D/ReactNativeJS(21809): [RevenueCat] ℹ️ Requesting products from the store with identifiers: pro
08-13 17:20:49.044 D/ReactNativeJS(21809): [RevenueCat] ℹ️ Products request finished for pro
08-13 17:20:49.045 D/ReactNativeJS(21809): [RevenueCat] 💰 Retrieved productDetailsList: 
08-13 17:20:49.046 I/ReactNativeJS(21809): [RevenueCat] ℹ️ Missing productDetails: UnfetchedProduct{productId='pro', productType='subs', statusCode=3}
08-13 17:20:49.047 I/ReactNativeJS(21809): [RevenueCat] ℹ️ Product not found: pro - Product Type: subs, Reason: PRODUCT_NOT_FOUND, Serialized doc ID: 
08-13 17:20:49.047 D/ReactNativeJS(21809): [RevenueCat] ℹ️ Requesting products from the store with identifiers: pro
08-13 17:20:49.048 D/ReactNativeJS(21809): [RevenueCat] ℹ️ Products request finished for pro
08-13 17:20:49.049 D/ReactNativeJS(21809): [RevenueCat] 💰 Retrieved productDetailsList: ProductDetails{jsonString='{"productId":"pro","type":"inapp","title":"Pro (Sonicbooks)","name":"Pro","description":"One time payment grants a lifetime subscription to access all Pro features.","localizedIn":["en-US"],"skuDetailsToken":"AEuhp4LSSLdWVtQ3I3LuaRO_5v5R66J705j4hi7Nc_Sj3Pc538X1tp4y0vX3sU4GVC2zoon405-F_Aw=","oneTimePurchaseOfferDetails":{},"oneTimePurchaseOfferDetailsList":[{"priceAmountMicros":3990000,"priceCurrencyCode":"USD","formattedPrice":"$3.99","offerIdToken":"AXW7mMtmSb18y4Wwv4t1Uqt18ejthC1psw+uv\/OGOMUJ2T3DRsopHFuR\/jPsp0SEYtUaAxma8g==","purchaseOptionId":"pro","offerTags":[]}]}', parsedJson={"productId":"pro","type":"inapp","title":"Pro (Sonicbooks)","name":"Pro","description":"One time payment grants a lifetime subscription to access all Pro features.","localizedIn":["en-US"],"skuDetailsToken":"AEuhp4LSSLdWVtQ3I3LuaRO_5v5R66J705j4hi7Nc_Sj3Pc538X1tp4y0vX3sU4GVC2zoon405-F_Aw=","oneTimePurchaseOfferDetails":{},"oneTimePurchaseOfferDetailsList":[{"priceAmountMicros":3990000,"priceCurrencyCode":"USD","formattedPrice":"$3.99","offerIdToken":"AXW7mMtmSb18y4Wwv4t1Uqt18ejthC1psw+uv\/OGOMUJ2T3DRsopHFuR\/jPsp0SEYtUaAxma8g==","purchaseOptionId":"pro","offerTags":[]}]}, productId='pro', productType='inapp', title='Pro (Sonicbooks)', productDetailsToken='AEuhp4LSSLdWVtQ3I3LuaRO_5v5R66J705j4hi7Nc_Sj3Pc538X1tp4y0vX3sU4GVC2zoon405-F_Aw=', subscriptionOfferDetails=null}
08-13 17:20:49.050 D/ReactNativeJS(21809): [RevenueCat] 💰 pro - ProductDetails{jsonString='{"productId":"pro","type":"inapp","title":"Pro (Sonicbooks)","name":"Pro","description":"One time payment grants a lifetime subscription to access all Pro features.","localizedIn":["en-US"],"skuDetailsToken":"AEuhp4LSSLdWVtQ3I3LuaRO_5v5R66J705j4hi7Nc_Sj3Pc538X1tp4y0vX3sU4GVC2zoon405-F_Aw=","oneTimePurchaseOfferDetails":{},"oneTimePurchaseOfferDetailsList":[{"priceAmountMicros":3990000,"priceCurrencyCode":"USD","formattedPrice":"$3.99","offerIdToken":"AXW7mMtmSb18y4Wwv4t1Uqt18ejthC1psw+uv\/OGOMUJ2T3DRsopHFuR\/jPsp0SEYtUaAxma8g==","purchaseOptionId":"pro","offerTags":[]}]}', parsedJson={"productId":"pro","type":"inapp","title":"Pro (Sonicbooks)","name":"Pro","description":"One time payment grants a lifetime subscription to access all Pro features.","localizedIn":["en-US"],"skuDetailsToken":"AEuhp4LSSLdWVtQ3I3LuaRO_5v5R66J705j4hi7Nc_Sj3Pc538X1tp4y0vX3sU4GVC2zoon405-F_Aw=","oneTimePurchaseOfferDetails":{},"oneTimePurchaseOfferDetailsList":[{"priceAmountMicros":3990000,"priceCurrencyCode":"USD","formattedPrice":"$3.99","offerIdToken":"AXW7mMtmSb18y4Wwv4t1Uqt18ejthC1psw+uv\/OGOMUJ2T3DRsopHFuR\/jPsp0SEYtUaAxma8g==","purchaseOptionId":"pro","offerTags":[]}]}, productId='pro', productType='inapp', title='Pro (Sonicbooks)', productDetailsToken='AEuhp4LSSLdWVtQ3I3LuaRO_5v5R66J705j4hi7Nc_Sj3Pc538X1tp4y0vX3sU4GVC2zoon405-F_Aw=', subscriptionOfferDetails=null}
08-13 17:20:49.051 D/ReactNativeJS(21809): [RevenueCat] ℹ️ Building offerings response with 1 products
08-13 17:20:49.052 D/ReactNativeJS(21809): [RevenueCat] OfferingImagePreDownloader: starting image download
08-13 17:20:49.053 D/ReactNativeJS(21809): [RevenueCat] Pre-downloading Paywall V2 image: https://assets.pawwalls.com/1370130_low_res_1769842758_6d7ae17c.webp
08-13 17:20:49.054 D/ReactNativeJS(21809): [RevenueCat] Pre-downloading Paywall V2 image: https://icons.pawwalls.com/check.webp
08-13 17:20:51.553 I/ReactNativeJS(21809): [RevenueCat] Purchases instance already set with the same configuration. Ignoring duplicate call.
08-13 17:20:51.553 D/ReactNativeJS(21809): [RevenueCat] ℹ️ Listener set
08-13 17:20:51.873 D/ReactNativeJS(21809): [RevenueCat] Retrieving customer info with policy: CACHED_OR_FETCHED
08-13 17:20:51.874 D/ReactNativeJS(21809): [RevenueCat] ℹ️ Vending CustomerInfo from cache.
08-13 17:20:51.875 D/ReactNativeJS(21809): [RevenueCat] ℹ️ Checking if cache is stale AppInBackground false
08-13 17:20:51.877 I/ReactNativeJS(21809): Player was already initialized.
08-13 17:20:52.028 D/ReactNativeJS(21809): [RevenueCat] ℹ️ Vending Offerings from cache
08-13 17:20:52.029 D/ReactNativeJS(21809): [RevenueCat] ℹ️ Checking if cache is stale AppInBackground false
08-13 17:20:56.519 I/ReactNativeJS(21809): [RevenueCat] Purchases instance already set with the same configuration. Ignoring duplicate call.
08-13 17:20:56.520 D/ReactNativeJS(21809): [RevenueCat] ℹ️ Listener set
08-13 17:20:56.935 D/ReactNativeJS(21809): [RevenueCat] Retrieving customer info with policy: CACHED_OR_FETCHED
08-13 17:20:56.938 D/ReactNativeJS(21809): [RevenueCat] ℹ️ Vending CustomerInfo from cache.
08-13 17:20:56.938 D/ReactNativeJS(21809): [RevenueCat] ℹ️ Checking if cache is stale AppInBackground false
08-13 17:20:56.939 I/ReactNativeJS(21809): Player was already initialized.
08-13 17:20:57.018 D/ReactNativeJS(21809): [RevenueCat] ℹ️ Vending Offerings from cache
08-13 17:20:57.029 D/ReactNativeJS(21809): [RevenueCat] ℹ️ Checking if cache is stale AppInBackground false
